split,order_id,order_item_id,item_count,risk_first,risk,risk_delta,flag_first,flag,later_only_flag,different_other_features,same_other_21
test,acce194856392f074dbf9dada14d8d82,2,2,0.5831880171150907,0.6348729884845774,0.05168497136948669,True,True,False,8,False
test,9faeb9b2746b9d7526aef5acb08e2aa0,2,2,0.3897398368501126,0.6228538619670985,0.23311402511698587,False,True,True,0,True
test,688052146432ef8253587b930b01a06d,2,2,0.35158548151853386,0.6589250190721831,0.3073395375536493,False,True,True,12,False
test,68e48e68da1f50f7c5838ea75e3a20dd,2,4,0.43949373919724466,0.6478153287282469,0.20832158953100222,False,True,True,0,True
test,68e48e68da1f50f7c5838ea75e3a20dd,3,4,0.43949373919724466,0.672665831615879,0.23317209241863435,False,True,True,0,True
test,68e48e68da1f50f7c5838ea75e3a20dd,4,4,0.43949373919724466,0.672665831615879,0.23317209241863435,False,True,True,0,True
valid,ee0c5c649e17808bc4a363d3a80ebf85,2,2,0.4432483059807951,0.6163498095168631,0.173101503536068,True,True,False,0,True
valid,8eeda294fab8a5ed70259afb59a10ff8,2,2,0.36093072177123986,0.41843052723535334,0.057499805464113485,False,False,False,0,True
test,f4471dae8c482f51aa1826cd9f5d4433,2,2,0.6076399845454938,0.5534078209296405,-0.05423216361585337,True,True,False,12,False
test,90349f264a3d6a2525a34598d09dda6b,2,6,0.6101364102332332,0.6051101589725347,-0.005026251260698444,True,True,False,0,True
test,90349f264a3d6a2525a34598d09dda6b,3,6,0.6101364102332332,0.6471397284893634,0.037003318256130235,True,True,False,0,True
test,90349f264a3d6a2525a34598d09dda6b,4,6,0.6101364102332332,0.6471397284893634,0.037003318256130235,True,True,False,0,True
test,90349f264a3d6a2525a34598d09dda6b,5,6,0.6101364102332332,0.6471397284893634,0.037003318256130235,True,True,False,0,True
test,90349f264a3d6a2525a34598d09dda6b,6,6,0.6101364102332332,0.6471397284893634,0.037003318256130235,True,True,False,0,True
test,e69e2290db6b2d3b7593a40112e1a82a,2,2,0.39191663297572665,0.5838540343811492,0.1919374014054226,False,True,True,11,False
test,6d7de866a140b19d09e825b2a4e944c7,2,2,0.6428912168507126,0.6807511219456857,0.037859905094973056,True,True,False,0,True
test,1e8c81805b92ff169971231458670460,2,2,0.4067527649630308,0.6166011176952063,0.2098483527321755,False,True,True,0,True
valid,4d95703047b8a80cf5796b7478900ec7,2,2,0.4073061798850448,0.48373496758124246,0.07642878769619765,False,True,True,0,True
valid,b06112f703115e6d92f3baf4e2458a5a,2,2,0.30207262814013436,0.4178025217578626,0.11572989361772823,False,False,False,0,True
test,6f5a2dbe5ccce73a9d053a542baabd1c,2,2,0.3856805824310726,0.5550212453027028,0.1693406628716302,False,True,True,0,True
test,b52d29abb97a3978df1d8922bfe36fbe,2,2,0.4326665422511342,0.6105578427467643,0.17789130049563007,False,True,True,8,False
test,0ac645ddb846d1373321decb39c9956f,2,2,0.3978444658669664,0.5740937236862875,0.1762492578193211,False,True,True,0,True
valid,faa911f9ff46e53aedc9408c5d6a24ad,2,2,0.378189005615747,0.5692240497138874,0.19103504409814043,False,True,True,0,True
test,dcb4a1d21593a108db61f12a4b3d61db,2,2,0.3928921808750142,0.5976331150410648,0.20474093416605055,False,True,True,0,True
test,7753606fb1d0067848f8a1a7ae5abefa,2,2,0.46145944415887674,0.6140269963140128,0.15256755215513607,True,True,False,0,True
test,bcdbb3b243d4e882503b919785e2343f,2,5,0.450474230929369,0.6385721733232419,0.1880979423938729,True,True,False,0,True
test,bcdbb3b243d4e882503b919785e2343f,3,5,0.450474230929369,0.5893281975303946,0.13885396660102556,True,True,False,0,True
test,bcdbb3b243d4e882503b919785e2343f,4,5,0.450474230929369,0.5893281975303946,0.13885396660102556,True,True,False,0,True
test,bcdbb3b243d4e882503b919785e2343f,5,5,0.450474230929369,0.5852874485323727,0.1348132176030037,True,True,False,0,True
valid,b8bfafcbe46deea4900feeffb2d6afaf,2,2,0.4782757139676951,0.6352896259802009,0.1570139120125058,True,True,False,0,True
test,a98012aa8c697f2bcff9f8c2183e0f2b,2,5,0.588658254256097,0.7687253386505788,0.18006708439448182,True,True,False,0,True
test,a98012aa8c697f2bcff9f8c2183e0f2b,3,5,0.588658254256097,0.6086093089757547,0.019951054719657746,True,True,False,11,False
test,a98012aa8c697f2bcff9f8c2183e0f2b,4,5,0.588658254256097,0.7985318825186171,0.2098736282625201,True,True,False,0,True
test,a98012aa8c697f2bcff9f8c2183e0f2b,5,5,0.588658254256097,0.5514028037255521,-0.03725545053054491,True,True,False,14,False
test,d0d828105d7a6106d4b6cfd55607c278,2,2,0.46528114438984736,0.6461599133702145,0.18087876898036714,True,True,False,0,True
test,41de3b8bbb80e2cc80c8d446a752d2fb,2,2,0.4572165743778491,0.44884506838466953,-0.008371505993179595,True,True,False,0,True
test,fb4c699559386e0b6b970181177d99bd,2,3,0.48673848945715315,0.6389122303205347,0.15217374086338153,True,True,False,0,True
test,fb4c699559386e0b6b970181177d99bd,3,3,0.48673848945715315,0.6578126968902641,0.17107420743311097,True,True,False,0,True
test,38971812f1db9e4a30885e5574dcbe53,2,2,0.703592837816269,0.6565719154808802,-0.04702092233538879,True,True,False,13,False
test,db115077a7bd949a515922eb40aea6c3,2,2,0.4080615822762833,0.655481824015627,0.24742024173934374,False,True,True,10,False
test,443a73a22cd4e0078a47c275b358b786,2,2,0.44193081279694413,0.5143188950323967,0.07238808223545257,True,True,False,0,True
test,27a78fdbe7b915a0596af3a5803a41cb,2,2,0.4551367318591595,0.5801701028665049,0.12503337100734546,True,True,False,0,True
test,f9ca536e1ef897f153c183d72ba141bb,2,2,0.4128830649989639,0.5814012513831583,0.16851818638419447,False,True,True,1,False
test,7ebe19943d85e81a7b0eb108681276b7,2,2,0.49642399065667997,0.7062519329333166,0.2098279422766366,True,True,False,10,False
test,f396e1280028fa9c8c83111abee5f2e9,2,2,0.38752630992575254,0.74046612827997,0.3529398183542175,False,True,True,14,False
test,760312f5735ee281f01e56d5ddee05e3,2,2,0.5593637598167049,0.741918050815179,0.1825542909984741,True,True,False,4,False
test,9b2fa9acfe395734a133a58bcbfb9776,2,2,0.4281208375685954,0.620484932583728,0.19236409501513263,False,True,True,14,False
test,4652332a6a0d39960cdec082ef7b52b8,2,2,0.4449405374765163,0.5279777652191155,0.08303722774259925,True,True,False,0,True
test,38097aba0f729783af8bf48eabf5e496,2,3,0.405075730938413,0.5490277824195364,0.14395205148112344,False,True,True,0,True
test,38097aba0f729783af8bf48eabf5e496,3,3,0.405075730938413,0.567038882234923,0.16196315129651007,False,True,True,0,True
test,ef5b03340b5839974405018a62e03f29,2,2,0.5504649219783597,0.4883227027097572,-0.06214221926860253,True,True,False,0,True
valid,afffe744c625af23449137b8f832e630,2,3,0.4460837071218925,0.6290388219143257,0.1829551147924332,True,True,False,0,True
valid,afffe744c625af23449137b8f832e630,3,3,0.4460837071218925,0.6767116988565149,0.23062799173462245,True,True,False,0,True
valid,31ebb964e83b9262b17cf1583a3eb45f,2,2,0.5918155625514927,0.6864990120911443,0.09468344953965158,True,True,False,7,False
test,3a6be3906d26bffb0ee2c640eb2ac480,2,2,0.5146322824376206,0.6413109754560813,0.1266786930184607,True,True,False,5,False
test,19e234aee52e37132b0b4fcfb8465f88,2,2,0.41235150620884864,0.5794261193535419,0.1670746131446933,False,True,True,1,False
test,9e6bc602a2466daa94736f31d1319c5d,2,2,0.46003654239174585,0.588734402837247,0.12869786044550113,True,True,False,12,False
test,67d8f4eb477222d7b5b81daa8e007bdd,2,2,0.5668963243740244,0.5869848771894756,0.02008855281545119,True,True,False,0,True
test,bc9bd5e4ac265b0e6cac08b3019798eb,2,3,0.37370044489997944,0.563614445160926,0.1899140002609465,False,True,True,0,True
test,bc9bd5e4ac265b0e6cac08b3019798eb,3,3,0.37370044489997944,0.6099343763676117,0.23623393146763227,False,True,True,0,True
test,3821dc9ac1b25bed42324d0885b0a930,2,2,0.39393818604212716,0.5526881857598946,0.1587499997177675,False,True,True,0,True
test,c6094f6ab0c25eda761622ab09aa423d,2,2,0.42161245757253607,0.5913623775289469,0.16974991995641087,False,True,True,6,False
test,1a9a9700a3759028691f3af38138e3d8,2,2,0.3857829547747371,0.540828919874891,0.1550459651001539,False,True,True,0,True
valid,554ed79a85b56443912252c580b0ad02,2,2,0.4843065896558044,0.6052551110958095,0.12094852144000512,True,True,False,0,True
test,2f8b697ad1c74526e18a07acd7d7169b,2,2,0.5044127132198986,0.6370583941837298,0.13264568096383123,True,True,False,0,True
test,4941da6e1a4eef723674c7148152c4f6,2,2,0.45440178173538415,0.49030753514902947,0.035905753413645325,True,True,False,9,False
test,a6b58794fd2ba533359a76c08df576e3,2,2,0.4761592650438694,0.6408160248486952,0.16465675980482575,True,True,False,1,False
test,d8f1c1e598fd2b2e9e562c42782e0226,2,2,0.5435229077379952,0.5660735433383592,0.022550635600364077,True,True,False,0,True
test,ce3f08db12e92209931e4bff447392df,2,4,0.41847237050513586,0.6036612332522114,0.18518886274707558,False,True,True,4,False
test,ce3f08db12e92209931e4bff447392df,3,4,0.41847237050513586,0.5951513138203411,0.17667894331520528,False,True,True,0,True
test,ce3f08db12e92209931e4bff447392df,4,4,0.41847237050513586,0.6608490852272211,0.24237671472208522,False,True,True,7,False
test,1e51b2b229678b37addbfeb359d0e3ab,2,2,0.4386789093476069,0.593724782100675,0.15504587275306814,False,True,True,0,True
valid,c53b15af645d91a057ddba9d0e1f21c7,2,2,0.4969684066381964,0.6108333647506472,0.11386495811245079,True,True,False,0,True
valid,2804019a383c2bf8db7dde416cf663d2,2,2,0.43623347164654214,0.5684109556771424,0.13217748403060026,False,True,True,8,False
valid,1cbc5d1981e34d5c950e9418aa02217d,2,2,0.524149895604437,0.6325887009719695,0.10843880536753248,True,True,False,0,True
valid,4338e6bc70fcf731f6d799f56c66b6cb,2,2,0.5343591146035838,0.6763066692162347,0.14194755461265096,True,True,False,0,True
valid,2a142c0426781261c6ea8c07941a55a7,2,2,0.42883112060609807,0.4893246269416952,0.060493506335597136,False,True,True,0,True
valid,2f92b812fd7c7df5b629833c484cdf1d,2,2,0.31728192452561443,0.4697682738490411,0.15248634932342664,False,True,True,0,True
valid,2f7201b5d9baf4deb546eefab3b7125a,2,5,0.4759369038903797,0.6044439411967062,0.1285070373063265,True,True,False,0,True
valid,2f7201b5d9baf4deb546eefab3b7125a,3,5,0.4759369038903797,0.6302111119780467,0.154274208087667,True,True,False,0,True
valid,2f7201b5d9baf4deb546eefab3b7125a,4,5,0.4759369038903797,0.6302111119780467,0.154274208087667,True,True,False,0,True
valid,2f7201b5d9baf4deb546eefab3b7125a,5,5,0.4759369038903797,0.6302111119780467,0.154274208087667,True,True,False,0,True
test,ea974c4643d1f84570ee374ac0b44475,2,2,0.3625503278529456,0.6023326463706521,0.23978231851770648,False,True,True,0,True
test,04b7738ad5fbb213eeb7a2145bea8242,2,3,0.4246690306197881,0.5303813503453134,0.1057123197255253,False,True,True,4,False
test,04b7738ad5fbb213eeb7a2145bea8242,3,3,0.4246690306197881,0.6758558266715073,0.25118679605171923,False,True,True,11,False
test,26dbf6db0bc6942823fa21ef58e3ce4f,2,2,0.6206449422956143,0.6029476853218003,-0.01769725697381397,True,True,False,0,True
valid,9fc9a2d21f7cc6a9fad3431d2250ead7,2,2,0.404385541956635,0.5792249899895451,0.17483944803291007,False,True,True,12,False
valid,1f0ece120cc036379fc3b3bf6f930947,2,2,0.400404204106772,0.6526337899022399,0.25222958579546784,False,True,True,0,True
test,5e57ff5e1c008db89fac24b76655dbe1,2,2,0.39433064069489865,0.49964182559647785,0.1053111849015792,False,True,True,0,True
test,214a42323dd7ec45504d319315a1386b,2,2,0.37412885443274735,0.5240532127643451,0.14992435833159778,False,True,True,12,False
valid,fd86c80924b4be8fb7f58c4ecc680dae,2,2,0.43153763724576044,0.6562554117805184,0.22471777453475794,False,True,True,0,True
valid,73fc7af87114b39712e6da79b0a377eb,2,2,0.38117398672626446,0.49858521064050054,0.11741122391423608,False,True,True,0,True
test,f384f4edb05c390598d9010ea97f7f4e,2,2,0.42011943771096116,0.6451781067464992,0.22505866903553806,False,True,True,13,False
test,9165d656c399c6eac7a6a00dd6e02e7f,2,2,0.3852591219394683,0.5590971298899376,0.17383800795046933,False,True,True,0,True
test,5aa89bb7eb1a8dca4d70fcd37878c8a4,2,2,0.49438176022928226,0.5161392322910873,0.021757472061805005,True,True,False,14,False
valid,b7a098563d93a0a1f918772c24ca3831,2,3,0.30591841059615543,0.5250509434825591,0.21913253288640366,False,True,True,0,True
valid,b7a098563d93a0a1f918772c24ca3831,3,3,0.30591841059615543,0.5699961292704863,0.26407771867433083,False,True,True,0,True
test,b56499883923b712fb275ca6ee73bcbe,2,2,0.5170263556202994,0.6764819038096819,0.15945554818938246,True,True,False,0,True
valid,e48247404129e18919a1425efabcf422,2,2,0.3662024163787311,0.4843165963229439,0.1181141799442128,False,True,True,7,False
valid,afde85ca0156001aaeb789fe4747edda,2,2,0.3614417620039496,0.4338790016988633,0.07243723969491367,False,False,False,0,True
test,7dc27189eb855013011423a5dcac71c3,2,2,0.6186395969407825,0.6123418617850973,-0.0062977351556852135,True,True,False,0,True
test,b198d16d5ba1cbacf02b4d54728314fa,2,2,0.4462295618709282,0.6364216711567541,0.19019210928582586,True,True,False,0,True
valid,cfcdaec7ddcaf0a8ff1ef398575d9917,2,2,0.4910932553823436,0.49544079090797954,0.004347535525635937,True,True,False,9,False
test,ee6f7abb8cf6ea119dbd09f8cf6acbfe,2,2,0.5591672152602396,0.6068944042435287,0.04772718898328909,True,True,False,9,False
valid,b77ffad8b6c7bb5dedfb6a61f8e7cf57,2,2,0.46482779876437796,0.6116222113589974,0.14679441259461945,True,True,False,0,True
valid,a56f9a0588c3c7aaaa93f193bd7c7cd3,2,3,0.4799626575823457,0.5804522626181616,0.10048960503581594,True,True,False,0,True
valid,a56f9a0588c3c7aaaa93f193bd7c7cd3,3,3,0.4799626575823457,0.5642544770812475,0.08429181949890185,True,True,False,0,True
valid,aa2827fbde8f383ae9baf1184f74db87,2,2,0.33063115788661535,0.390443704638187,0.05981254675157166,False,False,False,0,True
valid,fa9832914e7afeaf41fc9fbda5ca335f,2,2,0.527190454331422,0.5221027234824445,-0.005087730848977512,True,True,False,0,True
test,d32ec519c65a1661bb50020bda09194f,2,2,0.49615688099206756,0.6167059732625307,0.12054909227046318,True,True,False,0,True
test,7c7dc1f3affc0d38b97ea22a8aeedb82,2,2,0.44711590353034203,0.6172574096874393,0.17014150615709722,True,True,False,10,False
test,daa1c13dd8df972cbc97ca351c67f32b,2,2,0.5077137270795107,0.6455168622210063,0.13780313514149567,True,True,False,0,True
test,2a206d4997fedfb60455f2a06ae3028a,2,2,0.3868786608449286,0.535633977614582,0.14875531676965337,False,True,True,0,True
test,9988bc711d2d6fead4af40481ff5de63,2,2,0.4029063168640563,0.5792582730051066,0.17635195614105026,False,True,True,4,False
test,ea402ebc995cf3c736876cff354a896f,2,2,0.5435229077379952,0.5660735433383592,0.022550635600364077,True,True,False,0,True
test,f57b72afcc4b452e33507898aa140ff5,2,2,0.45443455981238046,0.638193555475532,0.18375899566315157,True,True,False,0,True
test,4b8267d1f715adb8eb69ac677662c100,2,2,0.43150779797199346,0.6757478964013603,0.2442400984293669,False,True,True,0,True
valid,ef2b686edd39d4c6b594040d43489f56,2,2,0.3398837462738641,0.473996597599444,0.13411285132557993,False,True,True,10,False
test,6127a28915c32d0c35b55f6ccc3f0c36,2,2,0.44875417579786847,0.5713013930901575,0.12254721729228901,True,True,False,0,True
test,643efaf4eddc8f0b4f71b1674c882fa4,2,2,0.5124864093002502,0.7113614334738981,0.19887502417364789,True,True,False,0,True
test,af2565178281d646f828c50111e00308,2,2,0.4790780038509018,0.6867439543220418,0.20766595047114,True,True,False,0,True
test,d2ae2653b9dbc7b50f11bf3e4001ec8e,2,2,0.4828248398771462,0.6030652873636798,0.12024044748653362,True,True,False,0,True
test,7cb67275a494651008ed5b1f0353ddce,2,2,0.4510284516362758,0.7064866795212101,0.25545822788493433,True,True,False,0,True
test,be6bc4cdcfc38b102553d294d1ba4725,2,2,0.4074638611864334,0.41074071059954376,0.00327684941311035,False,False,False,7,False
test,e1c7f4633671b4409b11c0779ecddff2,2,2,0.5172196703868394,0.7016973222888588,0.18447765190201948,True,True,False,0,True
test,6e60346a3ee3876c1e4bc89c597ffcb8,2,2,0.4818508365316527,0.6794478886712934,0.19759705213964063,True,True,False,9,False
test,f9c684af08dd580ce166558cc3c7d8ad,2,2,0.676625151584229,0.6236191018321533,-0.05300604975207568,True,True,False,0,True
test,e2be0c01adce5e35793cdc2970d774fc,2,2,0.4382838844547553,0.6487849922788353,0.21050110782408005,False,True,True,0,True
valid,331d08be3644402c007ee13cf7e21533,2,2,0.3836396274505329,0.3735552834682472,-0.010084343982285748,False,False,False,0,True
test,30300815be5e1666c028d3c07e86f847,2,2,0.4519861006874515,0.6615097871187674,0.20952368643131591,True,True,False,0,True
test,8b669c19c5b4dda001b9c7e14c8b0ce7,2,2,0.3954380550037099,0.4881499349139441,0.09271187991023422,False,True,True,0,True
test,9eb401aae2d502a73f4a27f97d3bebf5,2,3,0.4125068409091265,0.6189082763152988,0.20640143540617228,False,True,True,0,True
test,9eb401aae2d502a73f4a27f97d3bebf5,3,3,0.4125068409091265,0.5985383304279097,0.18603148951878323,False,True,True,0,True
valid,055336f2daf168319875b812d23de1d4,2,2,0.37158456795029127,0.4658130460503227,0.09422847810003143,False,True,True,0,True
test,628287e102c84327f95402d4670434d2,2,2,0.46457188140310435,0.5968877088289859,0.13231582742588155,True,True,False,0,True
test,cb418bb4b6115438d20b0141ed5bc9e0,2,2,0.5272702166438631,0.7300266723910145,0.2027564557471514,True,True,False,0,True
valid,7165aba369a4514fae50be36d6b5e592,2,2,0.36918793726439514,0.48142877795734373,0.1122408406929486,False,True,True,5,False
test,0711b9c575a5235790c3f863179c3267,2,3,0.4687657680544485,0.6628234496696611,0.19405768161521264,True,True,False,0,True
test,0711b9c575a5235790c3f863179c3267,3,3,0.4687657680544485,0.7061414282733979,0.2373756602189494,True,True,False,0,True
valid,e5b692a00119342b4412cf70919378bd,2,2,0.5753576149521861,0.7125715785360632,0.13721396358387716,True,True,False,0,True
test,56fdda0cb0aee560cd00b1a571dcb10f,2,2,0.3727004189173958,0.5264782402157442,0.15377782129834838,False,True,True,0,True
valid,846de1a3e7ca6bf29333e1db02040ab6,2,2,0.37227650065843976,0.42405380546660276,0.051777304808163005,False,False,False,0,True
test,0ba1dfa80ede726f98e36af9a418e437,2,2,0.3789213600188568,0.609380679741581,0.23045931972272427,False,True,True,0,True
test,ead893b6feb078f2a8f88787db56dcc7,2,2,0.4707190420520211,0.5682481748573308,0.09752913280530973,True,True,False,3,False
test,cd297c74672655559f2c22ea2a1550eb,2,3,0.5910807301518923,0.5838579822035573,-0.0072227479483349954,True,True,False,0,True
test,cd297c74672655559f2c22ea2a1550eb,3,3,0.5910807301518923,0.5837922572357566,-0.007288472916135769,True,True,False,0,True
test,862cca64868df4c3a3f0058a93aef465,2,2,0.5084591046621634,0.6174063153088318,0.10894721064666846,True,True,False,13,False
test,34b796020f4e844c32a2be513b713f4e,2,2,0.5284162330824402,0.6859442323277236,0.15752799924528338,True,True,False,0,True
valid,62fffe3cf205e0deb385d92481d3cb40,2,2,0.4541252394573331,0.5652430766557531,0.11111783719842006,True,True,False,0,True
test,9db4c3ce35bd9bdf6b8eb62c68eb4415,2,2,0.45223785484223233,0.6131215495781558,0.16088369473592345,True,True,False,4,False
test,1683815c34e20076a6b3a8b1fd3d8809,2,3,0.4946056236073386,0.6082390426257259,0.1136334190183873,True,True,False,4,False
test,1683815c34e20076a6b3a8b1fd3d8809,3,3,0.4946056236073386,0.6143284891807301,0.11972286557339151,True,True,False,4,False
valid,77e1d11cc4954b7a395f9ecba7edd397,2,2,0.31981209312434966,0.48327288227386,0.16346078914951034,False,True,True,8,False
valid,28cf49bbfe2683759d3cf866b7fda22f,2,6,0.6312490150444685,0.7159040567033433,0.08465504165887483,True,True,False,0,True
valid,28cf49bbfe2683759d3cf866b7fda22f,3,6,0.6312490150444685,0.7491378979505027,0.11788888290603416,True,True,False,0,True
valid,28cf49bbfe2683759d3cf866b7fda22f,4,6,0.6312490150444685,0.758488468614692,0.12723945357022348,True,True,False,0,True
valid,28cf49bbfe2683759d3cf866b7fda22f,5,6,0.6312490150444685,0.760881873266804,0.1296328582223355,True,True,False,0,True
valid,28cf49bbfe2683759d3cf866b7fda22f,6,6,0.6312490150444685,0.760881873266804,0.1296328582223355,True,True,False,0,True
test,257a853e3afe9bee83a67f4798e6db79,2,2,0.47258231148215657,0.6444608662526754,0.17187855477051883,True,True,False,0,True
test,0b0334d5ad01e008caafb19973bf1acb,2,3,0.496401300470672,0.6812582520340208,0.1848569515633488,True,True,False,0,True
test,0b0334d5ad01e008caafb19973bf1acb,3,3,0.496401300470672,0.6874169635885847,0.19101566311791274,True,True,False,0,True
valid,14f31f8bfd37cf6b1fa6a4aa6e94e930,2,2,0.45881084221252133,0.4967092940475144,0.037898451834993074,True,True,False,0,True
test,f2b00200fa3b427fee60eb4fa811720b,2,6,0.4774583134580468,0.6894214636351761,0.2119631501771293,True,True,False,0,True
test,f2b00200fa3b427fee60eb4fa811720b,3,6,0.4774583134580468,0.7295979258878116,0.2521396124297648,True,True,False,0,True
test,f2b00200fa3b427fee60eb4fa811720b,4,6,0.4774583134580468,0.7460845730742631,0.26862625961621633,True,True,False,0,True
test,f2b00200fa3b427fee60eb4fa811720b,5,6,0.4774583134580468,0.7460845730742631,0.26862625961621633,True,True,False,0,True
test,f2b00200fa3b427fee60eb4fa811720b,6,6,0.4774583134580468,0.7460845730742631,0.26862625961621633,True,True,False,0,True
test,ad2cb7174d08a12cbc905429e2027c96,2,2,0.5224264297373864,0.7549368105038017,0.23251038076641528,True,True,False,0,True
valid,9ab5644159baae7027369bff9c6890b1,2,2,0.37584925259868895,0.49929277956761586,0.12344352696892691,False,True,True,9,False
test,58fcb8ce8784213ace394e1427f50fb7,2,2,0.4591587234229928,0.6260286836578046,0.16686996023481182,True,True,False,0,True
test,eda1d5c35a11575cffaa3e0fa9d0cd5e,2,2,0.41332007200341814,0.5437034858192444,0.1303834138158263,False,True,True,0,True
test,c84cb424afdb4c6b771f39743b3716e0,2,2,0.5345395159864607,0.7504871167070425,0.21594760072058183,True,True,False,0,True
test,eb35492173c3951dc20f437e0f5baf8e,2,3,0.39642454456898724,0.5381507108609076,0.14172616629192036,False,True,True,0,True
test,eb35492173c3951dc20f437e0f5baf8e,3,3,0.39642454456898724,0.566674208535344,0.17024966396635677,False,True,True,0,True
valid,75782ab140cfc2ce9f07f0b6390e32c2,2,2,0.44680554261654426,0.5845362106822658,0.13773066806572154,True,True,False,0,True
test,6e3c8fe2572e4a01c43ef9970e59fef2,2,2,0.45720081577261307,0.7014383653776488,0.24423754960503574,True,True,False,10,False
valid,a4866dfc455353f48014a2b9a86608a2,2,2,0.6069204317218853,0.6901604431113691,0.08324001138948389,True,True,False,0,True
test,ab9a2911bde46933de19f0eef001d3d9,2,2,0.40348554109508694,0.5822110120966663,0.17872547100157932,False,True,True,1,False
valid,7117ea59ab9bdbf381b1a880eb25b07c,2,2,0.38896827053740946,0.4844992165640525,0.09553094602664303,False,True,True,0,True
valid,6b67ec6cfd19c0a30f91afb6bd431e8f,2,3,0.41809753347025547,0.5259770621266773,0.10787952865642181,False,True,True,0,True
valid,6b67ec6cfd19c0a30f91afb6bd431e8f,3,3,0.41809753347025547,0.5002125416960232,0.08211500822576778,False,True,True,0,True
test,effbc2be1e2eda5f0250adc2f307f346,2,2,0.45934583137447393,0.6301828553220018,0.17083702394752787,True,True,False,0,True
valid,f197897366a10204e289606b4838ea3c,2,2,0.46946505479318135,0.5879707237381346,0.11850566894495329,True,True,False,0,True
test,0d91fd5b8475f8f0576a6e8f90c6497d,2,3,0.3832381982938995,0.5431665502454612,0.15992835195156174,False,True,True,0,True
test,0d91fd5b8475f8f0576a6e8f90c6497d,3,3,0.3832381982938995,0.5277854517416587,0.1445472534477592,False,True,True,0,True
test,f05aaa145a323239764fc5948997db58,2,2,0.5791112680360186,0.4475941881155324,-0.13151707992048622,True,True,False,0,True
valid,30f98311688b9a0cc176d88c32b308d3,2,2,0.3779796880465949,0.6206508814101428,0.24267119336354792,False,True,True,15,False
valid,b8f95bd45718008c382f10f416a3581d,2,2,0.4375403144685118,0.5300988211346234,0.09255850666611154,False,True,True,0,True
test,a58784d285ddd015fd7bd46c9a067ce8,2,2,0.4468706267100232,0.5940726855766689,0.14720205886664572,True,True,False,0,True
test,df71ba0f02310921da0a5e4f708916a5,2,4,0.4667420371939147,0.6178760639567599,0.15113402676284515,True,True,False,6,False
test,df71ba0f02310921da0a5e4f708916a5,3,4,0.4667420371939147,0.6016637646348681,0.13492172744095343,True,True,False,7,False
test,df71ba0f02310921da0a5e4f708916a5,4,4,0.4667420371939147,0.6299896378645141,0.1632476006705994,True,True,False,1,False
test,2ce3c61f3add382691fcad6a04f52680,2,2,0.6365311356076923,0.590042049715242,-0.046489085892450266,True,True,False,8,False
valid,a47e9312f596497c7762dbfdf78eda29,2,2,0.3479342887472444,0.42026577294372736,0.07233148419648294,False,False,False,0,True
test,a21b149df8e6239ec1b4da7bb48f4deb,2,2,0.38149642798876526,0.5682223978451257,0.18672596985636047,False,True,True,0,True
valid,83ca3ab77b87118d0a71a84ddfc9e31e,2,2,0.3119145964443164,0.5316378055102002,0.21972320906588383,False,True,True,7,False
test,959d645c348f4b237daaec697cef73c4,2,3,0.4474478445095704,0.5587398657414682,0.11129202123189774,True,True,False,0,True
test,959d645c348f4b237daaec697cef73c4,3,3,0.4474478445095704,0.6151968528220347,0.1677490083124643,True,True,False,0,True
test,aa0b425987bdeae4a29c616a2bc3a08a,2,6,0.5253133396766644,0.555695965783737,0.030382626107072652,True,True,False,6,False
test,aa0b425987bdeae4a29c616a2bc3a08a,3,6,0.5253133396766644,0.5532210763670069,0.02790773669034252,True,True,False,6,False
test,aa0b425987bdeae4a29c616a2bc3a08a,4,6,0.5253133396766644,0.7900763650932656,0.26476302541660124,True,True,False,6,False
test,aa0b425987bdeae4a29c616a2bc3a08a,5,6,0.5253133396766644,0.5444263930079427,0.01911305333127833,True,True,False,6,False
test,aa0b425987bdeae4a29c616a2bc3a08a,6,6,0.5253133396766644,0.7192709717724884,0.19395763209582406,True,True,False,1,False
valid,a1ef4c97bec306560bd7bee5982310cc,2,4,0.42938207025862274,0.5605485486649495,0.13116647840632678,False,True,True,0,True
valid,a1ef4c97bec306560bd7bee5982310cc,3,4,0.42938207025862274,0.5584078934809661,0.12902582322234335,False,True,True,0,True
valid,a1ef4c97bec306560bd7bee5982310cc,4,4,0.42938207025862274,0.5554742577974678,0.1260921875388451,False,True,True,0,True
test,e130d3f737127ae52681b9338aea9b64,2,3,0.39821673167562976,0.5536582886363105,0.15544155696068074,False,True,True,0,True
test,e130d3f737127ae52681b9338aea9b64,3,3,0.39821673167562976,0.5959374938679187,0.19772076219228896,False,True,True,0,True
test,3343de372beb853bffdaa61da97a22aa,2,2,0.4972057243952124,0.6810975737737586,0.1838918493785462,True,True,False,0,True
test,23c0fb66f3afa483b302cc740b14f17b,2,2,0.3822705557003713,0.5449441183930693,0.16267356269269806,False,True,True,15,False
test,b3111cd50c7a34635433d6a557a6bf64,2,3,0.30902161145501506,0.5048938624750154,0.1958722510200004,False,True,True,0,True
test,b3111cd50c7a34635433d6a557a6bf64,3,3,0.30902161145501506,0.5559442669563003,0.24692265550128523,False,True,True,0,True
test,c3a3bb473dbe33079acc4b7f5a965196,2,2,0.24671376480762686,0.38678136692978693,0.14006760212216007,False,False,False,0,True
valid,dbffa5e34cf40fb7dc1292bd10d22971,2,2,0.41218442958405366,0.6162107940404318,0.20402636445637812,False,True,True,0,True
valid,8b21fb2df5ea38807dc254552c40cf84,2,2,0.4284384623494296,0.6025301002370107,0.17409163788758109,False,True,True,0,True
test,882106360eb7749193bf51b626d4d835,2,2,0.562321676187558,0.6476346101687052,0.08531293398114714,True,True,False,10,False
test,e44a2113e6f06206c4ae9134ab3f6074,2,2,0.36686213462270845,0.6498029846591338,0.28294085003642533,False,True,True,0,True
test,d47e5fbb24cade152dd968c93b0f0c66,2,2,0.38711554680867855,0.5270684688027483,0.13995292199406972,False,True,True,0,True
test,503b1d55537c749ca776d67d0d765cf9,2,2,0.41560447148880963,0.600867337331942,0.18526286584313234,False,True,True,0,True
valid,9c7950262e87089fd79aef7d4e4cd6e0,2,3,0.4235485850679799,0.6104322069979629,0.18688362192998298,False,True,True,0,True
valid,9c7950262e87089fd79aef7d4e4cd6e0,3,3,0.4235485850679799,0.6366901214156169,0.213141536347637,False,True,True,0,True
valid,d248ddd0378083cb6c2bc7b9881d37d4,2,2,0.5413349475679707,0.6154636616718139,0.07412871410384314,True,True,False,0,True
test,7877dbdb45b5fe2dcaa08551f96048a3,2,2,0.387411488606597,0.5984966045861604,0.21108511597956336,False,True,True,0,True
test,9b2d3a2e24dbac479d430298eb8905a6,2,2,0.3455138135305218,0.507458106715146,0.16194429318462422,False,True,True,11,False
valid,0a53864d69001a165085a6488ab75469,2,2,0.6090792445175566,0.7148409359464301,0.10576169142887348,True,True,False,12,False
test,b4d6bee8b34f0daf1309fc764051cce5,2,2,0.5130159215447678,0.5927570244047311,0.07974110285996328,True,True,False,1,False
test,7d8f5bfd5aff648220374a2df62e84d5,2,7,0.7305236339165702,0.7983529733320134,0.06782933941544322,True,True,False,7,False
test,7d8f5bfd5aff648220374a2df62e84d5,3,7,0.7305236339165702,0.8269367864764348,0.0964131525598646,True,True,False,7,False
test,7d8f5bfd5aff648220374a2df62e84d5,4,7,0.7305236339165702,0.7897256465727902,0.05920201265622005,True,True,False,1,False
test,7d8f5bfd5aff648220374a2df62e84d5,5,7,0.7305236339165702,0.7751633277830638,0.04463969386649369,True,True,False,6,False
test,7d8f5bfd5aff648220374a2df62e84d5,6,7,0.7305236339165702,0.8305349417856474,0.10001130786907719,True,True,False,7,False
test,7d8f5bfd5aff648220374a2df62e84d5,7,7,0.7305236339165702,0.7956904352532111,0.06516680133664099,True,True,False,4,False
test,995cb1fde464cb3683cf2902d8827a13,2,3,0.34890296813038835,0.5632121799865711,0.2143092118561828,False,True,True,0,True
test,995cb1fde464cb3683cf2902d8827a13,3,3,0.34890296813038835,0.5558999437303844,0.20699697559999608,False,True,True,0,True
test,665f27cd53c438276f8d03532bdaa047,2,2,0.45695328378452404,0.5127709373814032,0.05581765359687918,True,True,False,0,True
valid,c7d894c7be2eb461fb04d81e82f0814d,2,2,0.4559420114629914,0.5841389299510095,0.12819691848801806,True,True,False,0,True
test,176ada94dcc6f5fa6091d19a9d1fffde,2,2,0.4704346038550442,0.6321340973255256,0.1616994934704814,True,True,False,0,True
valid,183ee0e3ebd4c1c995e5f9ac2d950ee8,2,2,0.4727597469485989,0.566805425094369,0.09404567814577014,True,True,False,3,False
test,24385221c8f9f6a31323b73db64f869e,2,2,0.5064715234264201,0.6737687567909105,0.16729723336449043,True,True,False,0,True
test,1422a4b4a2aa8b66fd49ff5557200b42,2,3,0.4612820297859287,0.6698301642492575,0.20854813446332876,True,True,False,0,True
test,1422a4b4a2aa8b66fd49ff5557200b42,3,3,0.4612820297859287,0.7005331473695643,0.2392511175836356,True,True,False,0,True
test,04323742e042716e4427a5b3536ea08f,2,2,0.727556232317558,0.6438858240507692,-0.08367040826678873,True,True,False,0,True
valid,d233630561c3babf58e2ca3c0ca52bd2,2,2,0.5362185076077395,0.6798841550899193,0.1436656474821798,True,True,False,0,True
test,64b644100b812930de2286f0b999ece7,2,2,0.7070591910597701,0.7498148782768841,0.04275568721711398,True,True,False,0,True
valid,db60e917f3e707779a0efd2b52354951,2,2,0.5382512836808089,0.5054636035284812,-0.03278768015232769,True,True,False,6,False
test,b1526359b93e19d491c0eaa5b2c053ec,2,3,0.5596942841128203,0.7297648448788804,0.17007056076606009,True,True,False,0,True
test,b1526359b93e19d491c0eaa5b2c053ec,3,3,0.5596942841128203,0.7673958690985265,0.20770158498570623,True,True,False,0,True
test,50dca53ca33b739bef09e7933e8b380e,2,2,0.4872308780810136,0.6277114473569068,0.14048056927589314,True,True,False,0,True
test,278795fa6c02df5eb7e3549cf3722fdc,2,3,0.40087527231359854,0.5696418485436313,0.16876657623003277,False,True,True,0,True
test,278795fa6c02df5eb7e3549cf3722fdc,3,3,0.40087527231359854,0.6382471720694181,0.23737189975581952,False,True,True,0,True
test,6fcbcb1f955446e907a02e03b1808d25,2,3,0.699699303879155,0.536369514559756,-0.163329789319399,True,True,False,16,False
test,6fcbcb1f955446e907a02e03b1808d25,3,3,0.699699303879155,0.7464747832685321,0.046775479389377095,True,True,False,6,False
test,c21fcb36121a9b1c65eed7b20f0862bd,2,2,0.5505103292470304,0.7810937733851723,0.2305834441381419,True,True,False,12,False
test,2e2e5704a61134b26dfce687c6e56c8c,2,2,0.40082037860120145,0.6054756801908194,0.20465530158961798,False,True,True,5,False
valid,953e1e0627386608dd2ac2670d72950f,2,2,0.3395595181661395,0.45124534540586214,0.11168582723972265,False,True,True,0,True
valid,47dc3a1de5a0aec4323cdade0588655c,2,2,0.27069818117910815,0.4423959658853116,0.17169778470620345,False,True,True,10,False
valid,cb146a1049b500293d63495c05722085,2,2,0.3829199081437761,0.5610252471246778,0.17810533898090175,False,True,True,14,False
test,cddea1bd1a4801af96fb84aab51b00fa,2,2,0.5863190767138315,0.7248962178517959,0.13857714113796438,True,True,False,0,True
valid,43d0adacfa785ccb9e7544f2c82c5566,2,3,0.7797471650104594,0.7769790247375501,-0.0027681402729092808,True,True,False,0,True
valid,43d0adacfa785ccb9e7544f2c82c5566,3,3,0.7797471650104594,0.8164484081615246,0.036701243151065266,True,True,False,0,True
valid,fdde45331586a2e1145f846f3787feef,2,2,0.4882966287695334,0.5714644989018378,0.08316787013230442,True,True,False,0,True
test,fa9149f35155659eb319081d8e6f74af,2,2,0.38908725663801713,0.6366691874797393,0.2475819308417222,False,True,True,0,True
valid,87a5b73c9ee4b5b6148d301393dd72b2,2,2,0.3970217073512362,0.4873260093985732,0.09030430204733697,False,True,True,8,False
valid,b0cb5e1b222437d8ee177f463fbcf464,2,2,0.31905470317721574,0.39340541970251974,0.074350716525304,False,False,False,0,True
test,4fbef147dd3264b3b8764ea9ecdc462f,2,2,0.39116527177488625,0.5482927151296388,0.1571274433547526,False,True,True,0,True
valid,3b80f5f8f9c4664e52e228a8ce5752f9,2,2,0.44598328010781796,0.4813342848379034,0.035351004730085456,True,True,False,0,True
valid,b1d0fc0b53c9fe10e6b7c7f589c0a171,2,2,0.3720470807760331,0.5517143516186817,0.17966727084264855,False,True,True,0,True
test,422040395c164b8b5c0255af3c710646,2,2,0.48206227797257073,0.6899298806773893,0.20786760270481852,True,True,False,0,True
valid,9e22fb4a47d29059ef9689ca8b26d8b3,2,3,0.5372538228131616,0.6708495232824809,0.13359570046931935,True,True,False,5,False
valid,9e22fb4a47d29059ef9689ca8b26d8b3,3,3,0.5372538228131616,0.7071772628513593,0.1699234400381977,True,True,False,1,False
valid,70b35acffdf851e782ebf6fbc35eb620,2,2,0.45830971248187335,0.6199657345330356,0.16165602205116225,True,True,False,0,True
test,0f20a3721e8997ae2f771ec8cf0c4d3d,2,4,0.701435626049679,0.5515891088999391,-0.14984651714973996,True,True,False,9,False
test,0f20a3721e8997ae2f771ec8cf0c4d3d,3,4,0.701435626049679,0.6052581122679113,-0.09617751378176775,True,True,False,9,False
test,0f20a3721e8997ae2f771ec8cf0c4d3d,4,4,0.701435626049679,0.6071163017121379,-0.09431932433754109,True,True,False,9,False
test,c2320c404179d2b8805c42b8b8de9668,2,2,0.38266404781913954,0.578720883476104,0.1960568356569644,False,True,True,17,False
test,62310e6941dd333f0a8bfde5ec77d8c6,2,2,0.5189657745023987,0.7566645447887262,0.23769877028632758,True,True,False,0,True
test,4f1a1c6f6fbca0d084e77e3f74b37cf6,2,2,0.4181069507982118,0.5816538372837436,0.16354688648553184,False,True,True,9,False
valid,71e22e2d99081d6dc07d9627bb85969e,2,2,0.5370724190971876,0.47477920536152896,-0.06229321373565866,True,True,False,9,False
valid,70eaa52116958c2e734172d6ed51015e,2,2,0.45766327919670535,0.5678612171549369,0.11019793795823152,True,True,False,0,True
test,ec2273b08115c75a986b4ac62ef029d5,2,2,0.4321838364934335,0.5809003407340784,0.14871650424064486,False,True,True,0,True
valid,59b7819f031f8bb56e21aa5659649954,2,3,0.3355825318216551,0.46400021790336465,0.12841768608170956,False,True,True,0,True
valid,59b7819f031f8bb56e21aa5659649954,3,3,0.3355825318216551,0.4841700417043545,0.14858750988269942,False,True,True,0,True
valid,3755e498bba48053cdac758b05dfef7c,2,2,0.28482650802374854,0.3678664036773571,0.08303989565360859,False,False,False,0,True
test,b49fb5d1cf86975cf5a295431c278a33,2,2,0.39700535122442016,0.5441186132748352,0.14711326205041508,False,True,True,0,True
test,8a7096900fa8a063219b9edd1a9e5431,2,2,0.2728047692065877,0.49997715258293673,0.22717238337634904,False,True,True,4,False
test,0a72bb193c65199cdd69574aac533a83,2,2,0.4519559457729403,0.6570272420746057,0.20507129630166543,True,True,False,0,True
valid,c23b3b6e42c2d0fe2d6fad69e2b1f34f,2,2,0.517333455407935,0.6419497942376642,0.12461633882972922,True,True,False,0,True
valid,f49c0fbc31a71d739df8b7c13dd6ffd8,2,2,0.59492384976361,0.5993453140735986,0.004421464309988576,True,True,False,8,False
test,f9a4431b06162517b2bc2fbaf8f9645a,2,2,0.4636303164522454,0.587790910184134,0.12416059373188859,True,True,False,10,False
valid,a028a53499d56225d417f0561ea2c1a8,2,2,0.47674721817975974,0.5448607651463603,0.06811354696660055,True,True,False,0,True
test,4412d97cb2093633afa85f11db46316c,2,6,0.5757795966058068,0.7368559027070614,0.16107630610125456,True,True,False,7,False
test,4412d97cb2093633afa85f11db46316c,3,6,0.5757795966058068,0.7237611183990902,0.1479815217932834,True,True,False,8,False
test,4412d97cb2093633afa85f11db46316c,4,6,0.5757795966058068,0.7296769944462443,0.15389739784043754,True,True,False,8,False
test,4412d97cb2093633afa85f11db46316c,5,6,0.5757795966058068,0.772901991987721,0.19712239538191423,True,True,False,8,False
test,4412d97cb2093633afa85f11db46316c,6,6,0.5757795966058068,0.772901991987721,0.19712239538191423,True,True,False,7,False
test,0d24d62857c1f2d00801a3512dce5d1f,2,2,0.41670743322713977,0.6860456179424821,0.2693381847153423,False,True,True,0,True
valid,66810815fe0a68f5501d8cbe1472779d,2,2,0.5773089914028877,0.6798004643740931,0.10249147297120542,True,True,False,0,True
valid,f24e66cdbbf1d7e24f946efbc3b47bb3,2,3,0.436624616032541,0.5196191226444415,0.08299450661190055,False,True,True,0,True
valid,f24e66cdbbf1d7e24f946efbc3b47bb3,3,3,0.436624616032541,0.5690464786186182,0.13242186258607724,False,True,True,4,False
test,3783fa21a4b027e3da0b6b3db6e1dc3f,2,2,0.46825294206190704,0.5360577785537031,0.06780483649179603,True,True,False,0,True
valid,1e7bb5d072b8543a1c42507c4b5583eb,2,2,0.5127477787770349,0.5906489673384573,0.07790118856142236,True,True,False,0,True
valid,173cd9df6006351e8e5151ea0f400bd3,2,2,0.3961911058106896,0.3568856768257477,-0.03930542898494194,False,False,False,8,False
valid,979ec1f1f7bc95046f69f31d87b948d6,2,2,0.35672899698531113,0.4778876653496821,0.12115866836437095,False,True,True,3,False
test,3a73856e2f2c866a815c475a95832765,2,2,0.46513693676624834,0.6302821920244474,0.165145255258199,True,True,False,0,True
valid,b8edc6668eb315d1b730348cac5e9520,2,2,0.30894739088979306,0.3798122853324305,0.07086489444263744,False,False,False,0,True
valid,0df7ce137bbb12afe0a4e2643c6c43ee,2,3,0.7394288357802449,0.5922317658476729,-0.14719706993257198,True,True,False,0,True
valid,0df7ce137bbb12afe0a4e2643c6c43ee,3,3,0.7394288357802449,0.4655182372920873,-0.2739105984881576,True,True,False,8,False
valid,daf610999defe00407d9c3178f42b819,2,2,0.38609795680201686,0.4062007818843518,0.020102825082334963,False,False,False,0,True
valid,4c309580256bd11b9a9135a26a1a966b,2,2,0.3395048752844946,0.4859526264177815,0.1464477511332869,False,True,True,0,True
test,44c6a1e50425d53433d3d47e8026f4a6,2,2,0.5176678747937224,0.6038235627949636,0.08615568800124118,True,True,False,0,True
valid,0982c70ab125dee2e64f27e5aa2b4fb8,2,2,0.44840378077571186,0.5583738704295548,0.10997008965384292,True,True,False,1,False
valid,e129e9f89489497f919cd582bf75a0e7,2,2,0.43107916187274575,0.5913872987267544,0.1603081368540087,False,True,True,0,True
valid,c3d70740928cd09c703cb7cc29537cb6,2,2,0.5906748561884743,0.5971076707809557,0.006432814592481462,True,True,False,0,True
test,36750bfd3e70a5f8f95edf2e28f1d60e,2,2,0.352502454372576,0.5917499843142566,0.23924752994168064,False,True,True,6,False
test,9b8aaa74d468897a211fb359950937e5,2,2,0.5158801921674379,0.5749274991706312,0.05904730700319338,True,True,False,15,False
test,bdf6784b56b3ef6aee2c4a042e095f62,2,2,0.3316713351762691,0.5295889791226143,0.19791764394634515,False,True,True,0,True
valid,a245a32d07762c385b4620fd16bab160,2,2,0.3602840959001786,0.6488210853193521,0.2885369894191735,False,True,True,8,False
test,8af6d93e9fcfcf7b686b0cf6d0d84239,2,2,0.4122591496196838,0.6671159897607302,0.25485684014104637,False,True,True,8,False
test,e61fcab8b96de0335adf7fd562ebb869,2,3,0.40152504736228134,0.6182800083287454,0.21675496096646407,False,True,True,0,True
test,e61fcab8b96de0335adf7fd562ebb869,3,3,0.40152504736228134,0.6230644348386001,0.22153938747631874,False,True,True,0,True
test,8fba9dc7c5f7b23ea9de62eba08dcfdf,2,2,0.3495042876254788,0.47102463715752296,0.12152034953204416,False,True,True,0,True
test,b5d3a4b81af25c152a2b6938ed054942,2,3,0.3818820761151017,0.6099925200237146,0.2281104439086129,False,True,True,0,True
test,b5d3a4b81af25c152a2b6938ed054942,3,3,0.3818820761151017,0.5904528163698824,0.20857074025478073,False,True,True,12,False
test,8b6746478f6b44e7b76097d1c2f4dbe6,2,4,0.4517956645109301,0.521122999912091,0.06932733540116087,True,True,False,0,True
test,8b6746478f6b44e7b76097d1c2f4dbe6,3,4,0.4517956645109301,0.5786201723329043,0.1268245078219742,True,True,False,0,True
test,8b6746478f6b44e7b76097d1c2f4dbe6,4,4,0.4517956645109301,0.6054305508938493,0.15363488638291922,True,True,False,0,True
valid,cf0279ca08c3174b3d12ac64091f859a,2,2,0.3841018697355756,0.58079497009406,0.19669310035848442,False,True,True,0,True
valid,228eaa337912a2f2896d8d5c63147229,2,3,0.37003779291669303,0.42168235969211665,0.05164456677542362,False,False,False,0,True
valid,228eaa337912a2f2896d8d5c63147229,3,3,0.37003779291669303,0.43226619412521405,0.06222840120852102,False,False,False,0,True
valid,af1ffd059ac0a5f3996b4fe6c2863116,2,2,0.3942332720528965,0.4939052090123519,0.09967193695945542,False,True,True,10,False
test,3cf90d04a286c1ea16f5700dbc764fff,2,2,0.3881940448283673,0.4991377653587984,0.11094372053043111,False,True,True,0,True
valid,5c08ed25ee3f139b35a21c0c12944802,2,6,0.47816716169798745,0.6281052576956501,0.1499380959976626,True,True,False,0,True
valid,5c08ed25ee3f139b35a21c0c12944802,3,6,0.47816716169798745,0.6325027489933346,0.15433558729534713,True,True,False,0,True
valid,5c08ed25ee3f139b35a21c0c12944802,4,6,0.47816716169798745,0.6325027489933346,0.15433558729534713,True,True,False,0,True
valid,5c08ed25ee3f139b35a21c0c12944802,5,6,0.47816716169798745,0.6325027489933346,0.15433558729534713,True,True,False,0,True
valid,5c08ed25ee3f139b35a21c0c12944802,6,6,0.47816716169798745,0.6325027489933346,0.15433558729534713,True,True,False,0,True
test,10d9a4341b71723e4e9f55a51d649207,2,2,0.4019881548840223,0.5924828532624576,0.19049469837843536,False,True,True,0,True
test,a57f808603e51f06955b782799093b5b,2,3,0.3978904598354709,0.5135677461405983,0.11567728630512741,False,True,True,0,True
test,a57f808603e51f06955b782799093b5b,3,3,0.3978904598354709,0.5305819742734466,0.13269151443797567,False,True,True,0,True
valid,cafaa2f3a1466caa4be0de187d9a228a,2,2,0.3504089087664245,0.3995319346345835,0.049123025868158976,False,False,False,0,True
test,303ee5296914e7240620a31df874be35,2,4,0.2923865281968413,0.6018452823404361,0.3094587541435948,False,True,True,0,True
test,303ee5296914e7240620a31df874be35,3,4,0.2923865281968413,0.6215338578861215,0.3291473296892802,False,True,True,0,True
test,303ee5296914e7240620a31df874be35,4,4,0.2923865281968413,0.6215338578861215,0.3291473296892802,False,True,True,0,True
valid,016a938f2b34aa5ef05027fc83f5b81b,2,2,0.44636218558037444,0.5948410631242136,0.14847887754383915,True,True,False,0,True
test,971255ac71ca5ab5eccc94b177e081c5,2,5,0.39898157044665483,0.5723729949125471,0.17339142446589229,False,True,True,0,True
test,971255ac71ca5ab5eccc94b177e081c5,3,5,0.39898157044665483,0.6419089751536781,0.24292740470702323,False,True,True,0,True
test,971255ac71ca5ab5eccc94b177e081c5,4,5,0.39898157044665483,0.6489826784949706,0.25000110804831577,False,True,True,0,True
test,971255ac71ca5ab5eccc94b177e081c5,5,5,0.39898157044665483,0.6489826784949706,0.25000110804831577,False,True,True,0,True
test,377f567515463777ac90f1bf75084eed,2,2,0.46126260571969213,0.7264157719358403,0.26515316621614815,True,True,False,7,False
test,bee8e1ed5119e2f2a4bfb408ab6ab177,2,2,0.4954612171862567,0.6541215005192238,0.1586602833329671,True,True,False,0,True
test,438dad6fa6e9ce3c50e4497b4232c7ce,2,4,0.6160866175673991,0.8116172960465085,0.19553067847910932,True,True,False,0,True
test,438dad6fa6e9ce3c50e4497b4232c7ce,3,4,0.6160866175673991,0.8312830776441675,0.2151964600767684,True,True,False,0,True
test,438dad6fa6e9ce3c50e4497b4232c7ce,4,4,0.6160866175673991,0.8312830776441675,0.2151964600767684,True,True,False,0,True
valid,8755ff039d17ea91d56589e906fefc9b,2,2,0.5140510780533859,0.6529543393123094,0.1389032612589235,True,True,False,0,True
test,5e38951c465ac4f3d14da15694710a74,2,2,0.426714141048401,0.5949513684652596,0.16823722741685865,False,True,True,7,False
test,945b63b1a39c18a01b5c023ac4abddbc,2,3,0.49645464053583277,0.6382606146314803,0.14180597409564755,True,True,False,0,True
test,945b63b1a39c18a01b5c023ac4abddbc,3,3,0.49645464053583277,0.6574977315023296,0.16104309096649683,True,True,False,0,True
test,faf590b30d6a5dd0430cf8713a6455c2,2,3,0.5190843633057864,0.6797997154832327,0.16071535217744626,True,True,False,0,True
test,faf590b30d6a5dd0430cf8713a6455c2,3,3,0.5190843633057864,0.6551878773183174,0.13610351401253096,True,True,False,0,True
test,4433ebc14c69e56090cb4e96d574d9c3,2,3,0.5009476693326318,0.6649252539589952,0.16397758462636336,True,True,False,0,True
test,4433ebc14c69e56090cb4e96d574d9c3,3,3,0.5009476693326318,0.6813500302055462,0.1804023608729144,True,True,False,0,True
test,02d273267575a29864f552b2de598580,2,2,0.5676726392915339,0.6852415880018343,0.11756894871030044,True,True,False,8,False
valid,44e608f2db00c74a1fe329de44416a4e,2,2,0.37042318183371314,0.5044584038136357,0.13403522197992257,False,True,True,4,False
test,669d4be1c2a2cab7e5ec040bf54c5d91,2,2,0.4531840689728729,0.7378275780258404,0.28464350905296754,True,True,False,15,False
test,9fbbd9e1516b7cbce439d5f07dd07f98,2,2,0.49962800030259147,0.6472525018306665,0.14762450152807505,True,True,False,0,True
valid,ffecd5a79a0084f6a592288c67e3c298,2,3,0.6517412093151833,0.7423372307550566,0.09059602143987333,True,True,False,0,True
valid,ffecd5a79a0084f6a592288c67e3c298,3,3,0.6517412093151833,0.7271003347909015,0.07535912547571821,True,True,False,0,True
test,5b33244d158adb23abb0d481fa052af8,2,2,0.632905924156139,0.5549836172830833,-0.07792230687305568,True,True,False,8,False
test,958c6a70e60365b576dd696ad29bbca2,2,3,0.39228774168625546,0.5495298773969144,0.15724213571065893,False,True,True,0,True
test,958c6a70e60365b576dd696ad29bbca2,3,3,0.39228774168625546,0.5712207224656789,0.17893298077942343,False,True,True,0,True
valid,e339db2b9261f6f0d9d9f1c41b629050,2,2,0.5458572769433044,0.6357098851446108,0.08985260820130636,True,True,False,0,True
test,6e86dd87eb30b6b70932e528415ff5c3,2,2,0.4199868946732751,0.5619026381168017,0.14191574344352664,False,True,True,0,True
test,f2f591903d71a4f49366f35ccd0017d3,2,2,0.534068614543957,0.6655465331926753,0.13147791864871827,True,True,False,9,False
test,c9c47f859e747812a921562c2f874229,2,2,0.48183164989303895,0.5210113843732812,0.039179734480242256,True,True,False,6,False
valid,1aa06061f2abdc063d3ab58ff9e86cde,2,2,0.43422181320499953,0.5581240159605951,0.1239022027555956,False,True,True,0,True
test,6734f3eaa326f5b3cfa889862a67c418,2,2,0.29497303765036553,0.34711880561285013,0.0521457679624846,False,False,False,0,True
test,f3ffd9ec327bd9faf3498430d92a86a9,2,2,0.5018034795697675,0.6573925688881669,0.15558908931839943,True,True,False,0,True
valid,7ae3cbb87abc73c3e51b59a579c95c3d,2,2,0.33846417035603704,0.4368166092178192,0.09835243886178213,False,False,False,0,True
valid,19367a2c7e1dce7c26afa959e0581da2,2,5,0.39704457950211813,0.39647002567902667,-0.0005745538230914615,False,False,False,0,True
valid,19367a2c7e1dce7c26afa959e0581da2,3,5,0.39704457950211813,0.3757420051777721,-0.021302574324346013,False,False,False,0,True
valid,19367a2c7e1dce7c26afa959e0581da2,4,5,0.39704457950211813,0.3757420051777721,-0.021302574324346013,False,False,False,0,True
valid,19367a2c7e1dce7c26afa959e0581da2,5,5,0.39704457950211813,0.36886438218891937,-0.028180197313198763,False,False,False,0,True
test,2777d11affc76c7163a6c3e0e739aa56,2,5,0.46839320919293925,0.5710288004510939,0.10263559125815469,True,True,False,0,True
test,2777d11affc76c7163a6c3e0e739aa56,3,5,0.46839320919293925,0.5683228889628396,0.0999296797699003,True,True,False,0,True
test,2777d11affc76c7163a6c3e0e739aa56,4,5,0.46839320919293925,0.5654038578137544,0.0970106486208151,True,True,False,0,True
test,2777d11affc76c7163a6c3e0e739aa56,5,5,0.46839320919293925,0.5566568049988522,0.08826359580591292,True,True,False,0,True
test,0a0b0479c9e05814f250c7bea5b1a95c,2,2,0.37293212459882064,0.5496665081212573,0.17673438352243664,False,True,True,0,True
test,bd26f79807cb5e17e470195232bf67d7,2,3,0.29912871241387873,0.5310392708612053,0.23191055844732655,False,True,True,0,True
test,bd26f79807cb5e17e470195232bf67d7,3,3,0.29912871241387873,0.5982236059750435,0.2990948935611648,False,True,True,0,True
test,3d2ae8d0689cf068897dd68fee46311f,2,2,0.4861931898626374,0.689630666537939,0.20343747667530165,True,True,False,0,True
test,33dc68ee07456f6fa5da352d9cca5d93,2,2,0.36960502719182975,0.6545570110715376,0.2849519838797079,False,True,True,8,False
test,7403666e15b97d6e987f597066711845,2,2,0.3308510199583181,0.4873121815865209,0.15646116162820278,False,True,True,0,True
valid,6aa222e4b2f1f711130f9d7f805f9162,2,2,0.3719124066897622,0.3935274616877861,0.021615054998023853,False,False,False,7,False
test,644da1e3e4fb089d2404596574225c60,2,4,0.4763147414142652,0.6465366975889599,0.1702219561746947,True,True,False,0,True
test,644da1e3e4fb089d2404596574225c60,3,4,0.4763147414142652,0.6674951976065052,0.19118045619224,True,True,False,0,True
test,644da1e3e4fb089d2404596574225c60,4,4,0.4763147414142652,0.6839876687458153,0.20767292733155007,True,True,False,0,True
valid,772af06ac77da4c6588ea39bf6a8f1b6,2,2,0.5401791480954601,0.4977448506685691,-0.04243429742689098,True,True,False,13,False
test,a7fdfd7d7ae7a53a8232d6d0d7db215b,2,3,0.5418623925292954,0.5546581600228939,0.012795767493598564,True,True,False,0,True
test,a7fdfd7d7ae7a53a8232d6d0d7db215b,3,3,0.5418623925292954,0.6173798904640239,0.0755174979347285,True,True,False,0,True
test,b829a9df2bfb08f7e2a0e9854656fdfd,2,2,0.3993068913804301,0.5363621755005176,0.1370552841200875,False,True,True,0,True
test,b62ced5bbcbad01b30fd58926d727b21,2,2,0.5771702446348885,0.7208529153989377,0.14368267076404917,True,True,False,0,True
valid,97b4d83323a5917d5df6ff4581daaaec,2,2,0.523987322421636,0.6079274919088646,0.0839401694872286,True,True,False,0,True
test,e71c628cbad616783246ac09faf8f11d,2,2,0.554977609579422,0.6823098605242606,0.12733225094483858,True,True,False,4,False
valid,1a3fba90ea359c9da001520adf13fa7e,2,3,0.5570465850411441,0.6725374411314806,0.11549085609033649,True,True,False,0,True
valid,1a3fba90ea359c9da001520adf13fa7e,3,3,0.5570465850411441,0.6736418536446014,0.11659526860345726,True,True,False,5,False
valid,2793a15df4b2130bcdbe0f125eee15ea,2,6,0.4191163835832049,0.54227582355669,0.12315943997348511,False,True,True,0,True
valid,2793a15df4b2130bcdbe0f125eee15ea,3,6,0.4191163835832049,0.5632068771884202,0.1440904936052153,False,True,True,0,True
valid,2793a15df4b2130bcdbe0f125eee15ea,4,6,0.4191163835832049,0.5632068771884202,0.1440904936052153,False,True,True,0,True
valid,2793a15df4b2130bcdbe0f125eee15ea,5,6,0.4191163835832049,0.5531069777111761,0.1339905941279712,False,True,True,0,True
valid,2793a15df4b2130bcdbe0f125eee15ea,6,6,0.4191163835832049,0.5531069777111761,0.1339905941279712,False,True,True,0,True
test,4da4840a1f38aad712a0857596e24b44,2,2,0.47173131675391256,0.6106764903996542,0.13894517364574166,True,True,False,0,True
valid,dbbdec1218213282780fe3c38f786e5e,2,2,0.37150087046154345,0.37939467430425067,0.007893803842707214,False,False,False,8,False
test,0123a055aa66357326dd6db066592a7d,2,2,0.4095495544607054,0.4259234189534281,0.01637386449272271,False,False,False,0,True
test,561a3b9c8e282502bd86b6504b17544b,2,2,0.46115856239546715,0.6809445607856888,0.21978599839022162,True,True,False,10,False
test,589afae8e1396e2a2dc24a1c68223809,2,3,0.6996142068209497,0.6534382183215359,-0.046175988499413734,True,True,False,5,False
test,589afae8e1396e2a2dc24a1c68223809,3,3,0.6996142068209497,0.6748257588593747,-0.024788447961574978,True,True,False,5,False
test,3502e8bea8fdd4b3d742891e1a1b8d90,2,2,0.42346006829080973,0.6119120861717607,0.188452017880951,False,True,True,0,True
valid,8200c0f5298c25d0c51f66b1c63b6ebc,2,3,0.5032246953556556,0.6453176016743408,0.1420929063186852,True,True,False,8,False
valid,8200c0f5298c25d0c51f66b1c63b6ebc,3,3,0.5032246953556556,0.6604791377747485,0.15725444241909292,True,True,False,0,True
test,6e2da070f43077174091a78e68313684,2,2,0.4149261833229887,0.5840645684507058,0.16913838512771706,False,True,True,0,True
valid,718593593597aface80adeaf98433b07,2,2,0.3354838847357664,0.410828016464736,0.07534413172896959,False,False,False,0,True
valid,d11450f714cbee2ff7df6b663fb79781,2,2,0.4122188507312067,0.5253057451894209,0.11308689445821418,False,True,True,0,True
test,7b8cdadf6b13903fc09049ba85f5ecb3,2,3,0.4389208618500001,0.6336253054701801,0.19470444362018002,False,True,True,0,True
test,7b8cdadf6b13903fc09049ba85f5ecb3,3,3,0.4389208618500001,0.7073441271790775,0.26842326532907734,False,True,True,0,True
test,53ee14bdd0a25171e9c541d97c325cda,2,2,0.4530032028564853,0.6607787005741044,0.20777549771761905,True,True,False,0,True
test,7789aa644b371ea2081e308da732c567,2,2,0.3885474483860263,0.6517487780965002,0.26320132971047394,False,True,True,10,False
test,5c5a8c9c0e8a30b697d7cea5123db572,2,2,0.39585159186514907,0.5244951361878383,0.1286435443226892,False,True,True,0,True
test,97d6279a91ffe03ed63041acff508488,2,2,0.7314305584525929,0.7688952626368336,0.03746470418424075,True,True,False,0,True
valid,a55bc0ec4a744ea57652f24a183894dd,2,2,0.47064947363278475,0.5751152469438998,0.10446577331111506,True,True,False,0,True
test,4f3d4a1f5d64be803fb322242a968047,2,2,0.28763612236754954,0.5723636906891456,0.28472756832159607,False,True,True,0,True
valid,93e856badcb505cba97cd4dc34a64f06,2,3,0.452872657149615,0.6794070312524625,0.2265343741028475,True,True,False,8,False
valid,93e856badcb505cba97cd4dc34a64f06,3,3,0.452872657149615,0.45239202939272793,-0.00048062775688706427,True,True,False,3,False
test,0cb2b99573bb73a8e2228ffda426dd9f,2,2,0.5400862002914377,0.6357758856498377,0.09568968535839995,True,True,False,0,True
valid,24ab08aa37bdb1c03a90c988d368b850,2,2,0.4463793945095089,0.5523910026164596,0.10601160810695065,True,True,False,0,True
test,024554aeb0da84476f1c31a711e0990c,2,2,0.5681751763659222,0.7473151640572141,0.1791399876912919,True,True,False,0,True
valid,30e92ef45b77af51660f221fbb2b94e3,2,2,0.3096509118466061,0.4419295594250364,0.13227864757843033,False,True,True,7,False
test,cf0e7f7b96ea1d2939d084ae7b99f10a,2,3,0.5171432432101266,0.559990528025216,0.04284728481508937,True,True,False,0,True
test,cf0e7f7b96ea1d2939d084ae7b99f10a,3,3,0.5171432432101266,0.6348471246629157,0.1177038814527891,True,True,False,0,True
test,94bd479cfab3bad689dc1f08ce0b9b55,2,2,0.4224267793298686,0.5038291932976171,0.0814024139677485,False,True,True,0,True
test,2d2ce74a9a75fd5144160b74f0d536cc,2,2,0.438653992434454,0.7031643245858311,0.2645103321513771,False,True,True,8,False
valid,169f444739d294d19e4103e460d963d4,2,2,0.5567553996258943,0.6871716241449746,0.1304162245190803,True,True,False,1,False
valid,8988ef6f1858c7a5aa1615b42f874193,2,2,0.525347808942642,0.6815669156758344,0.1562191067331924,True,True,False,0,True
test,7df81d6dcc2ba63195a6197f6362c4bb,2,2,0.4449900386319212,0.6050553867206785,0.16006534808875728,True,True,False,0,True
valid,cab86f1b8802835f13e9fee67ae7ee13,2,2,0.585739339983389,0.6909230367211986,0.10518369673780958,True,True,False,0,True
test,4c23c4164a5456caf473aa274df8b8b9,2,2,0.5672304473300631,0.6943019715073138,0.12707152417725065,True,True,False,0,True
valid,1a9543c90f188e2e4fb14327ad4a9c9b,2,6,0.6287880400583108,0.7125445696115011,0.08375652955319035,True,True,False,0,True
valid,1a9543c90f188e2e4fb14327ad4a9c9b,3,6,0.6287880400583108,0.73021534263191,0.10142730257359922,True,True,False,0,True
valid,1a9543c90f188e2e4fb14327ad4a9c9b,4,6,0.6287880400583108,0.724521565416284,0.09573352535797319,True,True,False,0,True
valid,1a9543c90f188e2e4fb14327ad4a9c9b,5,6,0.6287880400583108,0.724521565416284,0.09573352535797319,True,True,False,0,True
valid,1a9543c90f188e2e4fb14327ad4a9c9b,6,6,0.6287880400583108,0.724521565416284,0.09573352535797319,True,True,False,0,True
valid,3a213fcdfe7d98be74ea0dc05a8b31ae,2,12,0.2691831164556412,0.4185249309954331,0.1493418145397919,False,False,False,0,True
valid,3a213fcdfe7d98be74ea0dc05a8b31ae,3,12,0.2691831164556412,0.41451215937345953,0.14532904291781834,False,False,False,0,True
valid,3a213fcdfe7d98be74ea0dc05a8b31ae,4,12,0.2691831164556412,0.4289919710283381,0.1598088545726969,False,False,False,0,True
valid,3a213fcdfe7d98be74ea0dc05a8b31ae,5,12,0.2691831164556412,0.4289919710283381,0.1598088545726969,False,False,False,0,True
valid,3a213fcdfe7d98be74ea0dc05a8b31ae,6,12,0.2691831164556412,0.4289919710283381,0.1598088545726969,False,False,False,0,True
valid,3a213fcdfe7d98be74ea0dc05a8b31ae,7,12,0.2691831164556412,0.4454570947165184,0.1762739782608772,False,True,True,0,True
valid,3a213fcdfe7d98be74ea0dc05a8b31ae,8,12,0.2691831164556412,0.4520022451019571,0.1828191286463159,False,True,True,0,True
valid,3a213fcdfe7d98be74ea0dc05a8b31ae,9,12,0.2691831164556412,0.4848067869776598,0.21562367052201858,False,True,True,0,True
valid,3a213fcdfe7d98be74ea0dc05a8b31ae,10,12,0.2691831164556412,0.4848067869776598,0.21562367052201858,False,True,True,0,True
valid,3a213fcdfe7d98be74ea0dc05a8b31ae,11,12,0.2691831164556412,0.4848067869776598,0.21562367052201858,False,True,True,0,True
valid,3a213fcdfe7d98be74ea0dc05a8b31ae,12,12,0.2691831164556412,0.4848067869776598,0.21562367052201858,False,True,True,0,True
test,2b62c1f2514954fe162667774af50ba0,2,2,0.564349157893555,0.7011600169089476,0.13681085901539258,True,True,False,0,True
test,6299bb8e855289b411394e216495f96f,2,2,0.5407170602840183,0.7143439417275138,0.17362688144349547,True,True,False,0,True
valid,a01e45fb2acf54e98e2b1269ce639ddb,2,2,0.4812104367534912,0.5771115727239082,0.09590113597041705,True,True,False,0,True
valid,de1f63780a06d4800d094e9875c89ac5,2,2,0.5254317569116636,0.707231589790714,0.18179983287905044,True,True,False,0,True
test,92f21edc7e69a84e3e521e9adc7c83b8,2,3,0.396129244480502,0.6701170596152322,0.27398781513473014,False,True,True,10,False
test,92f21edc7e69a84e3e521e9adc7c83b8,3,3,0.396129244480502,0.7229590041278215,0.32682975964731953,False,True,True,9,False
valid,9af5f003f0da353f6c32a5c5e0c83b39,2,3,0.3068311160924868,0.4399068453920344,0.13307572929954758,False,False,False,0,True
valid,9af5f003f0da353f6c32a5c5e0c83b39,3,3,0.3068311160924868,0.4826014146683649,0.17577029857587811,False,True,True,0,True
test,15d19cc3fdb1b3bdea39f23b8f3a7a11,2,4,0.594346578441378,0.4948299857268732,-0.09951659271450475,True,True,False,0,True
test,15d19cc3fdb1b3bdea39f23b8f3a7a11,3,4,0.594346578441378,0.5542243186549157,-0.04012225978646222,True,True,False,0,True
test,15d19cc3fdb1b3bdea39f23b8f3a7a11,4,4,0.594346578441378,0.5542243186549157,-0.04012225978646222,True,True,False,0,True
valid,f53340ca014b3ee6d71eaca8c0262828,2,2,0.5359157638295966,0.6653997363324831,0.12948397250288646,True,True,False,7,False
test,cfac974a41d4273d522456d2840dc2a6,2,2,0.3116040218185211,0.48711155335967593,0.17550753154115484,False,True,True,6,False
valid,18cc6945eeb0fac797b1e48e96bb7ad7,2,3,0.5412981242139994,0.590814570796772,0.049516446582772655,True,True,False,0,True
valid,18cc6945eeb0fac797b1e48e96bb7ad7,3,3,0.5412981242139994,0.630571572208146,0.0892734479941466,True,True,False,0,True
valid,7428195653ad7e05d37c801977ea152b,2,2,0.47292111619512944,0.618133716592017,0.14521260039688755,True,True,False,0,True
valid,8745becbbbd36c57276dc93fed8bbe1c,2,3,0.6794820357058851,0.5801463757107299,-0.09933565999515515,True,True,False,8,False
valid,8745becbbbd36c57276dc93fed8bbe1c,3,3,0.6794820357058851,0.5971920695891364,-0.08228996611674866,True,True,False,8,False
test,6b4691b98b476dcd37e1dbade28ab62c,2,2,0.4625355799625448,0.635942955781254,0.17340737581870924,True,True,False,10,False
test,5037eaa70390c5b3b4073d0aaac80c15,2,2,0.47666501812048945,0.6045192492229035,0.127854231102414,True,True,False,0,True
valid,142c07328adba2427b3029a2b5a1f503,2,4,0.48667680692532767,0.5614891471964101,0.07481234027108241,True,True,False,0,True
valid,142c07328adba2427b3029a2b5a1f503,3,4,0.48667680692532767,0.587089833478163,0.10041302655283535,True,True,False,0,True
valid,142c07328adba2427b3029a2b5a1f503,4,4,0.48667680692532767,0.6060855179073877,0.11940871098206007,True,True,False,0,True
valid,337ace5c193fb745fca018fd1e542c9c,2,2,0.4489202191197974,0.5466857963103997,0.0977655771906023,True,True,False,0,True
test,dbf5aec766985e6f34f73cc4560a5123,2,2,0.2958449213244738,0.5316250081742786,0.23578008684980478,False,True,True,0,True
test,6eac9b191502f0f4d373dbbad5aa7253,2,2,0.6960901076828595,0.5399705618336004,-0.15611954584925913,True,True,False,5,False
test,976c9f4a0b6d3158f01dcd00b625756c,2,3,0.4351234278047297,0.6418940166336249,0.2067705888288952,False,True,True,0,True
test,976c9f4a0b6d3158f01dcd00b625756c,3,3,0.4351234278047297,0.6525974669756962,0.21747403917096653,False,True,True,0,True
test,0c82a229fc22597c2361656cba8d3230,2,7,0.41741378475079427,0.4637715062084019,0.04635772145760764,False,True,True,0,True
test,0c82a229fc22597c2361656cba8d3230,3,7,0.41741378475079427,0.7193264609840515,0.30191267623325724,False,True,True,9,False
test,0c82a229fc22597c2361656cba8d3230,4,7,0.41741378475079427,0.7504188558929281,0.33300507114213385,False,True,True,10,False
test,0c82a229fc22597c2361656cba8d3230,5,7,0.41741378475079427,0.49208846040899945,0.07467467565820518,False,True,True,5,False
test,0c82a229fc22597c2361656cba8d3230,6,7,0.41741378475079427,0.49208846040899945,0.07467467565820518,False,True,True,5,False
test,0c82a229fc22597c2361656cba8d3230,7,7,0.41741378475079427,0.5010596822992541,0.08364589754845986,False,True,True,5,False
test,6c3808960b526766ea7a00ae22c020ab,2,2,0.4340970040444565,0.658551224762956,0.22445422071849952,False,True,True,8,False
test,8d48de810012d2cb59c59d5c4e0442a3,2,2,0.5965592722418092,0.7304555457759048,0.1338962735340956,True,True,False,0,True
valid,3e1a73eb054c586cb259149ffdfd13ba,2,2,0.4515348726549627,0.572231915567118,0.12069704291215533,True,True,False,0,True
test,d57972b73a27f652ccf86430761823d9,2,2,0.37804265999947906,0.48424542539980664,0.10620276540032758,False,True,True,2,False
valid,6cc24bf6c628c261d2f9f0f7eef52a93,2,2,0.4031599320736683,0.5546393327389364,0.1514794006652681,False,True,True,8,False
test,3272770f15ff5da42dc4973b1b179552,2,2,0.47341247262797614,0.6904636652545608,0.21705119262658468,True,True,False,14,False
test,45076151b8ea416cffebd82f5013905d,2,2,0.3527169633744257,0.5320921817255237,0.17937521835109804,False,True,True,0,True
test,bbfcb9e2e2d656df90c1e837f5f47c09,2,2,0.41032827833663077,0.6015698074603701,0.19124152912373937,False,True,True,7,False
test,c985ae8fdce216ddf62df687c3504ecb,2,3,0.4264222839943921,0.5985678111576145,0.1721455271632224,False,True,True,6,False
test,c985ae8fdce216ddf62df687c3504ecb,3,3,0.4264222839943921,0.6163760128890949,0.18995372889470286,False,True,True,6,False
test,298fcdf1f73eb413e4d26d01b25bc1cd,2,2,0.38805484882588204,0.517666100531919,0.12961125170603693,False,True,True,0,True
test,74cc459333ff2b04776fcdc6cf77c528,2,2,0.41852709309938996,0.5957288025193712,0.17720170941998126,False,True,True,0,True
test,4dbf5de576e0e8d18ad0932e1ed8e89d,2,2,0.344659056876653,0.5346232695602943,0.18996421268364128,False,True,True,0,True
valid,e6e5431f5c825cde6802af0f30bd8eaf,2,2,0.43643705739360816,0.5810051585625751,0.1445681011689669,False,True,True,0,True
test,60d10864996df64e9b7789d51ba03da9,2,2,0.5019819613359595,0.73359184193468,0.23160988059872045,True,True,False,9,False
test,7c74884b55b2ef0862e578cc630dfb3d,2,4,0.4941889433387965,0.6621427648622726,0.16795382152347615,True,True,False,0,True
test,7c74884b55b2ef0862e578cc630dfb3d,3,4,0.4941889433387965,0.6978147604675788,0.20362581712878236,True,True,False,0,True
test,7c74884b55b2ef0862e578cc630dfb3d,4,4,0.4941889433387965,0.6116996883621526,0.11751074502335612,True,True,False,10,False
valid,2ba6e26fe85d1d6a13cc4d830c88c1ea,2,2,0.5075627840131104,0.6710976889235556,0.1635349049104452,True,True,False,3,False
test,796e3c109c8740eea3d4321a8ad5ca5c,2,2,0.3654068748234037,0.5776043633726076,0.21219748854920384,False,True,True,0,True
valid,d0467704fe947b94f1fee589531cb69f,2,2,0.4399066738647065,0.5345681755014113,0.09466150163670484,False,True,True,0,True
valid,316de33d2305716d16f6fba75d609f9e,2,2,0.4589264157630183,0.5645595413488158,0.10563312558579752,True,True,False,0,True
test,14282bc70be9bdda515182fb1ce62af4,2,2,0.44285847756201746,0.5743532199786916,0.13149474241667414,True,True,False,0,True
test,0fcb17f553e4ac7cd19be95d11a1669f,2,2,0.31220427097632164,0.6200082257785807,0.3078039548022591,False,True,True,0,True
valid,37b680c6aa8ce81441e0e86dcb6d7822,2,3,0.25688060178242944,0.5015294106762507,0.24464880889382123,False,True,True,0,True
valid,37b680c6aa8ce81441e0e86dcb6d7822,3,3,0.25688060178242944,0.5495809825840324,0.292700380801603,False,True,True,0,True
test,73e08c12d3981af1a3cf6580a9253fb1,2,5,0.32137079796313484,0.6221980385144967,0.3008272405513619,False,True,True,0,True
test,73e08c12d3981af1a3cf6580a9253fb1,3,5,0.32137079796313484,0.684016092039206,0.36264529407607116,False,True,True,0,True
test,73e08c12d3981af1a3cf6580a9253fb1,4,5,0.32137079796313484,0.7001458906955161,0.3787750927323813,False,True,True,0,True
test,73e08c12d3981af1a3cf6580a9253fb1,5,5,0.32137079796313484,0.7001458906955161,0.3787750927323813,False,True,True,0,True
test,ea1c943b92b11b5d15ba43481b4e3ab8,2,2,0.36116123693917057,0.535127208351321,0.17396597141215042,False,True,True,0,True
test,a7b8a73bcc7bf3850dc9f4907c5ee6f2,2,5,0.29885230484045633,0.5404741679333528,0.24162186309289646,False,True,True,0,True
test,a7b8a73bcc7bf3850dc9f4907c5ee6f2,3,5,0.29885230484045633,0.5683854301835414,0.26953312534308504,False,True,True,0,True
test,a7b8a73bcc7bf3850dc9f4907c5ee6f2,4,5,0.29885230484045633,0.5903845458597352,0.2915322410192789,False,True,True,0,True
test,a7b8a73bcc7bf3850dc9f4907c5ee6f2,5,5,0.29885230484045633,0.5903845458597352,0.2915322410192789,False,True,True,0,True
test,b9f5ca0dd8ac07db0b02705dc2be4d21,2,2,0.40120389652670196,0.6496651622690832,0.24846126574238125,False,True,True,7,False
valid,dfda6b8e30bc9ac258d2835f931c28f0,2,3,0.36790544491088517,0.44853226251172673,0.08062681760084156,False,True,True,0,True
valid,dfda6b8e30bc9ac258d2835f931c28f0,3,3,0.36790544491088517,0.4128501851462085,0.044944740235323355,False,False,False,0,True
valid,edd378f5237218b9ab0d7cfb2f9fbe12,2,2,0.3738506740306169,0.4504656555950034,0.07661498156438651,False,True,True,0,True
test,3c4ec7795b9ef9b762cb33214c19c80c,2,2,0.38499055377413405,0.6047386060443193,0.21974805227018523,False,True,True,0,True
valid,82acff152625d343c9ef91512401c210,2,6,0.3436401359139306,0.4517864913587909,0.10814635544486029,False,True,True,0,True
valid,82acff152625d343c9ef91512401c210,3,6,0.3436401359139306,0.4554305994466594,0.11179046353272881,False,True,True,0,True
valid,82acff152625d343c9ef91512401c210,4,6,0.3436401359139306,0.4554305994466594,0.11179046353272881,False,True,True,0,True
valid,82acff152625d343c9ef91512401c210,5,6,0.3436401359139306,0.4452930890723157,0.10165295315838507,False,True,True,0,True
valid,82acff152625d343c9ef91512401c210,6,6,0.3436401359139306,0.4452930890723157,0.10165295315838507,False,True,True,0,True
test,6091d0277963e5390a17a2eb5763ad1b,2,2,0.49720633305406925,0.684258520073987,0.18705218701991777,True,True,False,0,True
valid,64ed08a8d552c869c508c5fb48663ece,2,2,0.5707991479057715,0.690932024080593,0.12013287617482149,True,True,False,6,False
test,121c021cac6c38526b5867627eadcb0c,2,2,0.5277772862526695,0.6627440653494743,0.13496677909680477,True,True,False,8,False
valid,3fe3f4119f1e2838cb036e3a0d27cf30,2,2,0.37248255605562275,0.4506711807578092,0.07818862470218646,False,True,True,0,True
valid,38aae594eaee5a2935d397fd93ca43c9,2,2,0.5771076807184412,0.4399497477422495,-0.13715793297619172,True,False,False,5,False
test,62fc42cf39543a45aa577931a1665228,2,3,0.6049601642806184,0.6300499378810603,0.025089773600441956,True,True,False,0,True
test,62fc42cf39543a45aa577931a1665228,3,3,0.6049601642806184,0.6734473004972032,0.06848713621658487,True,True,False,0,True
test,ae181b10c96125c3d1bbe9d7dfc1e830,2,2,0.2943031382772737,0.46138421371535376,0.16708107543808004,False,True,True,0,True
valid,0178ff2480e2e8fb84d456dd3dc3d777,2,2,0.6548205997838716,0.6759680814234308,0.02114748163955915,True,True,False,0,True
test,7289e899d9083d1c93469d36a42d1dea,2,3,0.4328733091608996,0.4943903746408308,0.06151706547993119,False,True,True,0,True
test,7289e899d9083d1c93469d36a42d1dea,3,3,0.4328733091608996,0.5623946465741141,0.12952133741321448,False,True,True,0,True
test,57abb1f66732171fe6a0c44a796f747e,2,2,0.4058764255254893,0.5926597536391504,0.18678332811366105,False,True,True,0,True
test,e81515594e8f430f4a7ee18f26777091,2,2,0.5034506989557387,0.6555167930592378,0.15206609410349914,True,True,False,4,False
test,bad9804e1f16ed9115e1373a6d5fb3fd,2,2,0.5473130609692212,0.699045395722373,0.15173233475315184,True,True,False,0,True
test,9c0267b5762b2d323cb9685eed1d5cfa,2,2,0.6817160372921773,0.6850019225902626,0.003285885298085267,True,True,False,0,True
valid,b9aa10598973e2e9a93a2922a2e17a43,2,2,0.4089792253005532,0.496818843379522,0.08783961807896878,False,True,True,0,True
valid,c1df7b442eae0851753ed884bdaacc02,2,2,0.4176814972810934,0.5629349243504838,0.14525342706939037,False,True,True,11,False
test,347a523a41b9c5ff0194b0cbdff11fc7,2,2,0.7157438258650028,0.6463418677419661,-0.06940195812303673,True,True,False,9,False
test,9ea64f21920bb6b6972cadb024eabee6,2,2,0.2520070323629977,0.4418434735515371,0.18983644118853937,False,True,True,5,False
test,4de5e476244e0fced5eabc7d26c02dd9,2,2,0.46399753963423296,0.5877481005070917,0.12375056087285874,True,True,False,14,False
test,0282e83acfe3e7aaf60c871a4a9aca61,2,2,0.5506578509263536,0.6476905750858691,0.09703272415951558,True,True,False,14,False
valid,f45bdf2f89997a72c2f4c9cb37c284cd,2,2,0.4571967327949916,0.5802975806324067,0.12310084783741504,True,True,False,0,True
test,1b307ea4f5d5bdc7289afe051242dc2f,2,2,0.45593668092600037,0.5040310350482197,0.048094354122219296,True,True,False,0,True
test,45026cb636ca6934b7fa98e965f53d96,2,2,0.5449188735822291,0.6255955375517263,0.08067666396949713,True,True,False,6,False
test,ecbab81179cbb13a351e75f9ba7e602d,2,2,0.7540002699008885,0.7091600032588306,-0.04484026664205798,True,True,False,0,True
test,c8a0e08123c9e8c38daf82bc0e696b1b,2,2,0.41326743594098103,0.5302271760620674,0.11695974012108634,False,True,True,0,True
test,5e703e05bcb502963f75e2a2a2eb7b73,2,5,0.4813582266589942,0.6626958590325294,0.18133763237353517,True,True,False,0,True
test,5e703e05bcb502963f75e2a2a2eb7b73,3,5,0.4813582266589942,0.690040058921691,0.20868183226269676,True,True,False,0,True
test,5e703e05bcb502963f75e2a2a2eb7b73,4,5,0.4813582266589942,0.7062652241771743,0.2249069975181801,True,True,False,0,True
test,5e703e05bcb502963f75e2a2a2eb7b73,5,5,0.4813582266589942,0.7062652241771743,0.2249069975181801,True,True,False,0,True
valid,7e7c209ab4d09fe584822fd6c054023d,2,6,0.2530932879796822,0.3196666943984995,0.06657340641881726,False,False,False,0,True
valid,7e7c209ab4d09fe584822fd6c054023d,3,6,0.2530932879796822,0.29295439399105916,0.039861106011376934,False,False,False,0,True
valid,7e7c209ab4d09fe584822fd6c054023d,4,6,0.2530932879796822,0.29295439399105916,0.039861106011376934,False,False,False,0,True
valid,7e7c209ab4d09fe584822fd6c054023d,5,6,0.2530932879796822,0.28454376222385436,0.03145047424417213,False,False,False,0,True
valid,7e7c209ab4d09fe584822fd6c054023d,6,6,0.2530932879796822,0.28454376222385436,0.03145047424417213,False,False,False,0,True
test,6b3283bced42ff1c70f94eb1736fdabc,2,2,0.44441854818617976,0.5595594064745761,0.11514085828839637,True,True,False,0,True
valid,dc2b293e65fec525f3c63286396e2b79,2,2,0.43031020814745125,0.5587708131540754,0.12846060500662415,False,True,True,0,True
test,a5844c6ba1c0c2464b56dc6fa879b9bd,2,2,0.7050413454678849,0.7270519748450608,0.022010629377175905,True,True,False,0,True
test,d2f270487125ddc41fd134c4003ad1d7,2,2,0.4914218042350783,0.5920760140296177,0.10065420979453943,True,True,False,2,False
valid,472e314958770ffe7ae241a5af43fd93,2,4,0.3876063554297766,0.5913612235679626,0.203754868138186,False,True,True,1,False
valid,472e314958770ffe7ae241a5af43fd93,3,4,0.3876063554297766,0.5761302172102121,0.18852386178043545,False,True,True,1,False
valid,472e314958770ffe7ae241a5af43fd93,4,4,0.3876063554297766,0.5490460808737356,0.16143972544395901,False,True,True,0,True
valid,9446587feaf53c5f0050224c099c80e2,2,3,0.3966814458129584,0.39287976950130765,-0.003801676311650737,False,False,False,0,True
valid,9446587feaf53c5f0050224c099c80e2,3,3,0.3966814458129584,0.41950914034306797,0.022827694530109577,False,False,False,0,True
valid,ce7be9c906c372368c7786881d6a6842,2,2,0.4301952943486903,0.5217135906951549,0.09151829634646458,False,True,True,0,True
valid,9615da76c321b025633e32cfface90e0,2,4,0.44799280681086895,0.6156356167716052,0.16764280996073622,True,True,False,0,True
valid,9615da76c321b025633e32cfface90e0,3,4,0.44799280681086895,0.6067636133702315,0.1587708065593626,True,True,False,0,True
valid,9615da76c321b025633e32cfface90e0,4,4,0.44799280681086895,0.6067636133702315,0.1587708065593626,True,True,False,0,True
test,5707d7b7dbb169114a7150ed635fd58a,2,2,0.6536069572270176,0.7927545347138603,0.1391475774868427,True,True,False,0,True
valid,1c1f19ca40392b67aa5f9627ad2d1029,2,4,0.44876525438204407,0.5903919419083699,0.1416266875263258,True,True,False,0,True
valid,1c1f19ca40392b67aa5f9627ad2d1029,3,4,0.44876525438204407,0.616898132188328,0.16813287780628394,True,True,False,0,True
valid,1c1f19ca40392b67aa5f9627ad2d1029,4,4,0.44876525438204407,0.616898132188328,0.16813287780628394,True,True,False,0,True
valid,fbf6a5df377654baa14f40156140e563,2,5,0.4490917692791405,0.6124243759564605,0.16333260667731997,True,True,False,0,True
valid,fbf6a5df377654baa14f40156140e563,3,5,0.4490917692791405,0.6327930092438177,0.18370123996467713,True,True,False,0,True
valid,fbf6a5df377654baa14f40156140e563,4,5,0.4490917692791405,0.6327930092438177,0.18370123996467713,True,True,False,0,True
valid,fbf6a5df377654baa14f40156140e563,5,5,0.4490917692791405,0.6276408961127581,0.17854912683361757,True,True,False,0,True
valid,04791a70ae0e68a0fb50758b946b5195,2,2,0.3706882507474908,0.4116677665012096,0.04097951575371883,False,False,False,3,False
test,4850125b26ca8977d47c83f60df48401,2,2,0.5613404220694471,0.6440676864222419,0.08272726435279476,True,True,False,0,True
test,9ee2b040a6fafeecf4003f3d173352fb,2,2,0.41807170851812614,0.5861105815293672,0.1680388730112411,False,True,True,0,True
valid,7eb84fb181fe75a2b97152673283b52c,2,2,0.3455356439617877,0.4453465264366395,0.09981088247485181,False,True,True,0,True
test,c23ef0b7332bb9b0b8e3ae45346a364f,2,3,0.44282917300098124,0.6716219546308957,0.22879278162991445,True,True,False,11,False
test,c23ef0b7332bb9b0b8e3ae45346a364f,3,3,0.44282917300098124,0.7323297650095376,0.2895005920085564,True,True,False,12,False
valid,4f3f48cbedce0c316c688af6fc7e9c56,2,3,0.656153559616162,0.7269515969869484,0.07079803737078649,True,True,False,0,True
valid,4f3f48cbedce0c316c688af6fc7e9c56,3,3,0.656153559616162,0.7352398196986618,0.07908626008249986,True,True,False,0,True
test,b77c6d3c0334b27a51f220038f0ef8ac,2,3,0.35012367465457483,0.5109041104881897,0.1607804358336149,False,True,True,0,True
test,b77c6d3c0334b27a51f220038f0ef8ac,3,3,0.35012367465457483,0.4908365525798887,0.14071287792531384,False,True,True,0,True
valid,ce8690397f7d93704f8d39df619190fa,2,2,0.3963056833118489,0.5094339594345583,0.11312827612270937,False,True,True,0,True
test,926f43ab78d2296edaf16b2a06af3078,2,2,0.5006577736820209,0.5798131925768795,0.07915541889485855,True,True,False,0,True
test,7a76b222b6be79748cd291410b57c160,2,2,0.4492664562108345,0.5494117620941004,0.10014530588326587,True,True,False,0,True
valid,d51cbac21a49941976292ba004bf4165,2,2,0.42005913137755435,0.5547261771496563,0.13466704577210198,False,True,True,0,True
test,478c69b6c0107cf696d64c524286ff05,2,2,0.4390719514291156,0.5894663984405368,0.15039444701142124,False,True,True,4,False
test,43d6e5bfdbbfac022b7dad46056dfa64,2,2,0.3867446258902506,0.6166287181107155,0.2298840922204649,False,True,True,0,True
valid,2bd2241ff5bd59887a8a706c309c5938,2,2,0.4412453584948979,0.49168763513527014,0.05044227664037226,True,True,False,0,True
test,f35ddefd9f69ce48e6a38a12b97ec26b,2,2,0.4055794730772635,0.575206461560366,0.16962698848310254,False,True,True,9,False
valid,e4d96e6ad34780ade40c4b6dc2745a04,2,2,0.42281855552643866,0.536238619357503,0.1134200638310644,False,True,True,1,False
valid,3f190e71518c682ad72ef9b6623a7231,2,2,0.3724616135020907,0.5517273845251329,0.1792657710230422,False,True,True,0,True
test,0f3358d8ff329783796c1876bf8aa920,2,2,0.3514136876016496,0.5286043250887422,0.17719063748709263,False,True,True,0,True
test,7c3fe5194219d774a7d238f80d4c9919,2,2,0.41652786727008706,0.6134828270503041,0.19695495978021704,False,True,True,0,True
test,70ee631a6eb795832e5318331fdf56d3,2,4,0.6309052884476882,0.7122895676584695,0.08138427921078129,True,True,False,0,True
test,70ee631a6eb795832e5318331fdf56d3,3,4,0.6309052884476882,0.7218635786474332,0.090958290199745,True,True,False,0,True
test,70ee631a6eb795832e5318331fdf56d3,4,4,0.6309052884476882,0.7294378589823066,0.09853257053461839,True,True,False,0,True
test,51c86c4487b86a4e4cb8eeec8618de9c,2,2,0.39834180473030156,0.5837716120020924,0.18542980727179081,False,True,True,0,True
valid,bda01d1992abcd24a7b25fcf1363e893,2,2,0.3917682137588262,0.5399412114946295,0.14817299773580328,False,True,True,0,True
valid,b5fa0328693adeb3be0c29b6912d483d,2,2,0.471653012767841,0.5890723311682841,0.11741931840044306,True,True,False,1,False
test,7aaf9c17ae408e7a639faf0623c5cc73,2,2,0.6827233460371678,0.6405639165351933,-0.04215942950197449,True,True,False,9,False
test,dec6267e55fe1ef26725cbd4c28d9a90,2,4,0.4478496259835766,0.6227282534135448,0.17487862742996818,True,True,False,0,True
test,dec6267e55fe1ef26725cbd4c28d9a90,3,4,0.4478496259835766,0.5838395867690811,0.13598996078550452,True,True,False,0,True
test,dec6267e55fe1ef26725cbd4c28d9a90,4,4,0.4478496259835766,0.5838395867690811,0.13598996078550452,True,True,False,0,True
test,08dd806c9344c87a3f061a6540a65041,2,2,0.4593128145794243,0.6816640657946187,0.2223512512151944,True,True,False,0,True
test,7954d26fa0d387724ccb30d846ebbd9f,2,2,0.5892774941428871,0.7592142743745628,0.1699367802316757,True,True,False,0,True
valid,d7ae3c10c3a4c7a721e64ba401ee745b,2,2,0.2926569154963663,0.6102408477358813,0.317583932239515,False,True,True,14,False
test,729c445f5f350f88d5c9a3911d6e9bc0,2,2,0.35140229439526305,0.49424232847173233,0.14284003407646928,False,True,True,0,True
test,a77e9a2ec8b11b15d33fcdd305e718d3,2,2,0.4837161374521094,0.6187047643958619,0.13498862694375247,True,True,False,0,True
valid,687b6310118e5776dd599634c9dc51fc,2,2,0.40492923135865966,0.5241416200906011,0.1192123887319414,False,True,True,0,True
valid,b5a38afc36fef9a2e97d2c96be884aea,2,3,0.34904235558052155,0.4440360485252256,0.09499369294470406,False,True,True,0,True
valid,b5a38afc36fef9a2e97d2c96be884aea,3,3,0.34904235558052155,0.46317613517712775,0.1141337795966062,False,True,True,0,True
test,dd38e720f0dd8329b600d6395eb9a4df,2,2,0.5112327155038559,0.6423928445113708,0.13116012900751495,True,True,False,11,False
valid,d02bd10feab6b4f3bb9b00496ac5da1b,2,2,0.35451600923394466,0.44575870179700294,0.09124269256305828,False,True,True,0,True
test,ce7c7e5c6b73492e11c8155ed626416d,2,2,0.4372571878601208,0.571221336633836,0.1339641487737152,False,True,True,0,True
valid,d2ce3fa6247aeec43a75906e36600045,2,2,0.41939494156111745,0.5300256191778123,0.11063067761669487,False,True,True,0,True
test,2fb37826cdb8f506242e4dabb544e516,2,3,0.47533450519328924,0.6183511254989152,0.143016620305626,True,True,False,0,True
test,2fb37826cdb8f506242e4dabb544e516,3,3,0.47533450519328924,0.6174186367887491,0.14208413159545985,True,True,False,0,True
test,7fe6658f268e76d4af99ffc4e5d47541,2,2,0.4270978388234907,0.5297195677945862,0.10262172897109545,False,True,True,1,False
test,b88655bfa5742903fa6b2162ee31ac87,2,2,0.5103143079259695,0.5257395952769175,0.015425287350947947,True,True,False,0,True
valid,e512a1c0f56b158f913abc3cd64933d4,2,2,0.44410833517765813,0.594321477204349,0.1502131420266909,True,True,False,0,True
valid,f1db3b4ae1a3252075e1bcb338303e7f,2,2,0.2689366039238952,0.3315306360797018,0.06259403215580661,False,False,False,0,True
test,c0834ece62641e0d8cf5da3a070f4195,2,2,0.36864993162072157,0.4767959810647301,0.10814604944400852,False,True,True,0,True
test,6c983b6b465b11087129a008c89a4829,2,3,0.401378867333702,0.6594190562874735,0.25804018895377157,False,True,True,0,True
test,6c983b6b465b11087129a008c89a4829,3,3,0.401378867333702,0.6748617721801768,0.27348290484647486,False,True,True,0,True
test,5f42573c60286a6f9d6a3809352c86e0,2,3,0.5639878725502867,0.7392804213353812,0.17529254878509448,True,True,False,0,True
test,5f42573c60286a6f9d6a3809352c86e0,3,3,0.5639878725502867,0.7529750065880844,0.18898713403779765,True,True,False,0,True
valid,59b931645b38766a41bef9244d4ee476,2,2,0.3915330445632138,0.47568295438018604,0.08414990981697223,False,True,True,0,True
test,0c2b241aa0c85f5e27ad334225793b87,2,3,0.6751208124531227,0.7625991263865886,0.08747831393346583,True,True,False,0,True
test,0c2b241aa0c85f5e27ad334225793b87,3,3,0.6751208124531227,0.7692518845455522,0.09413107209242944,True,True,False,0,True
test,76798592e95b1f75ed2b348e55ba742d,2,6,0.3942914473190402,0.5525312916475688,0.15823984432852856,False,True,True,0,True
test,76798592e95b1f75ed2b348e55ba742d,3,6,0.3942914473190402,0.613593625714185,0.21930217839514476,False,True,True,0,True
test,76798592e95b1f75ed2b348e55ba742d,4,6,0.3942914473190402,0.6369855198881953,0.2426940725691551,False,True,True,0,True
test,76798592e95b1f75ed2b348e55ba742d,5,6,0.3942914473190402,0.6369855198881953,0.2426940725691551,False,True,True,0,True
test,76798592e95b1f75ed2b348e55ba742d,6,6,0.3942914473190402,0.6369855198881953,0.2426940725691551,False,True,True,0,True
test,9303669209932e3a6996a76e56620d5f,2,2,0.4194342108054905,0.5816394934417322,0.16220528263624168,False,True,True,1,False
test,e74d9198ddaddfc8e8090f5028697eaa,2,2,0.5838759589355978,0.6861578859189039,0.10228192698330607,True,True,False,0,True
test,820dae5229a9c2f6d7cfcf9e327c46a7,2,3,0.35613956511981204,0.5285184033419759,0.17237883822216382,False,True,True,0,True
test,820dae5229a9c2f6d7cfcf9e327c46a7,3,3,0.35613956511981204,0.5945508482084928,0.23841128308868076,False,True,True,0,True
test,8b811ce1136aa62076a39e8b8957dcd5,2,6,0.4339350894146269,0.5695946791817432,0.13565958976711634,False,True,True,0,True
test,8b811ce1136aa62076a39e8b8957dcd5,3,6,0.4339350894146269,0.5882504505780705,0.15431536116344358,False,True,True,0,True
test,8b811ce1136aa62076a39e8b8957dcd5,4,6,0.4339350894146269,0.6040732766296516,0.17013818721502472,False,True,True,0,True
test,8b811ce1136aa62076a39e8b8957dcd5,5,6,0.4339350894146269,0.6040732766296516,0.17013818721502472,False,True,True,0,True
test,8b811ce1136aa62076a39e8b8957dcd5,6,6,0.4339350894146269,0.6040732766296516,0.17013818721502472,False,True,True,0,True
test,ae9da8a9447f05b1310ecf197fca8bb5,2,3,0.40963979270283213,0.5992743395415041,0.18963454683867198,False,True,True,0,True
test,ae9da8a9447f05b1310ecf197fca8bb5,3,3,0.40963979270283213,0.584958204369747,0.17531841166691486,False,True,True,0,True
valid,3174b803120ff7406c6d04c542a80bfb,2,5,0.44514684589927844,0.585919944070092,0.14077309817081352,True,True,False,0,True
valid,3174b803120ff7406c6d04c542a80bfb,3,5,0.44514684589927844,0.5837254001158771,0.1385785542165987,True,True,False,0,True
valid,3174b803120ff7406c6d04c542a80bfb,4,5,0.44514684589927844,0.5837254001158771,0.1385785542165987,True,True,False,0,True
valid,3174b803120ff7406c6d04c542a80bfb,5,5,0.44514684589927844,0.5837254001158771,0.1385785542165987,True,True,False,0,True
test,6727a4e9eed7135cefc6d0f9de7f88a3,2,2,0.4222538259516382,0.5915895575255294,0.16933573157389126,False,True,True,3,False
valid,a2d8aaf39efc96fe140eda3e8f2e337e,2,6,0.42171564780489434,0.5371074641867848,0.11539181638189044,False,True,True,0,True
valid,a2d8aaf39efc96fe140eda3e8f2e337e,3,6,0.42171564780489434,0.4909712775493057,0.06925562974441135,False,True,True,0,True
valid,a2d8aaf39efc96fe140eda3e8f2e337e,4,6,0.42171564780489434,0.48800040914427656,0.06628476133938221,False,True,True,0,True
valid,a2d8aaf39efc96fe140eda3e8f2e337e,5,6,0.42171564780489434,0.479130647994517,0.057415000189622645,False,True,True,0,True
valid,a2d8aaf39efc96fe140eda3e8f2e337e,6,6,0.42171564780489434,0.479130647994517,0.057415000189622645,False,True,True,0,True
valid,200af1dfa6b1bbe29adcddac8ed2a00b,2,2,0.3643075129350126,0.4371912210668967,0.07288370813188405,False,False,False,0,True
test,94c1ff18eed8c1bcedb78b7e0c27da55,2,5,0.4434729841853038,0.6193955661326735,0.17592258194736976,True,True,False,0,True
test,94c1ff18eed8c1bcedb78b7e0c27da55,3,5,0.4434729841853038,0.6879159674832491,0.24444298329794534,True,True,False,0,True
test,94c1ff18eed8c1bcedb78b7e0c27da55,4,5,0.4434729841853038,0.6970566108743977,0.25358362668909395,True,True,False,0,True
test,94c1ff18eed8c1bcedb78b7e0c27da55,5,5,0.4434729841853038,0.6970566108743977,0.25358362668909395,True,True,False,0,True
test,fe64170e936bc5f6a6a41def260984b9,2,2,0.46696433300931095,0.6416308044608243,0.17466647145151337,True,True,False,14,False
test,fb3cf8c9eb2412b0edc0a00a8f43a869,2,5,0.5971955921885725,0.743076762995623,0.14588117080705043,True,True,False,0,True
test,fb3cf8c9eb2412b0edc0a00a8f43a869,3,5,0.5971955921885725,0.660034876480624,0.06283928429205143,True,True,False,9,False
test,fb3cf8c9eb2412b0edc0a00a8f43a869,4,5,0.5971955921885725,0.7734791100894115,0.17628351790083896,True,True,False,0,True
test,fb3cf8c9eb2412b0edc0a00a8f43a869,5,5,0.5971955921885725,0.7841973235738471,0.18700173138527454,True,True,False,8,False
valid,ea9a48e8b350731ae78378381394a086,2,2,0.33611465893376424,0.5185480829520246,0.18243342401826035,False,True,True,0,True
valid,0347e77ba3ffb1d21339231e1f882b5c,2,2,0.36777805709828904,0.442971664923006,0.07519360782471696,False,True,True,0,True
valid,c639d319e7a759b47c407201b57d5522,2,2,0.37625797633908664,0.4858033617037092,0.10954538536462255,False,True,True,4,False
valid,93b35affb86435b71ca01a6dd1eab2b1,2,2,0.2758891573651283,0.5114980678281609,0.23560891046303256,False,True,True,0,True
valid,f37110e24979533292f678ff6decd468,2,2,0.31729035495729374,0.49331322820407075,0.176022873246777,False,True,True,0,True
test,9deec776b35252a1660b2439abeb9e38,2,2,0.46731454822366647,0.6653716394376055,0.198057091213939,True,True,False,6,False
valid,566919db57e507da7ace615456eeba3a,2,2,0.47559522293658707,0.625740890654299,0.15014566771771198,True,True,False,0,True
valid,99239be2fbdb186e7285b71a4bd782ac,2,3,0.45518372810163166,0.5249838621926677,0.06980013409103603,True,True,False,9,False
valid,99239be2fbdb186e7285b71a4bd782ac,3,3,0.45518372810163166,0.6451214275125164,0.18993769941088479,True,True,False,0,True
valid,c1218efc92c0cfa49a96b164b6bc49c7,2,2,0.4592184589663375,0.4095661706743715,-0.049652288291965996,True,False,False,14,False
test,2ccc09c6c27e9be6d9723883f81ffeef,2,2,0.5307843523626398,0.674289355298448,0.14350500293580826,True,True,False,0,True
valid,0da25668cbbfcf7a7b42a0bfe2c0b17a,2,2,0.545455621087893,0.660339728498103,0.11488410741020993,True,True,False,4,False
test,35ae6fcf66dba4f6760a20b921867b2b,2,2,0.4811144340013567,0.7060843375639199,0.2249699035625632,True,True,False,9,False
test,ce4c70f737d1a9edba23290f6031d076,2,2,0.3763953585315756,0.5708676928735326,0.194472334341957,False,True,True,0,True
test,c6d5501e88e1bdffbc13792a7f4dadda,2,2,0.21303473132482587,0.5237781387718143,0.3107434074469885,False,True,True,0,True
valid,75102f3276e78ab1bcf13aef73b4ab37,2,2,0.39745836803808265,0.48036674522935063,0.08290837719126798,False,True,True,0,True
valid,c2915f1e4570dc14bb429295f925507f,2,3,0.3801126323566394,0.47856309515614615,0.09845046279950675,False,True,True,0,True
valid,c2915f1e4570dc14bb429295f925507f,3,3,0.3801126323566394,0.5289266360463569,0.14881400368971753,False,True,True,0,True
valid,f604358c0baff3de069eed26f7a923d5,2,2,0.4161610856087318,0.617242691268642,0.20108160565991018,False,True,True,0,True
valid,07bd0c7e13ac7c3a408dd3bc8f18fc78,2,2,0.36357904705812716,0.4396858464549609,0.07610679939683374,False,False,False,0,True
test,824ed066dde5116b8bcf4d75381e056d,2,2,0.44240699184375887,0.5737494518174638,0.13134245997370497,True,True,False,0,True
valid,2abced8dfd803bbf4dc2347d1123cd6a,2,4,0.4835664007452516,0.5629065707412058,0.07934016999595417,True,True,False,0,True
valid,2abced8dfd803bbf4dc2347d1123cd6a,3,4,0.4835664007452516,0.5275794534461904,0.044013052700938804,True,True,False,0,True
valid,2abced8dfd803bbf4dc2347d1123cd6a,4,4,0.4835664007452516,0.5275794534461904,0.044013052700938804,True,True,False,0,True
test,b560ced1765e243b3ebf765d80a8873d,2,2,0.48164262140500014,0.6680079328235394,0.1863653114185393,True,True,False,0,True
valid,2fcaf8d9c9070537c1c42e1e159fbd8b,2,2,0.7708834797568123,0.6504479971829192,-0.12043548257389303,True,True,False,8,False
valid,af37018fa60dd6b208ca5c88052cffee,2,2,0.5186771136006851,0.6287031564768171,0.11002604287613194,True,True,False,0,True
valid,9f5bd892aa4c461b116e5c163f16b40a,2,2,0.4052199652350378,0.4876474702099439,0.08242750497490614,False,True,True,0,True
valid,61b40f2b303f6b312a3563e508baafb7,2,2,0.4860331691410549,0.6621936507642012,0.17616048162314635,True,True,False,0,True
valid,9864e42f543cd23bd3854610732d94b4,2,2,0.3138478285323334,0.583659578036367,0.26981174950403364,False,True,True,0,True
test,741c75a2bee4e666de0415b10cd0cad7,2,2,0.43437536111884023,0.5980041298994341,0.16362876878059385,False,True,True,0,True
valid,7f40591eeef659da2bc93d2735fa9476,2,2,0.4470518973230502,0.5303373409784036,0.0832854436553534,True,True,False,5,False
valid,6c62b87c92fad9d97f686af40cb5bfd1,2,2,0.5365622361527678,0.6291264025776951,0.09256416642492737,True,True,False,0,True
test,4a3798db024e5f7ec925bd803ec5567c,2,2,0.5251997146008549,0.6186093409359924,0.0934096263351375,True,True,False,0,True
test,4709e1e06850115eafef3681e478ca3d,2,2,0.4932677401868937,0.6839693684437771,0.19070162825688342,True,True,False,0,True
test,b8827e3fbdce70200068de321b62f11c,2,2,0.33065441472051194,0.47767305728927967,0.14701864256876773,False,True,True,0,True
test,65555c6b04142c5f409c5d29398671f2,2,2,0.3718675892120662,0.5007642611269814,0.12889667191491516,False,True,True,0,True
valid,da6c1b5c9a1106ebca4a15148d062c0f,2,2,0.42360271409920336,0.542433441064147,0.11883072696494368,False,True,True,1,False
valid,164e64521973407e1e6e44d1e2262176,2,2,0.4283963624232535,0.583554037609683,0.15515767518642953,False,True,True,0,True
test,2850436e0937a8f3408d9b9929a455dc,2,2,0.40182466983285103,0.4400623257322167,0.038237655899365675,False,True,True,9,False
valid,3dcab1487bcd1dbcc6c968fdfe0511fb,2,2,0.35392875048031647,0.7137074995065942,0.3597787490262777,False,True,True,9,False
valid,9406240a4e41945ba492020a2702f757,2,2,0.47047407613122083,0.5956090095731384,0.12513493344191762,True,True,False,0,True
test,0eddcb4ff71cbdcd60daa73534248d92,2,2,0.36864242233434863,0.5223694881312952,0.15372706579694662,False,True,True,0,True
test,5495e34062773c6ae356fda1b241901b,2,2,0.42732903581768744,0.5096703228983533,0.0823412870806659,False,True,True,0,True
test,f7d991e51703014752000a5a1dabc152,2,2,0.6183061788278501,0.69607037256716,0.07776419373930987,True,True,False,0,True
valid,8e210b98003eece014e3e650fc111c72,2,2,0.4540406352708387,0.5652944400564439,0.1112538047856052,True,True,False,0,True
test,edf0c87086ae34eca8a6f72c8b31eeae,2,2,0.7691177820416667,0.660945615850352,-0.10817216619131464,True,True,False,10,False
test,669eb4808ac7fe964a716a368943ddfa,2,4,0.5122044788356012,0.6685936809652779,0.15638920212967677,True,True,False,0,True
test,669eb4808ac7fe964a716a368943ddfa,3,4,0.5122044788356012,0.6948766515697091,0.18267217273410796,True,True,False,0,True
test,669eb4808ac7fe964a716a368943ddfa,4,4,0.5122044788356012,0.7053189722356329,0.19311449340003173,True,True,False,0,True
valid,4511808da5e0e3085995a9734ea693a6,2,2,0.5085995945985101,0.6768642741304333,0.16826467953192314,True,True,False,5,False
valid,76a999805013581d028d7f8f8202dfb0,2,3,0.46241369678180455,0.5602774390684176,0.0978637422866131,True,True,False,0,True
valid,76a999805013581d028d7f8f8202dfb0,3,3,0.46241369678180455,0.6215733710677365,0.15915967428593192,True,True,False,0,True
valid,bd7311457afeb962da1655881b558a1e,2,2,0.39067878651706955,0.49901493521442897,0.10833614869735941,False,True,True,0,True
valid,d3476282f08ffd2be3c9a7aeae6086b2,2,2,0.4789738034854497,0.6511229911469678,0.1721491876615181,True,True,False,0,True
test,22a4e269c7e62e9aab7536d9f1180d09,2,2,0.4982360085821207,0.6842804393708977,0.18604443078877697,True,True,False,0,True
valid,87649d1e24dd22384132f1deb135940e,2,2,0.31436518566121585,0.4051585852159021,0.09079339955468624,False,False,False,0,True
valid,0d0b7c65e71700ed5fe8ae8d2baac37b,2,3,0.38761659899150114,0.4118883830741774,0.024271784082676273,False,False,False,8,False
valid,0d0b7c65e71700ed5fe8ae8d2baac37b,3,3,0.38761659899150114,0.5679319139893719,0.1803153149978708,False,True,True,12,False
test,731369a05548c07e8406df981f3fbef0,2,2,0.4536630046120398,0.58204273659099,0.12837973197895025,True,True,False,0,True
test,b945375051aa88d28c30fb42485897d6,2,6,0.6128571022953678,0.5544589507829605,-0.05839815151240735,True,True,False,0,True
test,b945375051aa88d28c30fb42485897d6,3,6,0.6128571022953678,0.5966495118506185,-0.016207590444749287,True,True,False,0,True
test,b945375051aa88d28c30fb42485897d6,4,6,0.6128571022953678,0.5966495118506185,-0.016207590444749287,True,True,False,0,True
test,b945375051aa88d28c30fb42485897d6,5,6,0.6128571022953678,0.5966495118506185,-0.016207590444749287,True,True,False,0,True
test,b945375051aa88d28c30fb42485897d6,6,6,0.6128571022953678,0.5966495118506185,-0.016207590444749287,True,True,False,0,True
test,a00d80133807b3fcebee86be41116908,2,2,0.37408132155880547,0.5529263656776728,0.17884504411886737,False,True,True,0,True
test,469dba1d869ad7ac257e09c9f8947b4e,2,2,0.3802826734031315,0.535736871447102,0.15545419804397054,False,True,True,0,True
valid,3d65ef7325cb471f8095e1c0f4537f48,2,2,0.43876463022819034,0.5553975248105221,0.11663289458233173,False,True,True,0,True
test,b1873e7f1c0220c132db2642ecf2bf1b,2,3,0.44300432986266114,0.6288083156990463,0.18580398583638513,True,True,False,0,True
test,b1873e7f1c0220c132db2642ecf2bf1b,3,3,0.44300432986266114,0.6448468662069253,0.2018425363442642,True,True,False,0,True
valid,48c35042cb072a8ed4da07c418f0b125,2,2,0.6802918985455095,0.7335257222746889,0.0532338237291794,True,True,False,0,True
test,d8eada63874f4ad83911e6c388521ba9,2,2,0.4430443382572793,0.6335570365052562,0.1905126982479769,True,True,False,0,True
valid,ec01061fb5f4ee5c6f97b1f7a53f9d0a,2,2,0.5276273880217877,0.6732721167997306,0.145644728777943,True,True,False,0,True
valid,bb39dce934e697a81c9dd50236b8d8cd,2,2,0.4924764920582513,0.5584456023312083,0.06596911027295704,True,True,False,0,True
valid,bca5de0cd7c36e900e23525477c2a446,2,2,0.4459737755751463,0.5442274576618595,0.09825368208671326,True,True,False,0,True
valid,963cb654293e98ba41a3c609d2c3ca4d,2,2,0.44525499828327586,0.6017209972005727,0.15646599891729684,True,True,False,8,False
test,0191ee5deb2474bc1f4189fa709289b2,2,2,0.4786347996084821,0.7161011525851906,0.23746635297670848,True,True,False,0,True
test,1b5a25c6c507c850755e92c42bc30359,2,2,0.5344833896453363,0.6474246656607139,0.11294127601537762,True,True,False,0,True
test,cc9760bf7b5d5b74c4d1eb1ab6405b50,2,2,0.32038542408346293,0.5143089436934891,0.19392351961002618,False,True,True,12,False
valid,6bbce7cdd358fd4f4864fc3270e02274,2,2,0.2807222637568175,0.4123825890926892,0.1316603253358717,False,False,False,0,True
test,a5a854651cfe0d8da9f1669266fd4063,2,2,0.5504637187482064,0.6918150347234873,0.14135131597528083,True,True,False,0,True
valid,f0c00b0c02ed4f14f20fad7c26002b9c,2,2,0.2562873711157603,0.4167276381232865,0.16044026700752623,False,False,False,0,True
test,86fa33b8dc93e71a9aa76df6c0076c5e,2,2,0.45441359414155613,0.4839522427221207,0.02953864858056454,True,True,False,0,True
valid,3cbf332e7f3e5a7c73f6106f0ba94967,2,2,0.5646216449849257,0.6540041314193263,0.08938248643440061,True,True,False,1,False
valid,414c2d0aa3ca7ba2ded1e645b3dc42d8,2,2,0.530139047107805,0.6392549935907073,0.10911594648290224,True,True,False,0,True
test,15fdda39515f8ebe0bc8d067fa136a83,2,3,0.5670618196635191,0.6891785443438192,0.1221167246803001,True,True,False,0,True
test,15fdda39515f8ebe0bc8d067fa136a83,3,3,0.5670618196635191,0.6730046498282654,0.10594283016474626,True,True,False,11,False
valid,4cd5aded458b2bb658108cfe0f705ab5,2,2,0.3878445871800763,0.42547068183648107,0.03762609465640476,False,False,False,8,False
test,819c95d80987748e1ce29b9b637cc920,2,3,0.548956285186088,0.7087650628901006,0.15980877770401258,True,True,False,0,True
test,819c95d80987748e1ce29b9b637cc920,3,3,0.548956285186088,0.6775675789660089,0.12861129377992098,True,True,False,0,True
test,2352f0c7b4fe903c071e032c9d6d6593,2,2,0.5593143818883125,0.7834403422843494,0.22412596039603694,True,True,False,0,True
test,13bd28c9fb3f72368af23530f1231cb2,2,2,0.3795420490883942,0.5460160677353738,0.16647401864697964,False,True,True,0,True
valid,32df6498467c68b5be43197a49d3d14c,2,2,0.277719864728042,0.42098462727595143,0.14326476254790943,False,False,False,0,True
test,be5cae366c82f548c9a28b353ab44dd0,2,2,0.5706748201847197,0.6838317023141904,0.11315688212947073,True,True,False,0,True
test,ed1a199d7a96763832c8e127a4f7736f,2,2,0.6446242717965351,0.5572632792894248,-0.08736099250711038,True,True,False,0,True
valid,1f6cad97a0aa4e6f24ed24bcbf098a98,2,2,0.5694055513268704,0.7335227096782357,0.1641171583513653,True,True,False,0,True
test,8f69c5872bca5b495397ff0a5d681219,2,3,0.6450835970304626,0.630927148971308,-0.014156448059154614,True,True,False,0,True
test,8f69c5872bca5b495397ff0a5d681219,3,3,0.6450835970304626,0.6533085139118475,0.008224916881384936,True,True,False,0,True
test,e696067860c4351d739a8fbf197d30b7,2,3,0.5079589951519445,0.6598263945935706,0.15186739944162608,True,True,False,5,False
test,e696067860c4351d739a8fbf197d30b7,3,3,0.5079589951519445,0.6551086908434809,0.14714969569153635,True,True,False,0,True
test,c6122e6a623a45c8dfc876f10733682f,2,2,0.5937167335535708,0.5848358611707629,-0.00888087238280788,True,True,False,0,True
valid,eaca2f45fbeb00cc1d069840f0f13990,2,2,0.5132599128256407,0.7087342688476903,0.19547435602204966,True,True,False,0,True
valid,82598d1412ae8a6ab0939b8d0d12e16d,2,3,0.39678350410952734,0.4731676397642781,0.07638413565475077,False,True,True,0,True
valid,82598d1412ae8a6ab0939b8d0d12e16d,3,3,0.39678350410952734,0.5078218695727503,0.11103836546322299,False,True,True,0,True
test,bb4617e746ecc5f06f704eaafaecb955,2,4,0.3507725475315051,0.5039131967511056,0.15314064921960047,False,True,True,0,True
test,bb4617e746ecc5f06f704eaafaecb955,3,4,0.3507725475315051,0.558236486604333,0.2074639390728279,False,True,True,0,True
test,bb4617e746ecc5f06f704eaafaecb955,4,4,0.3507725475315051,0.5687945046930436,0.2180219571615385,False,True,True,0,True
test,5b5000f42c9f7a3bd25a2199e7f9d943,2,2,0.4308100933298409,0.5427751350428861,0.11196504171304522,False,True,True,0,True
test,5b4251adca774e23a1d0d74ae856a44c,2,2,0.36484873731537804,0.5610700357501484,0.19622129843477032,False,True,True,0,True
test,e84f839667bdb61865f74a90bc11ec11,2,2,0.3429328801562107,0.5394136852537297,0.19648080509751897,False,True,True,0,True
test,a44e2259c6908814d76871d497766ae9,2,2,0.5309895898556574,0.6461919245634004,0.11520233470774299,True,True,False,0,True
test,99daacedd8423e3b5169338429be0110,2,2,0.29381126643558886,0.6012304951028955,0.30741922866730664,False,True,True,11,False
test,67ef29c9ba12b789eb12ac5ee9743826,2,2,0.3630551253534272,0.4688219820501096,0.1057668566966824,False,True,True,0,True
test,cc2ffb3f5021c120c807461757f214fd,2,2,0.38358629200749417,0.5842379834915349,0.20065169148404072,False,True,True,0,True
test,e0e3cde1bd7f993b460771481843727f,2,3,0.5336239933827094,0.6817969996159748,0.14817300623326546,True,True,False,1,False
test,e0e3cde1bd7f993b460771481843727f,3,3,0.5336239933827094,0.7558675746571315,0.22224358127442212,True,True,False,8,False
valid,723e462ce1ee50e024887c0b403130f3,2,2,0.3701858051091529,0.5464596296929823,0.17627382458382945,False,True,True,8,False
test,58d6b7ad12ad08c7c8031d623ea2219d,2,2,0.375916291120697,0.49306298424527917,0.11714669312458215,False,True,True,0,True
test,9d525e537711d24dba959b750dd6fbbc,2,2,0.38671074172487474,0.5585796077372089,0.1718688660123342,False,True,True,0,True
test,f4e3efa8e78dfe5fcf02d849dabe3869,2,2,0.38453443459725656,0.5854330254807285,0.20089859088347195,False,True,True,0,True
test,7a944e7886782c8767505df5fcdc0604,2,3,0.3538040632336913,0.6048136799813646,0.2510096167476733,False,True,True,0,True
test,7a944e7886782c8767505df5fcdc0604,3,3,0.3538040632336913,0.6188210781491259,0.2650170149154346,False,True,True,0,True
test,f7a94ed5a5cf7c0680e0d3271163bb3f,2,5,0.5055830709150023,0.5929731756380839,0.08739010472308162,True,True,False,0,True
test,f7a94ed5a5cf7c0680e0d3271163bb3f,3,5,0.5055830709150023,0.5933467862674089,0.08776371535240657,True,True,False,0,True
test,f7a94ed5a5cf7c0680e0d3271163bb3f,4,5,0.5055830709150023,0.590475035865633,0.08489196495063067,True,True,False,0,True
test,f7a94ed5a5cf7c0680e0d3271163bb3f,5,5,0.5055830709150023,0.5865227166752764,0.08093964576027413,True,True,False,0,True
test,6800d99c79f85a09a82645ff194ba86e,2,2,0.32134098182761806,0.5168982167001968,0.1955572348725787,False,True,True,0,True
test,133a94aa41cab8ad1d4cf02c2636b9cc,2,2,0.5524978982437796,0.6342593788535447,0.08176148060976507,True,True,False,0,True
test,610cb5d8ac9938a7e80ee9e3b9c04be5,2,2,0.49915161954290477,0.6947602172038263,0.19560859766092153,True,True,False,0,True
valid,31641d348e3b49cd143c3bd490c100b9,2,2,0.6607246976475483,0.6239053856615646,-0.03681931198598365,True,True,False,15,False
valid,cbfed865ebb274e534eed412710b225f,2,3,0.42660106752900795,0.5250899734862197,0.09848890595721171,False,True,True,0,True
valid,cbfed865ebb274e534eed412710b225f,3,3,0.42660106752900795,0.5685993281022703,0.14199826057326237,False,True,True,0,True
test,0412356b9ae3ad8db617e892afb02204,2,2,0.42261760351714617,0.6397005694304427,0.21708296591329657,False,True,True,0,True
valid,531a74ff9a6617b0cae88c4b67646988,2,2,0.45500668709469516,0.625234585504391,0.17022789840969588,True,True,False,14,False
test,7a5472f7c8cecc2e1cf43d12271e4eca,2,2,0.43175973228120756,0.6372482665162791,0.20548853423507152,False,True,True,0,True
valid,999dc37323684cefef388a9b58436118,2,2,0.47151279783522004,0.6743877851051157,0.2028749872698956,True,True,False,0,True
test,27a186a0cfc53be941fc115cc408bfbc,2,2,0.41998183823917545,0.7201971058488227,0.30021526760964723,False,True,True,8,False
test,7ffed19d85558d51da23bf236eb944fc,2,2,0.5209106610174883,0.6389086616372203,0.11799800061973198,True,True,False,0,True
test,bd088ca6ce1e557aa5a095aabc217990,2,2,0.6100012364618688,0.6542347409633132,0.044233504501444476,True,True,False,0,True
valid,3edb50273f0fec7a7e340030467076bc,2,6,0.41991536943881713,0.4878202660036436,0.06790489656482646,False,True,True,0,True
valid,3edb50273f0fec7a7e340030467076bc,3,6,0.41991536943881713,0.5410055821834795,0.12109021274466236,False,True,True,0,True
valid,3edb50273f0fec7a7e340030467076bc,4,6,0.41991536943881713,0.5410055821834795,0.12109021274466236,False,True,True,0,True
valid,3edb50273f0fec7a7e340030467076bc,5,6,0.41991536943881713,0.5523674845314699,0.13245211509265276,False,True,True,0,True
valid,3edb50273f0fec7a7e340030467076bc,6,6,0.41991536943881713,0.5523674845314699,0.13245211509265276,False,True,True,0,True
test,707c884622a611c1c2c7b247c01f0121,2,2,0.3895345538608741,0.5060126343392184,0.11647808047834429,False,True,True,0,True
test,10fef716a1d9fb11eb624a9625853eea,2,2,0.29796528106194253,0.6197355848601189,0.3217703037981764,False,True,True,0,True
test,9c5e0415bc4c4c089aa772c9387e0f8e,2,3,0.5202616216837392,0.6476646611107225,0.12740303942698328,True,True,False,7,False
test,9c5e0415bc4c4c089aa772c9387e0f8e,3,3,0.5202616216837392,0.6885441971912107,0.1682825755074715,True,True,False,8,False
test,136c6d8d429f92dcbc6876d47eb61b05,2,3,0.42346611036357684,0.5609221208826557,0.13745601051907885,False,True,True,0,True
test,136c6d8d429f92dcbc6876d47eb61b05,3,3,0.42346611036357684,0.6053985861562792,0.18193247579270233,False,True,True,0,True
test,de6db4f3c511147d4ab0a44149a38960,2,2,0.4281851223071652,0.5321377296559272,0.103952607348762,False,True,True,0,True
test,153a49ded28e0fe861f537fc2b881f93,2,2,0.40389732615840834,0.630135760321594,0.22623843416318568,False,True,True,12,False
test,719c1d51ad40a458c511ebcfcdd0ebda,2,3,0.4630496650873622,0.6620412625643017,0.1989915974769395,True,True,False,0,True
test,719c1d51ad40a458c511ebcfcdd0ebda,3,3,0.4630496650873622,0.6635926605322506,0.2005429954448884,True,True,False,0,True
test,bcdc0a3ff14ce03999d56620cb4e1a01,2,2,0.3585562127282055,0.5160288227360703,0.15747261000786483,False,True,True,0,True
test,40bc2b2661f13c1a9888396ed56ba79a,2,2,0.4363129695935337,0.5479105765385381,0.11159760694500442,False,True,True,0,True
valid,429db7656bb9bd2a1fc038fcbc4fa159,2,2,0.3610967636860507,0.5685965421916346,0.20749977850558388,False,True,True,0,True
valid,e59e3805b6853ed31516f019ab44c3b1,2,2,0.4352688368275712,0.5903870638615529,0.1551182270339817,False,True,True,1,False
test,041d5ff28cb7d9b107b7461064dd40e2,2,2,0.4926830848088293,0.6960289305305638,0.20334584572173453,True,True,False,0,True
test,7f685e08cef9cb9c0d7dfff90ece93d9,2,2,0.32885563026078657,0.5205475802356532,0.1916919499748666,False,True,True,10,False
test,9ce8edfd64ca03e850463ed0b3d73de0,2,2,0.5875605658501775,0.7357354936837646,0.1481749278335871,True,True,False,0,True
test,d866a99eedddb2e64c1dc53d01c9ea15,2,2,0.37657700106079384,0.5648989294693287,0.1883219284085349,False,True,True,0,True
test,0de08476877eca848f61e9e236256b3a,2,2,0.6735458978337971,0.6043607204736594,-0.06918517736013774,True,True,False,0,True
test,4f8bcc599bf25aa16aa67fd4ebf895dc,2,2,0.44282634637583096,0.6173768510399003,0.1745505046640693,True,True,False,0,True
valid,226bdeb6252bfee90f63517f430be2e9,2,2,0.4800084381371379,0.595472359450288,0.11546392131315009,True,True,False,0,True
valid,d03ba703f83e314f2bad7505a1031522,2,2,0.4188564688468438,0.4838562107269191,0.06499974188007529,False,True,True,0,True
valid,b4b74b67e8e09c1539e6f838e5eb8fa4,2,2,0.4628756802582711,0.5682165195741562,0.10534083931588512,True,True,False,0,True
test,64958ed60e12bac04474ff739271a3b3,2,2,0.36759422394481034,0.5795376918132918,0.2119434678684815,False,True,True,9,False
valid,36b8c4e12c328ee0e0f34e9ef635852a,2,2,0.42011076117118284,0.5173083274458485,0.09719756627466569,False,True,True,0,True
test,89d027af13df8cb1af1f0da1216481fe,2,2,0.3256604422963232,0.3870858714303277,0.061425429134004506,False,False,False,0,True
test,a8998c981964bf8bac216e296e00b309,2,2,0.44715306964938184,0.590379922255855,0.14322685260647317,True,True,False,10,False
test,7b1e7ecf29040bd9581a1577a522548d,2,2,0.38223659781496255,0.5437934036528762,0.16155680583791365,False,True,True,1,False
test,f0318f87816b50576e594e45121332b6,2,4,0.47174264384330233,0.5951141681378822,0.12337152429457987,True,True,False,0,True
test,f0318f87816b50576e594e45121332b6,3,4,0.47174264384330233,0.63058546229507,0.15884281845176762,True,True,False,0,True
test,f0318f87816b50576e594e45121332b6,4,4,0.47174264384330233,0.63058546229507,0.15884281845176762,True,True,False,0,True
valid,aab6724caaf81418088249e2a0ea5d17,2,2,0.5221733889162832,0.6948204770337982,0.17264708811751506,True,True,False,0,True
test,f0b47dadd5f372c41ae2cab6c72877da,2,2,0.6500033410056005,0.5771107994087503,-0.07289254159685021,True,True,False,0,True
test,ef785af8a54d7e978562b94e0e20e6ae,2,2,0.4559344150552944,0.637516500723643,0.18158208566834855,True,True,False,0,True
valid,91151a1839749882e607fb8d0c0a2a71,2,2,0.36205150494614635,0.585689712781845,0.22363820783569865,False,True,True,0,True
test,3e46d4c127db26ad30843bd14fcb98f7,2,3,0.5541096772092194,0.7430470898215207,0.18893741261230124,True,True,False,0,True
test,3e46d4c127db26ad30843bd14fcb98f7,3,3,0.5541096772092194,0.7487556254214953,0.19464594821227588,True,True,False,0,True
valid,4bfddd9392014699ab2cbae22a27a574,2,2,0.5442240254151542,0.6870215635742962,0.14279753815914198,True,True,False,0,True
test,77af255581f9105559c089f67f770dc3,2,3,0.3402321410993049,0.5391325080177319,0.19890036691842705,False,True,True,10,False
test,77af255581f9105559c089f67f770dc3,3,3,0.3402321410993049,0.5096001276576654,0.1693679865583605,False,True,True,4,False
valid,3740acc7e5399d9f0dcce30f5a8fbcfd,2,2,0.4151078293420136,0.43324876357945696,0.01814093423744334,False,False,False,0,True
test,0e6844f9954c0a475641b6490c3f9739,2,4,0.5286648814936024,0.6428832977696547,0.11421841627605234,True,True,False,1,False
test,0e6844f9954c0a475641b6490c3f9739,3,4,0.5286648814936024,0.7341363235835581,0.2054714420899557,True,True,False,4,False
test,0e6844f9954c0a475641b6490c3f9739,4,4,0.5286648814936024,0.7534542463619769,0.22478936486837453,True,True,False,4,False
test,1c1f0315904930fe04e649a6eb20c4e4,2,2,0.3164343790103237,0.6580350131160274,0.34160063410570374,False,True,True,11,False
test,ea884b5a25f86e605e1750bd936e0122,2,3,0.5557230344474331,0.7613849552180217,0.20566192077058865,True,True,False,0,True
test,ea884b5a25f86e605e1750bd936e0122,3,3,0.5557230344474331,0.7852964912615383,0.22957345681410524,True,True,False,0,True
valid,a9c12c3dbd383763a49141b30627fd5d,2,6,0.6992377988748513,0.6746922149204992,-0.024545583954352024,True,True,False,7,False
valid,a9c12c3dbd383763a49141b30627fd5d,3,6,0.6992377988748513,0.6672060118177192,-0.032031787057132055,True,True,False,7,False
valid,a9c12c3dbd383763a49141b30627fd5d,4,6,0.6992377988748513,0.7650927055546515,0.06585490667980021,True,True,False,0,True
valid,a9c12c3dbd383763a49141b30627fd5d,5,6,0.6992377988748513,0.7616885172060209,0.06245071833116966,True,True,False,0,True
valid,a9c12c3dbd383763a49141b30627fd5d,6,6,0.6992377988748513,0.6630080936157501,-0.036229705259101186,True,True,False,7,False
test,a482b7aa67b778d023b1907f6d755134,2,3,0.3986855826411104,0.6050417151534311,0.20635613251232066,False,True,True,0,True
test,a482b7aa67b778d023b1907f6d755134,3,3,0.3986855826411104,0.6089406048666773,0.2102550222255669,False,True,True,0,True
valid,bbf6f71330cce4afde803651c4f05e54,2,3,0.46542059787886114,0.5708126201406654,0.10539202226180422,True,True,False,6,False
valid,bbf6f71330cce4afde803651c4f05e54,3,3,0.46542059787886114,0.726605454644681,0.2611848567658198,True,True,False,0,True
valid,d37d89dd6d36e423ff7296dc9482c53e,2,4,0.33451275123020874,0.4539794512505637,0.11946670002035498,False,True,True,0,True
valid,d37d89dd6d36e423ff7296dc9482c53e,3,4,0.33451275123020874,0.505832043997215,0.1713192927670063,False,True,True,0,True
valid,d37d89dd6d36e423ff7296dc9482c53e,4,4,0.33451275123020874,0.505832043997215,0.1713192927670063,False,True,True,0,True
valid,5260ac84bdd23400bd774a4507093208,2,3,0.5267517951323182,0.5782228277615097,0.051471032629191504,True,True,False,0,True
valid,5260ac84bdd23400bd774a4507093208,3,3,0.5267517951323182,0.6455477774236114,0.11879598229129318,True,True,False,0,True
valid,e40a14dbad08901c276df1547f261960,2,3,0.36486714589874636,0.5163625036536266,0.1514953577548802,False,True,True,0,True
valid,e40a14dbad08901c276df1547f261960,3,3,0.36486714589874636,0.47177940153370335,0.10691225563495699,False,True,True,0,True
test,16e9aa07e3c0747d339a73bf9c1d275d,2,2,0.5260463586640077,0.6686790070645385,0.1426326484005308,True,True,False,0,True
test,2d40988fab171a085f1d1359f4d47d36,2,3,0.4326673887359843,0.6035988589522513,0.17093147021626698,False,True,True,0,True
test,2d40988fab171a085f1d1359f4d47d36,3,3,0.4326673887359843,0.6302700787287191,0.19760268999273478,False,True,True,0,True
valid,9b655375d54c9b7986a07f3e5a839545,2,4,0.6242801664385014,0.6024278932752989,-0.021852273163202485,True,True,False,0,True
valid,9b655375d54c9b7986a07f3e5a839545,3,4,0.6242801664385014,0.640889277697593,0.01660911125909159,True,True,False,0,True
valid,9b655375d54c9b7986a07f3e5a839545,4,4,0.6242801664385014,0.640889277697593,0.01660911125909159,True,True,False,0,True
test,a92bb0beb3fd226d50671cf17587f289,2,6,0.7293029869622822,0.6969081302996636,-0.032394856662618654,True,True,False,0,True
test,a92bb0beb3fd226d50671cf17587f289,3,6,0.7293029869622822,0.7386924293359769,0.009389442373694656,True,True,False,0,True
test,a92bb0beb3fd226d50671cf17587f289,4,6,0.7293029869622822,0.7386924293359769,0.009389442373694656,True,True,False,0,True
test,a92bb0beb3fd226d50671cf17587f289,5,6,0.7293029869622822,0.7474452273900527,0.018142240427770462,True,True,False,0,True
test,a92bb0beb3fd226d50671cf17587f289,6,6,0.7293029869622822,0.7474452273900527,0.018142240427770462,True,True,False,0,True
valid,b55e03266fc482bd2d25a8116a8be42d,2,2,0.5165655314919646,0.62347003987823,0.10690450838626542,True,True,False,0,True
valid,c785f1a060411564862b6a4d755f3de8,2,2,0.3516534509935021,0.4185591655959976,0.0669057146024955,False,False,False,6,False
test,7b3a63734004e1615b3f06417de1fe09,2,2,0.48738039697739477,0.6434535587521184,0.15607316177472363,True,True,False,0,True
test,fc5fbd714a68c4cb0a3a927b2525109b,2,2,0.5393935801838796,0.6803068478941152,0.1409132677102356,True,True,False,0,True
valid,a78b808171a7a24376688e39d3ada85c,2,2,0.4684101525200275,0.6053809655251937,0.13697081300516623,True,True,False,0,True
test,b5ee9c8a7edd714067ee2db82c6da589,2,2,0.7325312814005007,0.6220464050551751,-0.11048487634532567,True,True,False,9,False
valid,e5ed4b3425c83c1de25b1072b775a59b,2,2,0.387344120052759,0.5389039098397892,0.15155978978703022,False,True,True,0,True
test,db6b63568221b91ede8c733e175bcb0f,2,2,0.31964570174324525,0.587903334078405,0.26825763233515976,False,True,True,0,True
test,d5a809a7a258b9196d2bde32e7b9546e,2,3,0.45071596487611987,0.5429991727852681,0.09228320790914823,True,True,False,0,True
test,d5a809a7a258b9196d2bde32e7b9546e,3,3,0.45071596487611987,0.5380809511285123,0.08736498625239242,True,True,False,0,True
test,09ec142bfa34576d3914bdf8c19927c2,2,3,0.43951582889544827,0.6714961698057391,0.23198034091029085,False,True,True,7,False
test,09ec142bfa34576d3914bdf8c19927c2,3,3,0.43951582889544827,0.5634054509078863,0.12388962201243803,False,True,True,0,True
valid,4e99d33f688f3a9af1feb6d2f50d7509,2,2,0.42607070261672486,0.507503268193816,0.08143256557709111,False,True,True,0,True
valid,03ba7e127b7a5243620b6c62c740d722,2,2,0.5148735455313085,0.6519596716552339,0.13708612612392546,True,True,False,0,True
test,6afd8b64eabf9544f371b79bc6569bce,2,2,0.4115814475720476,0.5639965361047565,0.1524150885327089,False,True,True,0,True
valid,92f626e07da597fcb22e29a0a5d9f2c3,2,3,0.44194142241791756,0.6022018266090124,0.16026040419109489,True,True,False,0,True
valid,92f626e07da597fcb22e29a0a5d9f2c3,3,3,0.44194142241791756,0.6237878409489408,0.18184641853102324,True,True,False,0,True
test,4a7187a003cd08090bc8effb19765333,2,2,0.39899769435735255,0.6137306871595983,0.21473299280224578,False,True,True,0,True
test,2eae2166259acdfb17496cbcbf41959e,2,2,0.26307387007269967,0.5502316885342433,0.28715781846154365,False,True,True,0,True
test,838539a55877b06f3f297a3a0b7f46ca,2,2,0.5687196949549793,0.7230390512875757,0.1543193563325964,True,True,False,3,False
valid,f47f765aa8145f17ab00798fa7db8c41,2,2,0.3473751992134678,0.5136209418406937,0.1662457426272259,False,True,True,5,False
valid,6bae400cefd788e2156ed4bfa090a986,2,3,0.39638616220275624,0.44816815899783913,0.051781996795082885,False,True,True,0,True
valid,6bae400cefd788e2156ed4bfa090a986,3,3,0.39638616220275624,0.49743470641440857,0.10104854421165232,False,True,True,0,True
test,7515c1d8cfed88ade550c3fb589598f0,2,2,0.6331445466427799,0.8068923161854806,0.17374776954270077,True,True,False,0,True
test,2614277cdd7148ffedbc0bc25278eac3,2,2,0.43169259960448003,0.6093195638420073,0.17762696423752722,False,True,True,0,True
test,24914fccbca3abf70528903ab2af4bf8,2,3,0.4610985572686199,0.6107973905340628,0.14969883326544287,True,True,False,9,False
test,24914fccbca3abf70528903ab2af4bf8,3,3,0.4610985572686199,0.6263742671305692,0.16527570986194928,True,True,False,9,False
valid,89b77a270c5efd38d612633fc759b752,2,2,0.4884734999989482,0.6260092812735318,0.13753578127458366,True,True,False,0,True
test,21803e14b4e860720b86788c8234ecd0,2,2,0.3446311793346515,0.43424189075636344,0.08961071142171195,False,False,False,0,True
valid,9e9877690e22505a32b6bad98f4b2b84,2,2,0.3980299627401468,0.5288019201035976,0.13077195736345082,False,True,True,0,True
test,d2cb9a0941fffbf27dbeb82cb90bb0c2,2,2,0.3194499788789483,0.41437453678975167,0.09492455791080334,False,False,False,0,True
valid,02e4a3c7ec652c4ab1077763215580cf,2,2,0.4361813215977808,0.5853471719578567,0.1491658503600759,False,True,True,0,True
test,fc6909c54f7a6688147a7fd0a29cc30c,2,2,0.4282524402713066,0.4800751971050766,0.05182275683377002,False,True,True,0,True
valid,6a729d9b8d092428e08072ed4eff6899,2,2,0.41317043855522384,0.5470817307740645,0.13391129221884068,False,True,True,0,True
valid,c9d1d33be3caa33a65cd687e3f3da22f,2,2,0.3532200019544619,0.4361928332863605,0.08297283133189859,False,False,False,0,True
test,cf82b80e79a66336306b0c6c151f64ef,2,2,0.5608497472079368,0.7206974319311643,0.15984768472322752,True,True,False,14,False
test,86d4161fe71f1209143ca255d8be20e4,2,2,0.4835929056816647,0.6201432064506422,0.13655030076897756,True,True,False,0,True
test,6eb1445131218c4f6a6ef2d4960e4f51,2,3,0.4624376062636216,0.5592511420638252,0.09681353580020358,True,True,False,0,True
test,6eb1445131218c4f6a6ef2d4960e4f51,3,3,0.4624376062636216,0.621894981555551,0.15945737529192938,True,True,False,0,True
valid,45281486033aa1a5fb951a3cb2105e29,2,2,0.22709764721128,0.4641390078765173,0.2370413606652373,False,True,True,10,False
test,95087a791500e383c039460bbd6bcb57,2,2,0.7611992581786162,0.7277848006228846,-0.03341445755573158,True,True,False,0,True
test,be0f8b9e1444dc69d1288a37e32d2895,2,2,0.5404611654965967,0.6229817311761182,0.08252056567952148,True,True,False,12,False
test,81e2f3f9f9ab4dea091b20c7a652290e,2,2,0.3815811235925095,0.5618897652022519,0.18030864160974236,False,True,True,7,False
test,6bfebeac835b97870a72461537c137ec,2,2,0.4642474226682417,0.5526836991469102,0.08843627647866847,True,True,False,0,True
valid,f31d5a3e33c2203f5ae326272b1b6b08,2,2,0.41848959169431377,0.6045608989725798,0.18607130727826604,False,True,True,0,True
test,7aea47643f83c856db4ceee0830f39da,2,2,0.3870563843778586,0.6056510262564972,0.21859464187863864,False,True,True,0,True
test,192de94c5d82086caf648552314731ad,2,2,0.5806122826007731,0.5458463891106866,-0.03476589349008652,True,True,False,0,True
valid,68435f1e783a9283f9855607d7bc4ca1,2,2,0.5200002621646147,0.6373980003276751,0.11739773816306043,True,True,False,0,True
test,63f8151f2afc1d5465d47f4c00c029ae,2,2,0.6561133592756914,0.6693900168343196,0.01327665755862828,True,True,False,0,True
test,5039f5a43f5ff6b05bce59d10fba8cbf,2,2,0.4612752490336284,0.6451481389438569,0.18387288991022854,True,True,False,0,True
test,161743a94abde3599def5bdce166684c,2,4,0.5077622842571412,0.6615100701302092,0.15374778587306803,True,True,False,11,False
test,161743a94abde3599def5bdce166684c,3,4,0.5077622842571412,0.6900513034374994,0.18228901918035822,True,True,False,11,False
test,161743a94abde3599def5bdce166684c,4,4,0.5077622842571412,0.6900513034374994,0.18228901918035822,True,True,False,11,False
valid,28deb75c8cd00d9b37fc3376aca1cc09,2,2,0.46596592486955424,0.651492627690814,0.18552670282125971,True,True,False,0,True
test,867318eda451a721d23a5e0fbc82fcc9,2,3,0.3487552317898738,0.4787096359911045,0.12995440420123072,False,True,True,0,True
test,867318eda451a721d23a5e0fbc82fcc9,3,3,0.3487552317898738,0.5612932484372872,0.21253801664741345,False,True,True,0,True
test,6c8c2eaa3f73e88dd6dec1b8e00648e3,2,4,0.5050390449252161,0.6619744559766032,0.15693541105138709,True,True,False,0,True
test,6c8c2eaa3f73e88dd6dec1b8e00648e3,3,4,0.5050390449252161,0.6518868971017153,0.1468478521764992,True,True,False,0,True
test,6c8c2eaa3f73e88dd6dec1b8e00648e3,4,4,0.5050390449252161,0.6518868971017153,0.1468478521764992,True,True,False,0,True
test,fe16cd489dc12547d392b20401886aa1,2,2,0.40597909847778724,0.5669364095972897,0.1609573111195025,False,True,True,0,True
test,181ff95f97fee531c4afa9e882186f18,2,3,0.3602302735478168,0.4438247297368262,0.0835944561890094,False,True,True,0,True
test,181ff95f97fee531c4afa9e882186f18,3,3,0.3602302735478168,0.3980860958460306,0.037855822298213826,False,False,False,0,True
test,b1d817ac8ea07419070180cf22b19fdb,2,5,0.4677645994700973,0.5485354340725973,0.08077083460250001,True,True,False,0,True
test,b1d817ac8ea07419070180cf22b19fdb,3,5,0.4677645994700973,0.6233068884258514,0.15554228895575406,True,True,False,0,True
test,b1d817ac8ea07419070180cf22b19fdb,4,5,0.4677645994700973,0.6497647388099925,0.18200013933989523,True,True,False,0,True
test,b1d817ac8ea07419070180cf22b19fdb,5,5,0.4677645994700973,0.6497647388099925,0.18200013933989523,True,True,False,0,True
test,6498d67586b0908cad595ae0c3638205,2,2,0.3767467721604453,0.5107898944185831,0.13404312225813786,False,True,True,7,False
test,724510eaec5c0c1973df8699c23cef4e,2,2,0.47627789430106793,0.6140091482159474,0.1377312539148795,True,True,False,0,True
valid,9293a0b9f66eb89c45d984173b2f3999,2,2,0.43682057205867253,0.5159826718660919,0.0791620998074194,False,True,True,8,False
test,51de77120c854253873cebe912d4d46b,2,2,0.4470560543056613,0.60910945953723,0.16205340523156864,True,True,False,14,False
valid,387782f617545adccce38a442b1fbcb9,2,2,0.4982924470943697,0.6286119806794246,0.13031953358505488,True,True,False,0,True
test,90a2585a7f96989dbc875ae664f8a983,2,2,0.5113941330962786,0.6691211587078707,0.15772702561159213,True,True,False,0,True
test,7068f768a623a654abf648def8753495,2,3,0.46682122715903573,0.4684458766756733,0.001624649516637544,True,True,False,10,False
test,7068f768a623a654abf648def8753495,3,3,0.46682122715903573,0.6138526257966892,0.14703139863765347,True,True,False,0,True
test,914ee15dc01a54f3bcb1df425276d627,2,2,0.39915332256418923,0.5318236596483887,0.1326703370841995,False,True,True,0,True
test,5761ffe3eb3586d8bce6917e443b3d08,2,2,0.29814352224935203,0.4860964311447742,0.18795290889542215,False,True,True,0,True
test,d709030e94d8f232fbfd24947c02a10a,2,2,0.3795009498884818,0.5541003984289989,0.17459944854051712,False,True,True,0,True
test,22648d496637318d8713a49b4e628a87,2,3,0.3738081346255112,0.5831797137345169,0.20937157910900572,False,True,True,0,True
test,22648d496637318d8713a49b4e628a87,3,3,0.3738081346255112,0.6167031602080073,0.2428950255824961,False,True,True,0,True
valid,1e02a1a50e6a1a89f876752ba5e1cec8,2,2,0.2745013108696249,0.4250774820437019,0.15057617117407696,False,False,False,0,True
test,78d58078e70e4f5add3ab8b0a5013212,2,2,0.3898489970013501,0.5051083390690356,0.11525934206768551,False,True,True,0,True
test,b26281af4e5c3a50b10887f626ee883f,2,2,0.5541722437915111,0.7060286316145619,0.15185638782305078,True,True,False,0,True
valid,067546963d2dc6275eb550df0482c460,2,2,0.540419341408597,0.7078624175630546,0.16744307615445753,True,True,False,0,True
test,3dd755153da335084e4f2ae10c077b5e,2,2,0.3810304513252202,0.5534277517827915,0.1723973004575713,False,True,True,0,True
valid,df5a7fca987728c4c3c6295f26ba20d0,2,2,0.44021828850882294,0.45059801068791916,0.010379722179096218,True,True,False,0,True
test,2d69f10ad3b8448d288a26023ff5f977,2,3,0.5008155538898424,0.6085957635720028,0.1077802096821604,True,True,False,5,False
test,2d69f10ad3b8448d288a26023ff5f977,3,3,0.5008155538898424,0.6206237163025148,0.11980816241267234,True,True,False,0,True
valid,b3e5d245a95dd6378330cc2249d9d6b4,2,2,0.4715592878995981,0.5699624325829852,0.09840314468338707,True,True,False,0,True
test,550c9803e94828d5b3c5c891561b7200,2,2,0.4321560758651276,0.6162655770710774,0.18410950120594982,False,True,True,0,True
test,fe642627ef34edffd9e897365f2d0449,2,2,0.4177011245657617,0.5587523701018234,0.14105124553606174,False,True,True,0,True
test,0beab7700e74cb828b63e0a174e17256,2,2,0.32324809965920287,0.453303963626572,0.13005586396736912,False,True,True,0,True
test,fdd5e4264311601ee93658c23d3a79be,2,2,0.38582809848878086,0.536870038981947,0.1510419404931661,False,True,True,0,True
valid,3662bd55e74767e3a5f39573beae83b5,2,2,0.33589481923861875,0.4376888344861267,0.10179401524750797,False,False,False,0,True
test,d192544ec2b865ca0055b5c559bca196,2,2,0.35368499108089047,0.4769040461281342,0.12321905504724373,False,True,True,0,True
valid,862367d9dd9e80263c5b728d8c81b2a6,2,5,0.3661555796409992,0.43174561397496636,0.06559003433396715,False,False,False,0,True
valid,862367d9dd9e80263c5b728d8c81b2a6,3,5,0.3661555796409992,0.5266731410423883,0.16051756140138906,False,True,True,0,True
valid,862367d9dd9e80263c5b728d8c81b2a6,4,5,0.3661555796409992,0.5551951055357871,0.1890395258947879,False,True,True,0,True
valid,862367d9dd9e80263c5b728d8c81b2a6,5,5,0.3661555796409992,0.5551951055357871,0.1890395258947879,False,True,True,0,True
test,0871bd17337f3c779b6ce501af36a4cd,2,2,0.41724999365877835,0.5657482490468773,0.1484982553880989,False,True,True,0,True
valid,011bf86f1b7dacebda2c874333cf656b,2,2,0.5282025486383046,0.6745946718271335,0.14639212318882888,True,True,False,0,True
test,0b0809b2b64511c62fb745fb8b465cc9,2,6,0.3753923914256936,0.4992175477188101,0.12382515629311652,False,True,True,0,True
test,0b0809b2b64511c62fb745fb8b465cc9,3,6,0.3753923914256936,0.5540499910772683,0.17865759965157468,False,True,True,0,True
test,0b0809b2b64511c62fb745fb8b465cc9,4,6,0.3753923914256936,0.5556759116784753,0.18028352025278171,False,True,True,0,True
test,0b0809b2b64511c62fb745fb8b465cc9,5,6,0.3753923914256936,0.5623324120911477,0.18694002066545412,False,True,True,0,True
test,0b0809b2b64511c62fb745fb8b465cc9,6,6,0.3753923914256936,0.5623324120911477,0.18694002066545412,False,True,True,0,True
test,05369626de3379a1a26fa24e22048214,2,2,0.8132088965051726,0.7213793052804828,-0.09182959122468981,True,True,False,6,False
test,cd03e8cd71dabc46caecc93fe7a25ff7,2,2,0.4380548134391691,0.6454469628840029,0.20739214944483386,False,True,True,0,True
test,f49f2ab05c53d4b13cafacf2cef7c266,2,2,0.4244154175685111,0.6841083944196433,0.25969297685113224,False,True,True,5,False
valid,51248b88b0b4821b2e8eb524d990140e,2,2,0.36698725932800347,0.508135430160572,0.1411481708325686,False,True,True,6,False
valid,085505e898297808653c70305ae11f47,2,3,0.5177421122627408,0.6415176263182918,0.12377551405555098,True,True,False,6,False
valid,085505e898297808653c70305ae11f47,3,3,0.5177421122627408,0.5978910770632073,0.08014896480046652,True,True,False,8,False
valid,73449c4661293c6fa98e4e035451a8b2,2,2,0.4758981442171355,0.56519386181541,0.08929571759827448,True,True,False,0,True
valid,f8c23d339c140eddae8418d518af8497,2,4,0.3482762367223893,0.49421455576895323,0.14593831904656396,False,True,True,0,True
valid,f8c23d339c140eddae8418d518af8497,3,4,0.3482762367223893,0.595837161514401,0.24756092479201175,False,True,True,0,True
valid,f8c23d339c140eddae8418d518af8497,4,4,0.3482762367223893,0.623173346576065,0.27489710985367577,False,True,True,0,True
test,b058f625ecdea748969b3d9f508873fb,2,3,0.4932887970405787,0.7009768692041001,0.20768807216352136,True,True,False,0,True
test,b058f625ecdea748969b3d9f508873fb,3,3,0.4932887970405787,0.7175080477871859,0.2242192507466072,True,True,False,0,True
valid,77bebd4675a69e173b4fc0b4cbc38ae4,2,3,0.37960124337938483,0.4979885398158559,0.11838729643647106,False,True,True,0,True
valid,77bebd4675a69e173b4fc0b4cbc38ae4,3,3,0.37960124337938483,0.5286441070138053,0.14904286363442043,False,True,True,0,True
valid,def7170630f9076d10d4506289972002,2,2,0.46906850333084316,0.5619100930268746,0.0928415896960314,True,True,False,0,True
test,c3aa096e341a72813ecfb834df16b91e,2,2,0.5565892524700773,0.7087457369743846,0.1521564845043073,True,True,False,0,True
test,53cc1746fb6c46702ba0e22fc3db81a5,2,2,0.5940156376925174,0.7177629038510208,0.1237472661585034,True,True,False,0,True
test,198cbd4bd806061597b3f8fbdf126ad6,2,5,0.4864640864549491,0.6886340371604007,0.20216995070545163,True,True,False,0,True
test,198cbd4bd806061597b3f8fbdf126ad6,3,5,0.4864640864549491,0.6468547676148867,0.1603906811599376,True,True,False,0,True
test,198cbd4bd806061597b3f8fbdf126ad6,4,5,0.4864640864549491,0.6468547676148867,0.1603906811599376,True,True,False,0,True
test,198cbd4bd806061597b3f8fbdf126ad6,5,5,0.4864640864549491,0.6459661166217101,0.159502030166761,True,True,False,0,True
test,b2a33016c177ab9b6f09ca324bb26ec6,2,2,0.39092500641108296,0.6193416636779261,0.22841665726684313,False,True,True,0,True
valid,f2710c3e65b68cfc927a8aac6ecebe83,2,3,0.5412673446150477,0.6544036962454309,0.11313635163038327,True,True,False,8,False
valid,f2710c3e65b68cfc927a8aac6ecebe83,3,3,0.5412673446150477,0.7634042565462128,0.22213691193116514,True,True,False,8,False
test,5e305bce2589552e505f2db43aaef669,2,2,0.547814468036851,0.5934145014146603,0.04560003337780938,True,True,False,15,False
test,e127e496849462216ba78b6dfe0c48ed,2,3,0.7630710185090563,0.8105990489938195,0.04752803048476317,True,True,False,0,True
test,e127e496849462216ba78b6dfe0c48ed,3,3,0.7630710185090563,0.8177894381532235,0.05471841964416713,True,True,False,4,False
test,4178c05b8ab84fbe2adaf20cffadaa9d,2,2,0.6249925728693504,0.6137955254610812,-0.011197047408269212,True,True,False,0,True
valid,b4991992f14d4f5d1283bfe1922df009,2,2,0.3676269837137677,0.44636529937578096,0.07873831566201328,False,True,True,0,True
test,f91a6274f42705db22d06ba516968a56,2,2,0.4749898230832963,0.6289635278034622,0.15397370472016592,True,True,False,0,True
test,660184ce8221d07e9acefb645947f761,2,2,0.3802771941086943,0.6781181108545288,0.29784091674583446,False,True,True,6,False
test,9f0d28d789448f7e4e59abe0af2b1eaf,2,2,0.43045923915806783,0.6468240877980596,0.21636484863999172,False,True,True,0,True
valid,7d0efe41a9db8dbb13ba3940f287fe74,2,2,0.4813915344668497,0.6006983542666637,0.11930681979981406,True,True,False,0,True
test,082d9e610509b115a17045c97c207811,2,4,0.4858685782536558,0.6607801637370092,0.1749115854833534,True,True,False,0,True
test,082d9e610509b115a17045c97c207811,3,4,0.4858685782536558,0.7112260961061915,0.22535751785253566,True,True,False,0,True
test,082d9e610509b115a17045c97c207811,4,4,0.4858685782536558,0.7251468098774068,0.23927823162375095,True,True,False,0,True
test,338ffe54b65a3b8124c81ebe6d1cc4b0,2,3,0.4522749278028245,0.6589188407922253,0.20664391298940077,True,True,False,10,False
test,338ffe54b65a3b8124c81ebe6d1cc4b0,3,3,0.4522749278028245,0.7651134573943472,0.3128385295915227,True,True,False,10,False
valid,4e371e6caa2a2b7a2397ba36ef686f9c,2,2,0.4428512885429894,0.5662726793254289,0.12342139078243952,True,True,False,9,False
test,d199e989bbb5f7b410c1a717d589499e,2,2,0.48991067633285146,0.6365820928669885,0.14667141653413707,True,True,False,11,False
test,1832e58eef1866c5fbd21e7e927cb8cc,2,2,0.43214607233207525,0.6107034078017388,0.17855733546966357,False,True,True,11,False
valid,d6b7fe0100a5ed0711d0682fc1ed7819,2,2,0.29675709685059404,0.376583760141849,0.07982666329125498,False,False,False,0,True
test,8a6b619c3aff55f02ec3cabe6d746ce8,2,6,0.5866066773214795,0.6862373755495534,0.09963069822807391,True,True,False,0,True
test,8a6b619c3aff55f02ec3cabe6d746ce8,3,6,0.5866066773214795,0.7020335938034423,0.1154269164819628,True,True,False,0,True
test,8a6b619c3aff55f02ec3cabe6d746ce8,4,6,0.5866066773214795,0.7110180051534805,0.12441132783200093,True,True,False,0,True
test,8a6b619c3aff55f02ec3cabe6d746ce8,5,6,0.5866066773214795,0.7110180051534805,0.12441132783200093,True,True,False,0,True
test,8a6b619c3aff55f02ec3cabe6d746ce8,6,6,0.5866066773214795,0.7110180051534805,0.12441132783200093,True,True,False,0,True
valid,78037c5f4d9f1f7bab0207f22c4e92f1,2,2,0.31029764015202366,0.35947050764622623,0.04917286749420258,False,False,False,0,True
valid,27c23f89fe3b1bb3b137c7be5ae8407e,2,2,0.48511761481017435,0.5641777946590205,0.07906017984884617,True,True,False,0,True
test,b5afd0718531dfc9e9ea16d79715fd8a,2,2,0.3413759898673602,0.5611718393411932,0.21979584947383302,False,True,True,0,True
test,cedd76fc5747c4fe238fffea929a9672,2,2,0.48582437064915673,0.6002455608209483,0.11442119017179153,True,True,False,0,True
test,da0c01c648efe58143eae5e7c1a38ac0,2,2,0.550105715361563,0.5392780602926659,-0.010827655068897157,True,True,False,11,False
test,3a1ce4053005d669ac4e0047a13573cf,2,4,0.39403443220057865,0.44208774868523704,0.04805331648465838,False,True,True,0,True
test,3a1ce4053005d669ac4e0047a13573cf,3,4,0.39403443220057865,0.4894084317134254,0.09537399951284675,False,True,True,0,True
test,3a1ce4053005d669ac4e0047a13573cf,4,4,0.39403443220057865,0.4945112485829757,0.10047681638239703,False,True,True,0,True
test,8e3da817420d855917c40e1b7e2cd84e,2,2,0.4045557827027675,0.5452769781165507,0.14072119541378325,False,True,True,0,True
test,9ea90710803e4139de8c55d6d4f9accb,2,5,0.4443573861142772,0.644687278621535,0.20032989250725775,True,True,False,0,True
test,9ea90710803e4139de8c55d6d4f9accb,3,5,0.4443573861142772,0.6830432171428344,0.23868583102855723,True,True,False,0,True
test,9ea90710803e4139de8c55d6d4f9accb,4,5,0.4443573861142772,0.7001309453338889,0.25577355921961165,True,True,False,0,True
test,9ea90710803e4139de8c55d6d4f9accb,5,5,0.4443573861142772,0.7001309453338889,0.25577355921961165,True,True,False,0,True
valid,980c0688b61b100db985aae4b5cfa28f,2,2,0.4219055240029914,0.5407353520830072,0.11882982808001574,False,True,True,0,True
valid,ce7f20b493bdd502a0443f39ad764684,2,2,0.4695653441391312,0.5768638119186663,0.10729846777953511,True,True,False,0,True
valid,82f8b4e6a57d8d34d6982d5ee946e521,2,3,0.439803198111576,0.5484198189550604,0.10861662084348445,False,True,True,0,True
valid,82f8b4e6a57d8d34d6982d5ee946e521,3,3,0.439803198111576,0.5259215930935496,0.0861183949819736,False,True,True,0,True
valid,04f15733e3974c4127cb066cb835cdc9,2,2,0.31565919333166836,0.425686266232261,0.11002707290059266,False,False,False,0,True
test,e3b0717751a72db4e76c2aab9e9e9ed1,2,3,0.3043555536413399,0.4523919079614178,0.1480363543200779,False,True,True,0,True
test,e3b0717751a72db4e76c2aab9e9e9ed1,3,3,0.3043555536413399,0.42787931069940077,0.12352375705806085,False,False,False,0,True
test,da56b8c5c4e96c536c6ebdadffebd9e6,2,2,0.4920252961901185,0.6114556522201355,0.11943035603001706,True,True,False,0,True
valid,6ac111f174eb8463de511ce4db97158c,2,2,0.3532491543409164,0.44880186624736784,0.09555271190645143,False,True,True,0,True
valid,92a5191ba977547e2cd844d5140c63f1,2,2,0.3651794229255092,0.5675146293478148,0.20233520642230562,False,True,True,14,False
valid,e97b95303d6054c4c492d83dcd06ac20,2,2,0.37990820901084443,0.49108146341192915,0.11117325440108472,False,True,True,0,True
test,01b06b4d63c340902dbe3d9f8b2fe821,2,2,0.4433710704092658,0.6446481758286469,0.20127710541938104,True,True,False,0,True
valid,b48ac51be3a49fb7eeaec899f9841944,2,3,0.4845644901468561,0.5620186244491039,0.07745413430224779,True,True,False,0,True
valid,b48ac51be3a49fb7eeaec899f9841944,3,3,0.4845644901468561,0.6172708811177847,0.13270639097092862,True,True,False,0,True
valid,ca1a5d05634323c6aa39defe3db5c99f,2,2,0.46009501447454704,0.5202065355626014,0.0601115210880544,True,True,False,0,True
test,257a0d5445d4ae131816384009fbb954,2,3,0.38963893021772755,0.5689716977084722,0.17933276749074467,False,True,True,0,True
test,257a0d5445d4ae131816384009fbb954,3,3,0.38963893021772755,0.6413149667970437,0.25167603657931614,False,True,True,0,True
test,e2fcc0343a77288cc6461dbf325986bd,2,2,0.4782185818727449,0.6456014001523964,0.1673828182796515,True,True,False,3,False
test,8ad33f5d86f59bcd9ba668dc2f9eeb71,2,2,0.39219452996182025,0.562924285269072,0.17072975530725176,False,True,True,0,True
test,cf4659487be50c0c317cff3564c4a840,2,6,0.6202849102493027,0.8078001339253817,0.1875152236760791,True,True,False,0,True
test,cf4659487be50c0c317cff3564c4a840,3,6,0.6202849102493027,0.8162397340879182,0.1959548238386155,True,True,False,0,True
test,cf4659487be50c0c317cff3564c4a840,4,6,0.6202849102493027,0.8228934086476729,0.20260849839837025,True,True,False,0,True
test,cf4659487be50c0c317cff3564c4a840,5,6,0.6202849102493027,0.8228934086476729,0.20260849839837025,True,True,False,0,True
test,cf4659487be50c0c317cff3564c4a840,6,6,0.6202849102493027,0.8228934086476729,0.20260849839837025,True,True,False,0,True
test,c634e50ec075d06b4cd1d70527697f08,2,2,0.42505079551302405,0.572860740734944,0.14780994522191993,False,True,True,0,True
test,6225935944047d4d3aa8d938a2988c61,2,2,0.4502686223513175,0.5983099049778393,0.14804128262652183,True,True,False,0,True
test,110bb98db579131adc6f4d8bbd97c673,2,2,0.6343110552012654,0.6366189636562706,0.00230790845500517,True,True,False,0,True
valid,1d23106803c48c391366ff224513fb7f,2,4,0.5892730839677385,0.5562519151168923,-0.03302116885084616,True,True,False,8,False
valid,1d23106803c48c391366ff224513fb7f,3,4,0.5892730839677385,0.7053513762662832,0.11607829229854472,True,True,False,8,False
valid,1d23106803c48c391366ff224513fb7f,4,4,0.5892730839677385,0.6689779915028691,0.0797049075351306,True,True,False,5,False
test,2baf80a0f30b1660ef1d0653314c04dd,2,4,0.41676391673167423,0.6061840773436344,0.1894201606119602,False,True,True,9,False
test,2baf80a0f30b1660ef1d0653314c04dd,3,4,0.41676391673167423,0.6731146365032465,0.2563507197715723,False,True,True,0,True
test,2baf80a0f30b1660ef1d0653314c04dd,4,4,0.41676391673167423,0.7722354554367841,0.35547153870510984,False,True,True,11,False
test,3162e7a4bd72ecb02f89eba7df43673e,2,2,0.36620962354205844,0.6500951581792596,0.2838855346372011,False,True,True,11,False
valid,7dde8d5a4f827143962fb226ff159518,2,3,0.47747775250866786,0.6712164151942368,0.19373866268556894,True,True,False,0,True
valid,7dde8d5a4f827143962fb226ff159518,3,3,0.47747775250866786,0.63219653179634,0.1547187792876722,True,True,False,0,True
test,bc7378e3329da5c228531efaaabb18ae,2,2,0.47365353822536327,0.509047345030935,0.03539380680557169,True,True,False,12,False
test,3e286b2b3cdfba0787bfddb3b98c894f,2,4,0.4364209284072461,0.6243910830298712,0.18797015462262512,False,True,True,0,True
test,3e286b2b3cdfba0787bfddb3b98c894f,3,4,0.4364209284072461,0.6480843408370364,0.21166341242979025,False,True,True,0,True
test,3e286b2b3cdfba0787bfddb3b98c894f,4,4,0.4364209284072461,0.6480843408370364,0.21166341242979025,False,True,True,0,True
test,c5d3cee440eb83e631a641c4da2ef16f,2,2,0.4695165510093905,0.6714744794485644,0.20195792843917393,True,True,False,1,False
test,098e78dea9fc1a1e1e49c220f27dcea4,2,2,0.6052861226666572,0.7029932322797308,0.0977071096130736,True,True,False,4,False
test,188f31b5ce7e58114dc03f7d6289f9a4,2,2,0.47041469153267346,0.7130051220214784,0.2425904304888049,True,True,False,0,True
valid,d5ba4800b58a75d721450cb4ce724015,2,2,0.655825722219832,0.61164998118499,-0.04417574103484201,True,True,False,0,True
test,5ebe913dc009bb2798496dd85fc352bc,2,3,0.7276657438307145,0.7082226708752403,-0.019443072955474205,True,True,False,3,False
test,5ebe913dc009bb2798496dd85fc352bc,3,3,0.7276657438307145,0.7496602398109617,0.021994495980247275,True,True,False,3,False
test,323d47b2350119b2f1da2f6fe63e1e73,2,2,0.5384903101036425,0.7424054109625123,0.20391510085886988,True,True,False,0,True
valid,48d0293985d532c653f5d41dbf977030,2,2,0.5667978887910642,0.6755118878606267,0.10871399906956247,True,True,False,0,True
valid,7a3b7acfc934ff1d78118bc04bbcad7c,2,2,0.4015264644512596,0.48555584778581595,0.08402938333455634,False,True,True,0,True
test,068254dc0ecdb91d62f52c658b4dd09a,2,3,0.5440165154552499,0.6595529975051353,0.11553648204988543,True,True,False,1,False
test,068254dc0ecdb91d62f52c658b4dd09a,3,3,0.5440165154552499,0.6939439520834205,0.14992743662817065,True,True,False,13,False
valid,491f5fabbd1c4d86ab4ae7a2024d7368,2,2,0.44204733529221985,0.45194358760156184,0.00989625230934199,True,True,False,4,False
valid,419de35b9f49a3e9822b8f09116cdea2,2,3,0.4886106960859855,0.6545200412006329,0.1659093451146474,True,True,False,0,True
valid,419de35b9f49a3e9822b8f09116cdea2,3,3,0.4886106960859855,0.6651731788382846,0.17656248275229913,True,True,False,0,True
test,71394edb269e67b8431cc1c355cc53df,2,2,0.48784599867368816,0.6627047411146287,0.17485874244094057,True,True,False,0,True
test,1f70d88d8d6e9880a9e50ee78420c24c,2,2,0.46604788672976283,0.5724875866817831,0.1064396999520203,True,True,False,0,True
test,3c7e4eeb2c6c14762f90616740515e92,2,2,0.4037406901747088,0.6119109887783425,0.20817029860363367,False,True,True,3,False
valid,42d0d6be3900c1f50190096f216695b1,2,2,0.43277717066514065,0.5575758402754363,0.12479866961029562,False,True,True,7,False
test,26b5d26aa210d44b8a3f2310d32643f6,2,2,0.36599195149700925,0.4847758984353351,0.11878394693832584,False,True,True,0,True
valid,7401e9523d2377080c54f7ac11967b95,2,2,0.5725761273810688,0.6566407616735869,0.08406463429251809,True,True,False,0,True
test,8a02059055e25bfefbd27fa0d9d1a5dc,2,2,0.35559927316302253,0.5237006076541401,0.16810133449111753,False,True,True,0,True
test,9b4d22bcdc311314f200a33d155c6223,2,2,0.39887040068730706,0.5301854884780908,0.1313150877907837,False,True,True,0,True
test,b992cd122d05b330c88f6eab0181dfc6,2,2,0.46542944570440714,0.6484463829648413,0.1830169372604341,True,True,False,0,True
test,a1ca351ecfd6a7962ae956aeb0c9f96c,2,2,0.511910488975124,0.7576255120839843,0.2457150231088603,True,True,False,0,True
test,934a734f2c8a77cbe4f55441d7e051ae,2,2,0.4007961919481001,0.5563058133589769,0.15550962141087676,False,True,True,0,True
valid,6dad10eaed0900d63501e1c436408bf6,2,2,0.43387056865350837,0.5931383556338425,0.15926778698033417,False,True,True,0,True
test,88e3babdb4772c2fc14b52cee9cf7da7,2,2,0.7315659779965414,0.6432109090183686,-0.0883550689781728,True,True,False,5,False
test,3e71c6639efc622b22bea76bc198841e,2,3,0.3727121351954026,0.49795531846561236,0.12524318327020978,False,True,True,0,True
test,3e71c6639efc622b22bea76bc198841e,3,3,0.3727121351954026,0.5477045875248603,0.1749924523294577,False,True,True,0,True
valid,1c2d22c1d55459e10c141fba4eed75be,2,2,0.50899333473832,0.628174072488753,0.11918073775043303,True,True,False,0,True
test,b8fa6b82124d10ce03fca71fba70a4db,2,3,0.5412982509039699,0.6437494889683283,0.10245123806435841,True,True,False,0,True
test,b8fa6b82124d10ce03fca71fba70a4db,3,3,0.5412982509039699,0.6452356909580514,0.10393744005408156,True,True,False,0,True
valid,11ff2af78a9ec50c26f9cbbc62a10d38,2,2,0.2774258655630819,0.4148353197533684,0.1374094541902865,False,False,False,0,True
valid,a824974b8e61d6186b2850a63ca9461e,2,2,0.3736456263648332,0.48385630623131826,0.11021067986648503,False,True,True,0,True
valid,e1282f31d9a5f43661a251858c894bf3,2,2,0.36912013900497354,0.486062609847249,0.11694247084227549,False,True,True,0,True
test,1aa9e8f35ac38d8a10b41441e1faa0a2,2,3,0.4938934704235908,0.6737668234949776,0.17987335307138685,True,True,False,0,True
test,1aa9e8f35ac38d8a10b41441e1faa0a2,3,3,0.4938934704235908,0.6776535644822619,0.1837600940586711,True,True,False,0,True
test,9f625a3ed898cbfe30b9f9ef44897889,2,2,0.6233324327124472,0.47598304791419876,-0.14734938479824844,True,True,False,0,True
valid,771b546bcdc6a4a0e6e4702ea7e0dd5a,2,2,0.41247829724241447,0.6027993857258322,0.19032108848341778,False,True,True,0,True
valid,bc3ac768a8963f4ca68942ea6558fc9f,2,2,0.6572500990816841,0.6109482559884163,-0.04630184309326779,True,True,False,6,False
valid,ed0b1b983f9bd6988b9865f7e774b885,2,2,0.4126099074319124,0.5161765258334057,0.10356661840149328,False,True,True,0,True
test,1c19fe562ab8176385b8e5fb6566aea2,2,2,0.4596531209616873,0.5696758610262995,0.11002274006461221,True,True,False,4,False
valid,25de47610b1fe93d066d999828c0fe57,2,3,0.3819786665109062,0.5401433461084405,0.15816467959753433,False,True,True,9,False
valid,25de47610b1fe93d066d999828c0fe57,3,3,0.3819786665109062,0.652083320121946,0.27010465361103986,False,True,True,7,False
test,70983de08035fb49df8fcf1afe6458cd,2,3,0.49042633184466133,0.6590228479331264,0.16859651608846504,True,True,False,0,True
test,70983de08035fb49df8fcf1afe6458cd,3,3,0.49042633184466133,0.6890734672533795,0.19864713540871815,True,True,False,0,True
valid,8638ab78e1d77dccdeab53b0720505b3,2,2,0.4634090039598131,0.6675227549714802,0.20411375101166707,True,True,False,0,True
valid,64e3321a3a685e5fc72f768029201519,2,2,0.43017911580583335,0.521130365707484,0.0909512499016506,False,True,True,0,True
test,e4c412c45813fd2fdd6e1fa72b69425a,2,2,0.48116101997798244,0.6683073752225843,0.18714635524460188,True,True,False,0,True
valid,972d0ed6eecb690d07910ee2dbaccb19,2,2,0.37059780456683244,0.4737041470988632,0.10310634253203077,False,True,True,0,True
test,d384b1c62ae84499639bcfbb3f9f8116,2,2,0.39424228036645337,0.5714828007785169,0.1772405204120635,False,True,True,3,False
test,9fe32da158d0f7c1adb336ad3b69839b,2,2,0.4194342108054905,0.5820298685817291,0.16259565777623863,False,True,True,0,True
test,490b4a17364f3c7de5877ba86082139c,2,2,0.32851657627874853,0.5704752069570648,0.24195863067831624,False,True,True,0,True
test,8081c44895cefcfebc13faec5c9ed8bf,2,2,0.38112216240892205,0.5693410537641896,0.1882188913552676,False,True,True,8,False
test,037f4f91c8f5cd2a6ddd52a63d97fdcc,2,2,0.37393611667780613,0.5522153787880649,0.1782792621102588,False,True,True,0,True
valid,df421353d656af08ee42d32fe894f484,2,5,0.35013337914312304,0.4262046119307309,0.07607123278760786,False,False,False,0,True
valid,df421353d656af08ee42d32fe894f484,3,5,0.35013337914312304,0.4213085333134058,0.07117515417028275,False,False,False,0,True
valid,df421353d656af08ee42d32fe894f484,4,5,0.35013337914312304,0.4213085333134058,0.07117515417028275,False,False,False,0,True
valid,df421353d656af08ee42d32fe894f484,5,5,0.35013337914312304,0.4213085333134058,0.07117515417028275,False,False,False,0,True
valid,753f20d5d3b360334f4bf5e239710c14,2,2,0.2797522899746555,0.35675910674062217,0.07700681676596666,False,False,False,0,True
valid,522d7c3197277c13553183e4960cdf5c,2,2,0.4958470114838893,0.6436021057388259,0.1477550942549366,True,True,False,0,True
test,ec8e9794cc2de09054361b036773b543,2,2,0.4403324382806276,0.6181158045747066,0.17778336629407898,True,True,False,10,False
valid,eac51ba7a8bd2abf757e03c95fba700e,2,2,0.3932022339251561,0.491462616582955,0.0982603826577989,False,True,True,0,True
valid,bb140c47651a535f268a412957c31987,2,2,0.3901277345127335,0.5807528158851498,0.1906250813724163,False,True,True,1,False
test,d5db5ade6120da8525cd7eac0608d009,2,2,0.4334950764897775,0.6325766414185027,0.1990815649287252,False,True,True,0,True
valid,65a9d3006386a380f4b594577a01cef0,2,2,0.6544971674761965,0.7008964447859174,0.04639927730972093,True,True,False,0,True
test,43815de1cf66f1ea104e0d114b8e1564,2,3,0.5331624168943938,0.730694152671417,0.1975317357770232,True,True,False,8,False
test,43815de1cf66f1ea104e0d114b8e1564,3,3,0.5331624168943938,0.679297053561255,0.14613463666686122,True,True,False,8,False
test,7c6de5f0eea0d2f823e3dc3dc6e3ef4c,2,2,0.3870914668613481,0.6250084782807106,0.2379170114193625,False,True,True,10,False
valid,3e4a2b96719ecae342e5d413e97a1be2,2,2,0.35604720072462526,0.5071826494003676,0.15113544867574236,False,True,True,8,False
test,58346246ea802a21cb34124ed2326770,2,4,0.6826382021168581,0.6640066300852121,-0.018631572031646004,True,True,False,0,True
test,58346246ea802a21cb34124ed2326770,3,4,0.6826382021168581,0.7057358939967183,0.023097691879860216,True,True,False,0,True
test,58346246ea802a21cb34124ed2326770,4,4,0.6826382021168581,0.7057358939967183,0.023097691879860216,True,True,False,0,True
test,8ecc75b89cac1a60578b65339ad6a169,2,4,0.44300725017204945,0.6133002468276412,0.17029299665559172,True,True,False,0,True
test,8ecc75b89cac1a60578b65339ad6a169,3,4,0.44300725017204945,0.6293257561051777,0.18631850593312826,True,True,False,0,True
test,8ecc75b89cac1a60578b65339ad6a169,4,4,0.44300725017204945,0.6293257561051777,0.18631850593312826,True,True,False,0,True
valid,2107484004fafd3fa95b3ddefb066aed,2,2,0.28074004975175026,0.29288847512060434,0.012148425368854077,False,False,False,0,True
test,3386674e0363653ac5f71597d88d80fe,2,3,0.5218069816386978,0.5571082486774297,0.03530126703873193,True,True,False,11,False
test,3386674e0363653ac5f71597d88d80fe,3,3,0.5218069816386978,0.7399764045375885,0.21816942289889074,True,True,False,0,True
valid,cd55a3824ef5413fb6fedc755c75fe39,2,2,0.4215118041326178,0.5546111404866798,0.13309933635406201,False,True,True,0,True
test,43bc72f5380889da97627ba5ac7806be,2,2,0.47162750138395737,0.6843607653055324,0.212733263921575,True,True,False,0,True
test,934687c37e7180c1b553ffbf3485af95,2,5,0.598197466831625,0.6099700159252658,0.011772549093640783,True,True,False,0,True
test,934687c37e7180c1b553ffbf3485af95,3,5,0.598197466831625,0.6323920938512428,0.03419462701961784,True,True,False,0,True
test,934687c37e7180c1b553ffbf3485af95,4,5,0.598197466831625,0.6323920938512428,0.03419462701961784,True,True,False,0,True
test,934687c37e7180c1b553ffbf3485af95,5,5,0.598197466831625,0.6386466787159798,0.0404492118843548,True,True,False,0,True
test,e9deefc5724bd9c035dc3727fa4ad4d0,2,2,0.5312560415203156,0.6379232115055435,0.10666716998522796,True,True,False,0,True
test,e57e73a70eae13788da4c7fd3b96ed0b,2,2,0.35313958701643766,0.6157384518276472,0.26259886481120953,False,True,True,13,False
test,52e0844a4571e7443dd8e575e7f33480,2,3,0.27299199304411825,0.5912132801799675,0.3182212871358493,False,True,True,0,True
test,52e0844a4571e7443dd8e575e7f33480,3,3,0.27299199304411825,0.5719091996345671,0.29891720659044885,False,True,True,0,True
test,e2755dfe79c25d6e6e7ab1397254d527,2,4,0.604429837391806,0.5903437244950791,-0.014086112896726899,True,True,False,0,True
test,e2755dfe79c25d6e6e7ab1397254d527,3,4,0.604429837391806,0.5914943437511464,-0.012935493640659601,True,True,False,0,True
test,e2755dfe79c25d6e6e7ab1397254d527,4,4,0.604429837391806,0.5886185814746125,-0.015811255917193456,True,True,False,0,True
valid,83f0c4c6b1a3c31214ca8266dc888258,2,7,0.39423543374107517,0.6706766010937404,0.2764411673526652,False,True,True,10,False
valid,83f0c4c6b1a3c31214ca8266dc888258,3,7,0.39423543374107517,0.521784592041687,0.12754915830061186,False,True,True,0,True
valid,83f0c4c6b1a3c31214ca8266dc888258,4,7,0.39423543374107517,0.7296097320962152,0.33537429835514,False,True,True,10,False
valid,83f0c4c6b1a3c31214ca8266dc888258,5,7,0.39423543374107517,0.5270561649292124,0.1328207311881372,False,True,True,0,True
valid,83f0c4c6b1a3c31214ca8266dc888258,6,7,0.39423543374107517,0.7296097320962152,0.33537429835514,False,True,True,10,False
valid,83f0c4c6b1a3c31214ca8266dc888258,7,7,0.39423543374107517,0.7409386179214257,0.3467031841803505,False,True,True,10,False
test,3a7d825f151dea33dcd33aaf24c803cc,2,2,0.5321399905586979,0.5949977532169626,0.0628577626582647,True,True,False,10,False
test,94dcbb5ca9d603177841a40f3d630483,2,4,0.4817832057387029,0.6004824606208181,0.11869925488211519,True,True,False,5,False
test,94dcbb5ca9d603177841a40f3d630483,3,4,0.4817832057387029,0.6833078025716497,0.20152459683294677,True,True,False,5,False
test,94dcbb5ca9d603177841a40f3d630483,4,4,0.4817832057387029,0.7142983917686783,0.23251518602997534,True,True,False,0,True
valid,fa6ae95493388e7d79e8da2b87087a95,2,2,0.34355337412618536,0.4624909524000669,0.11893757827388152,False,True,True,0,True
valid,67332434603362ce9e1894a63211232f,2,2,0.5021482204277776,0.5087460487749647,0.006597828347187029,True,True,False,0,True
valid,28cf6655a339bec298464ed6ac5b4550,2,2,0.46461147120507473,0.5917324481024608,0.1271209768973861,True,True,False,0,True
test,dacb857612778747b96d5afcad0adbd4,2,3,0.4998627243362954,0.6845702525567374,0.184707528220442,True,True,False,0,True
test,dacb857612778747b96d5afcad0adbd4,3,3,0.4998627243362954,0.70042920233444,0.20056647799814453,True,True,False,0,True
test,c139edcf8b223915f78d5a487a6b5500,2,2,0.6688982403471662,0.6203458134666064,-0.04855242688055972,True,True,False,0,True
test,08fa939ba176d6eb8430ef2990a68245,2,2,0.3898948220265268,0.443189881824108,0.0532950597975812,False,True,True,0,True
test,eed6840260c6121e19cdd7b39bda7450,2,2,0.49044914618894675,0.6372887086679484,0.14683956247900165,True,True,False,0,True
valid,293a75c86f46c5eb1f8499b81035957b,2,2,0.3992016937738201,0.4795299896638534,0.08032829589003332,False,True,True,0,True
test,3adab61474a972a1606b0c78d64b8aee,2,2,0.4647236745014832,0.6486184056702169,0.18389473116873367,True,True,False,12,False
valid,989d4dc670329cd432f4345b25194cb9,2,2,0.4612519053692732,0.5657945257009703,0.10454262033169714,True,True,False,4,False
test,f572e229540954ce62e0f8d20cdad2f2,2,2,0.5240212277628525,0.6956105546036534,0.17158932684080086,True,True,False,8,False
test,7563e13fcf7f6c6d8db57ef0c5760c87,2,2,0.3436766756784343,0.5431395555148201,0.19946287983638578,False,True,True,0,True
test,7b46ef3113a4b5ca5e06eb8ac14131c2,2,2,0.29651675391716925,0.49764115978271395,0.2011244058655447,False,True,True,0,True
valid,4d66d84298606d4fea8ade08c8b66d9a,2,2,0.47906781476134497,0.6014357512439932,0.12236793648264821,True,True,False,0,True
test,01787af385123b93ba50c5f05530ee12,2,2,0.6526902416111207,0.612900401666913,-0.039789839944207706,True,True,False,0,True
test,5697c84d8f3e63f51bebf917fa2b72cf,2,2,0.39917006054733617,0.6038096224672035,0.20463956191986732,False,True,True,0,True
test,44ea86700a44cf863db3616415b5f9ad,2,2,0.5020759824257442,0.6121960289137391,0.1101200464879949,True,True,False,0,True
valid,7de7f006c92939fa56c701362b611030,2,2,0.43671433544370863,0.5703695349932258,0.1336551995495172,False,True,True,8,False
valid,533ca098906e55ed14be6385223b86d1,2,2,0.4516491110510923,0.599492492310618,0.14784338125952567,True,True,False,7,False
valid,e3331d4095fa2501c3e9d62525dfec14,2,4,0.4239209576423081,0.47479552715119,0.05087456950888192,False,True,True,0,True
valid,e3331d4095fa2501c3e9d62525dfec14,3,4,0.4239209576423081,0.4563202245922312,0.03239926694992312,False,True,True,0,True
valid,e3331d4095fa2501c3e9d62525dfec14,4,4,0.4239209576423081,0.4563202245922312,0.03239926694992312,False,True,True,0,True
test,80d2f4b0e0fb1b8385d270a2d585a1e4,2,3,0.6955904626360234,0.6549794651947791,-0.0406109974412443,True,True,False,8,False
test,80d2f4b0e0fb1b8385d270a2d585a1e4,3,3,0.6955904626360234,0.6822066379612483,-0.013383824674775169,True,True,False,7,False
test,e9d2f8cb1275cfe37dd531ac43bcb2b9,2,6,0.4791800433998531,0.6561405336410508,0.17696049024119775,True,True,False,0,True
test,e9d2f8cb1275cfe37dd531ac43bcb2b9,3,6,0.4791800433998531,0.6809167289093409,0.20173668550948776,True,True,False,0,True
test,e9d2f8cb1275cfe37dd531ac43bcb2b9,4,6,0.4791800433998531,0.6753215997586122,0.19614155635875907,True,True,False,0,True
test,e9d2f8cb1275cfe37dd531ac43bcb2b9,5,6,0.4791800433998531,0.6753215997586122,0.19614155635875907,True,True,False,0,True
test,e9d2f8cb1275cfe37dd531ac43bcb2b9,6,6,0.4791800433998531,0.6753215997586122,0.19614155635875907,True,True,False,0,True
valid,98090e4030b82dcf1d53e4b3557071ea,2,2,0.4880566126221253,0.6079021128446056,0.1198455002224803,True,True,False,9,False
valid,16bcafd500d4d2303b76bb9d95a1c5d0,2,2,0.40188327318038664,0.5601609114133036,0.15827763823291696,False,True,True,0,True
test,4b37d81b92f6cc32e5225cec78244917,2,2,0.573875801168636,0.6660015191593118,0.09212571799067582,True,True,False,0,True
test,fae621cb5d9e146a2656da4f1afe39cc,2,3,0.3113761276572504,0.5136806108766483,0.20230448321939787,False,True,True,6,False
test,fae621cb5d9e146a2656da4f1afe39cc,3,3,0.3113761276572504,0.45620674010579065,0.14483061244854023,False,True,True,6,False
valid,fbf352b18a26c6a86a53cca922facd25,2,2,0.4395640606709985,0.5104470723548454,0.07088301168384692,False,True,True,0,True
test,c10f283ced7431fdfdcc159b12344b11,2,2,0.3737445634470429,0.5705871152360529,0.19684255178901,False,True,True,0,True
test,8ed4df9e21def5033d20475c0e568c92,2,2,0.41057790223423496,0.6042169217290706,0.19363901949483564,False,True,True,0,True
valid,fe802824215762b3ea5f49760eac0bd4,2,2,0.517940959125396,0.6374963351727665,0.11955537604737054,True,True,False,0,True
test,87980ebda651df2ddec79138c0366d96,2,2,0.8311996747328929,0.5475112980500876,-0.28368837668280533,True,True,False,9,False
test,0c06719338eba9ad30362c43bad76d87,2,3,0.4288583759026551,0.5775489287521332,0.14869055284947807,False,True,True,0,True
test,0c06719338eba9ad30362c43bad76d87,3,3,0.4288583759026551,0.5976962431430237,0.16883786724036864,False,True,True,0,True
valid,90551de7b2d0a7cae5254f30afd7b761,2,6,0.31207476683719604,0.4842521313039305,0.17217736446673448,False,True,True,0,True
valid,90551de7b2d0a7cae5254f30afd7b761,3,6,0.31207476683719604,0.4920228720686569,0.17994810523146088,False,True,True,0,True
valid,90551de7b2d0a7cae5254f30afd7b761,4,6,0.31207476683719604,0.4920228720686569,0.17994810523146088,False,True,True,0,True
valid,90551de7b2d0a7cae5254f30afd7b761,5,6,0.31207476683719604,0.48731318566422166,0.17523841882702562,False,True,True,0,True
valid,90551de7b2d0a7cae5254f30afd7b761,6,6,0.31207476683719604,0.48731318566422166,0.17523841882702562,False,True,True,0,True
valid,713eda1fb337fff2cccfae60fd0b411e,2,4,0.3414633067436983,0.463896966925992,0.12243366018229374,False,True,True,0,True
valid,713eda1fb337fff2cccfae60fd0b411e,3,4,0.3414633067436983,0.4539465787015279,0.11248327195782959,False,True,True,0,True
valid,713eda1fb337fff2cccfae60fd0b411e,4,4,0.3414633067436983,0.4539465787015279,0.11248327195782959,False,True,True,0,True
test,3cbfc1637c7e8b1fefc098ea8220a57e,2,2,0.4547557340210796,0.6835445224138903,0.2287887883928107,True,True,False,0,True
test,7ca8f2556a9744a905d8f831fe60e39e,2,2,0.4549059912442074,0.7050944857037921,0.2501884944595847,True,True,False,7,False
test,c5a47daec61dfde191baca4e5c10668f,2,2,0.509142607889784,0.7012825391356226,0.1921399312458385,True,True,False,9,False
test,910be2c3ca6942b34613e11764c42e1c,2,2,0.5154937190124231,0.677599313877995,0.16210559486557186,True,True,False,8,False
valid,c12d83e36f291cf576ce948e5883310a,2,2,0.4809710115408504,0.5413492189870903,0.060378207446239895,True,True,False,0,True
test,b203926285e72ba51c04c68b70666e32,2,3,0.303508552165329,0.47189999672334915,0.16839144455802013,False,True,True,8,False
test,b203926285e72ba51c04c68b70666e32,3,3,0.303508552165329,0.46107994599741975,0.15757139383209073,False,True,True,5,False
test,7509453843e932c3120d2e3c8bc4563d,2,5,0.5010031434139686,0.6640112582159103,0.16300811480194177,True,True,False,0,True
test,7509453843e932c3120d2e3c8bc4563d,3,5,0.5010031434139686,0.6947964819877803,0.19379333857381176,True,True,False,0,True
test,7509453843e932c3120d2e3c8bc4563d,4,5,0.5010031434139686,0.6952370813430553,0.19423393792908672,True,True,False,0,True
test,7509453843e932c3120d2e3c8bc4563d,5,5,0.5010031434139686,0.6952370813430553,0.19423393792908672,True,True,False,0,True
valid,317e190ae75e8e5cd40dbc82c4ba2d73,2,2,0.5408477274402871,0.6882118587382471,0.14736413129796,True,True,False,0,True
test,3493a5e1499df429a53453047b3b4365,2,2,0.5414126999256792,0.7561700850505927,0.2147573851249135,True,True,False,4,False
test,fb8d4fa3b150bb3a129a10015eeac145,2,2,0.6998518835646457,0.7770298278905359,0.0771779443258902,True,True,False,13,False
test,7a571da00e7b58c32fce2e6eb560dbde,2,2,0.615933484578586,0.6804625884515847,0.0645291038729987,True,True,False,1,False
test,dc9b66f791e6bc0d3a44e2c513a1d117,2,2,0.3836477762096915,0.6271388906039523,0.24349111439426085,False,True,True,15,False
valid,d1bf58d8a4537bcae92031dc9506b0d1,2,2,0.549469216714841,0.6582541548199267,0.10878493810508572,True,True,False,0,True
test,7df7d4ec17315f0dd0c1f6099a9fa5f3,2,2,0.4237069353098257,0.5606205427773049,0.13691360746747916,False,True,True,0,True
test,7683e28d403c6a04e30902e9e415eec8,2,6,0.4063346546946931,0.6423395330983266,0.2360048784036335,False,True,True,0,True
test,7683e28d403c6a04e30902e9e415eec8,3,6,0.4063346546946931,0.6504382459192415,0.2441035912245484,False,True,True,0,True
test,7683e28d403c6a04e30902e9e415eec8,4,6,0.4063346546946931,0.6504382459192415,0.2441035912245484,False,True,True,0,True
test,7683e28d403c6a04e30902e9e415eec8,5,6,0.4063346546946931,0.6504382459192415,0.2441035912245484,False,True,True,0,True
test,7683e28d403c6a04e30902e9e415eec8,6,6,0.4063346546946931,0.6504382459192415,0.2441035912245484,False,True,True,0,True
test,ce01fb712d44ec615ee943b00b2714f6,2,3,0.4274694346394369,0.5595902518794393,0.13212081724000246,False,True,True,4,False
test,ce01fb712d44ec615ee943b00b2714f6,3,3,0.4274694346394369,0.6256984344296281,0.19822899979019126,False,True,True,5,False
valid,9af9ab2e5e9932c6d31b5fb79e8c844b,2,2,0.47973632180241366,0.6129232272165462,0.13318690541413258,True,True,False,0,True
valid,74a9c19e8e4a00a669fa8fd0a9134881,2,2,0.502062925842276,0.6598751427125501,0.15781221687027414,True,True,False,0,True
valid,f2decddf8c6c81ab5681626c6c282871,2,2,0.4978048859363887,0.6353044311461776,0.1374995452097889,True,True,False,1,False
test,a8fee5f264541f904519912b305d0bf6,2,3,0.6731117425069364,0.6388758473470861,-0.03423589515985026,True,True,False,8,False
test,a8fee5f264541f904519912b305d0bf6,3,3,0.6731117425069364,0.6682925131936372,-0.004819229313299145,True,True,False,8,False
test,b4bf86ceca8b763240fd6be6d5e313ba,2,2,0.5428614696361551,0.7212302473776036,0.17836877774144844,True,True,False,0,True
test,9f2fe2350791b5e9e62610331d125843,2,2,0.356486543985031,0.5419964116721266,0.18550986768709565,False,True,True,0,True
test,209e55ebe1b6ee30b02a4c07d7fc0cc8,2,3,0.460769787845162,0.5694033398624436,0.10863355201728164,True,True,False,0,True
test,209e55ebe1b6ee30b02a4c07d7fc0cc8,3,3,0.460769787845162,0.6288930017867921,0.1681232139416301,True,True,False,0,True
valid,a501de32f4f7eba26aaa7864ec8dafb1,2,2,0.5120517331198768,0.677331736611317,0.16528000349144012,True,True,False,1,False
test,7b9d2b13802cfc504efc515be768ee0f,2,2,0.5451530044947529,0.7367127149966659,0.191559710501913,True,True,False,8,False
valid,6a3bbd282ed61602136e45cb799f5e80,2,2,0.48558708038941234,0.636122970076275,0.1505358896868627,True,True,False,0,True
test,98ffd20f7510aafde026fc41c46876b1,2,4,0.374861287856344,0.5176481700075276,0.14278688215118363,False,True,True,10,False
test,98ffd20f7510aafde026fc41c46876b1,3,4,0.374861287856344,0.6066740272607414,0.2318127394043974,False,True,True,0,True
test,98ffd20f7510aafde026fc41c46876b1,4,4,0.374861287856344,0.6006541130562286,0.22579282519988464,False,True,True,10,False
test,7c1c60f422c242e539075d9b9edca95c,2,2,0.34677655880434677,0.5568291054482885,0.21005254664394168,False,True,True,0,True
valid,913f18fcb317f3eee87b26f9b241c683,2,2,0.582883261728943,0.651070165967675,0.06818690423873197,True,True,False,6,False
valid,970f01d4d6e42b5dbaaf975d2d45f913,2,2,0.6021960691598092,0.6165866296245571,0.014390560464747959,True,True,False,0,True
valid,ba80262d7327dbeeba3cf78129c6119e,2,2,0.41133886001588194,0.591495964594497,0.1801571045786151,False,True,True,0,True
valid,166006e25a9d9a411e8094e0237104e0,2,4,0.3881515680822357,0.4937929760479718,0.10564140796573607,False,True,True,0,True
valid,166006e25a9d9a411e8094e0237104e0,3,4,0.3881515680822357,0.48322796464320517,0.09507639656096945,False,True,True,0,True
valid,166006e25a9d9a411e8094e0237104e0,4,4,0.3881515680822357,0.480259744349787,0.0921081762675513,False,True,True,0,True
valid,a966231d1abc5095725cb52a810d5694,2,3,0.5013126848578824,0.6217229916766523,0.12041030681876996,True,True,False,0,True
valid,a966231d1abc5095725cb52a810d5694,3,3,0.5013126848578824,0.6468968471799372,0.14558416232205484,True,True,False,0,True
valid,b8a3faed0f5c557b7d0e55a9040c684f,2,2,0.5013109139393297,0.6048387616338106,0.10352784769448087,True,True,False,0,True
test,e0aa66d7588bc46f68bf32d34ab6562d,2,2,0.5886955624387152,0.7040934550948559,0.11539789265614064,True,True,False,7,False
test,670f7c6ecca0e570a8ad77f58515670d,2,2,0.41722622408027465,0.5440453343101354,0.1268191102298607,False,True,True,0,True
test,7dbbb0cf6abae430040bc4914055c036,2,2,0.33836194847195356,0.40622942461621603,0.06786747614426247,False,False,False,0,True
test,029b1d3a355dec12cfed60927f076a9d,2,2,0.42520033771112464,0.615136338057267,0.18993600034614233,False,True,True,0,True
test,c27718d838f42d07a94941a8d34843e4,2,2,0.48367398891188473,0.6686948071293954,0.1850208182175107,True,True,False,0,True
valid,cf287f639abd10b1630574c4a065d4f1,2,2,0.3432361519493452,0.48917798689774716,0.14594183494840196,False,True,True,0,True
test,3da8b1bbe6650411cf568285bb956f90,2,2,0.304599805026353,0.5395023375561232,0.23490253252977022,False,True,True,0,True
test,54822c94cce4ceb64eb08bbb05fa8fea,2,2,0.5716051925903322,0.7247177041755832,0.15311251158525108,True,True,False,3,False
test,084ce670827e3ebb5f585818b985bc25,2,2,0.4005734276935734,0.6132892863652306,0.2127158586716572,False,True,True,0,True
test,f5e55d131e51bd5f0dccc56c9096a951,2,2,0.49645495845560605,0.5684248872628284,0.0719699288072223,True,True,False,0,True
valid,ba69999c786ff19bdbff341ea39a3b54,2,2,0.3880969110662279,0.5600580266615645,0.17196111559533656,False,True,True,9,False
test,ccb379daf2809ecb372b357caf254c33,2,2,0.3226200849329782,0.4653000153769108,0.14267993044393257,False,True,True,0,True
valid,338d127554d67a15cb4e257742847056,2,2,0.4399781788393974,0.5505209184328723,0.11054273959347494,False,True,True,0,True
test,4b28afe5e25f1d2fb8ea4e378b25496b,2,4,0.36820717789353785,0.5328234045739259,0.164616226680388,False,True,True,0,True
test,4b28afe5e25f1d2fb8ea4e378b25496b,3,4,0.36820717789353785,0.6313960421968223,0.2631888643032845,False,True,True,0,True
test,4b28afe5e25f1d2fb8ea4e378b25496b,4,4,0.36820717789353785,0.6569455308648049,0.28873835297126704,False,True,True,0,True
valid,f0536754654db1ab9ce4d7c1d369276b,2,2,0.2943031126803589,0.3758581710195926,0.08155505833923371,False,False,False,0,True
valid,afc7d4ca1aa5030cdb685010ed145c70,2,2,0.40826540364483255,0.5011169609623601,0.09285155731752759,False,True,True,0,True
valid,0baa56401ae212e308d73cba2911ae20,2,2,0.4497758903491291,0.5719398005012752,0.12216391015214612,True,True,False,0,True
test,c98ec8cb960d61c4375413b70f225104,2,3,0.5507038390105877,0.710698670487376,0.15999483147678828,True,True,False,8,False
test,c98ec8cb960d61c4375413b70f225104,3,3,0.5507038390105877,0.7254800569659727,0.174776217955385,True,True,False,4,False
test,990d8645aca16537246c78b0e24ccf95,2,2,0.5844777762754183,0.7515086063158998,0.16703083004048147,True,True,False,8,False
test,e9240e3e8bd5fbca3e55e993b597b512,2,4,0.54534497371536,0.7097085936618905,0.1643636199465306,True,True,False,0,True
test,e9240e3e8bd5fbca3e55e993b597b512,3,4,0.54534497371536,0.7104839849773208,0.16513901126196084,True,True,False,0,True
test,e9240e3e8bd5fbca3e55e993b597b512,4,4,0.54534497371536,0.7104839849773208,0.16513901126196084,True,True,False,0,True
valid,a3b07c74088a5acc85d1ddc7cc525b5f,2,2,0.42344923374441645,0.5435348404836107,0.12008560673919422,False,True,True,5,False
test,7cd9f4c5a26e353b50e10cc165ef40d2,2,3,0.6726002111710035,0.6724656261260116,-0.000134585044991975,True,True,False,0,True
test,7cd9f4c5a26e353b50e10cc165ef40d2,3,3,0.6726002111710035,0.683080281849638,0.010480070678634434,True,True,False,0,True
test,410cfb42b9a36728a695fe883df04ebf,2,2,0.720324371085965,0.8503181977542246,0.12999382666825954,True,True,False,0,True
valid,a9fb450008d4a94311a7288937b880e6,2,5,0.4561754755111971,0.5450542560764392,0.08887878056524212,True,True,False,0,True
valid,a9fb450008d4a94311a7288937b880e6,3,5,0.4561754755111971,0.5437214587102708,0.0875459831990737,True,True,False,0,True
valid,a9fb450008d4a94311a7288937b880e6,4,5,0.4561754755111971,0.5437214587102708,0.0875459831990737,True,True,False,0,True
valid,a9fb450008d4a94311a7288937b880e6,5,5,0.4561754755111971,0.5437214587102708,0.0875459831990737,True,True,False,0,True
test,df13cbaf3230c62a4b582317936e8a39,2,7,0.3716320076343108,0.5594096081039236,0.18777760046961278,False,True,True,9,False
test,df13cbaf3230c62a4b582317936e8a39,3,7,0.3716320076343108,0.6175386537007301,0.24590664606641932,False,True,True,0,True
test,df13cbaf3230c62a4b582317936e8a39,4,7,0.3716320076343108,0.6175386537007301,0.24590664606641932,False,True,True,0,True
test,df13cbaf3230c62a4b582317936e8a39,5,7,0.3716320076343108,0.6206302409250726,0.24899823329076176,False,True,True,0,True
test,df13cbaf3230c62a4b582317936e8a39,6,7,0.3716320076343108,0.6206302409250726,0.24899823329076176,False,True,True,0,True
test,df13cbaf3230c62a4b582317936e8a39,7,7,0.3716320076343108,0.6278619314423622,0.25622992380805143,False,True,True,0,True
test,d3350e3a63b03e10d16463a2e75a5361,2,2,0.42953264634724253,0.5958421446079323,0.16630949826068975,False,True,True,12,False
test,a8a29ae9b3f2dc2e650dc520d7842041,2,2,0.5273571424221062,0.7011902898243855,0.1738331474022793,True,True,False,0,True
test,ebd0cec55989d5589a5c4577f06ca9dd,2,2,0.59074638699501,0.7512585164153234,0.16051212942031334,True,True,False,0,True
valid,cf35cf6763e0db30babc4885c3b2596f,2,2,0.4902526712853966,0.6024849492044108,0.11223227791901413,True,True,False,0,True
test,e9de409fda259726830399eaf5fb4e42,2,2,0.4154378211178248,0.5371164584645772,0.12167863734675244,False,True,True,0,True
valid,15010af27d8cf1619efb2867f47ebc51,2,2,0.41971090409900047,0.5098086258818684,0.0900977217828679,False,True,True,0,True
valid,30a022caf1ba5b86f28124ed216c859f,2,6,0.6959606094235551,0.6706801554627752,-0.025280453960779936,True,True,False,0,True
valid,30a022caf1ba5b86f28124ed216c859f,3,6,0.6959606094235551,0.6760931321430323,-0.01986747728052274,True,True,False,0,True
valid,30a022caf1ba5b86f28124ed216c859f,4,6,0.6959606094235551,0.6760931321430323,-0.01986747728052274,True,True,False,0,True
valid,30a022caf1ba5b86f28124ed216c859f,5,6,0.6959606094235551,0.6760931321430323,-0.01986747728052274,True,True,False,0,True
valid,30a022caf1ba5b86f28124ed216c859f,6,6,0.6959606094235551,0.6760931321430323,-0.01986747728052274,True,True,False,0,True
valid,5b5028d53cd0fe5647fe4968399194aa,2,4,0.5748490943837862,0.6933377511130124,0.11848865672922626,True,True,False,0,True
valid,5b5028d53cd0fe5647fe4968399194aa,3,4,0.5748490943837862,0.6547685297832893,0.07991943539950308,True,True,False,0,True
valid,5b5028d53cd0fe5647fe4968399194aa,4,4,0.5748490943837862,0.6547685297832893,0.07991943539950308,True,True,False,0,True
valid,f5d086ba1ba04aa3f5417e0b6961348a,2,3,0.48625956819294225,0.6019738335816043,0.11571426538866203,True,True,False,0,True
valid,f5d086ba1ba04aa3f5417e0b6961348a,3,3,0.48625956819294225,0.5774772834877953,0.09121771529485301,True,True,False,0,True
test,d0a945f85ba1074b60aac97ade7e240e,2,2,0.5483464332195718,0.6468127122108127,0.09846627899124094,True,True,False,0,True
test,1852f4003a3be7d9054403de86fc4280,2,2,0.5578584760100389,0.6717813622395852,0.11392288622954627,True,True,False,9,False
test,d419b374d8c1d6ee8ef676b3d5483193,2,2,0.33137924163064514,0.4884558001101056,0.15707655847946045,False,True,True,1,False
test,e566c1b5be049c45a4e4f83c5101b3fa,2,2,0.3822505480884758,0.5283318470283277,0.1460812989398519,False,True,True,0,True
test,a87e931eec5702ceb837f15fdcf39684,2,2,0.6210889950049587,0.6982728617419733,0.0771838667370146,True,True,False,0,True
test,518a89db9918a8553dbc760454cc7634,2,2,0.6745924015447047,0.7120466468974944,0.03745424535278974,True,True,False,0,True
valid,8634624f436e04b1667aa4299a7b026b,2,2,0.4757812708991148,0.48772732463714363,0.011946053738028817,True,True,False,0,True
valid,e84484718ecfbc4f6c98105b691b2bd8,2,2,0.3135570586445856,0.4074228902470508,0.0938658316024652,False,False,False,0,True
test,354f93e9f4da886ed48d1add590d8d37,2,2,0.4882475137690018,0.5605564546991466,0.07230894093014484,True,True,False,8,False
test,5f19271c1eb0a8eb0a1efed995df752b,2,3,0.5843280966222482,0.6087593815758543,0.024431284953606136,True,True,False,0,True
test,5f19271c1eb0a8eb0a1efed995df752b,3,3,0.5843280966222482,0.666151684410189,0.08182358778794085,True,True,False,0,True
valid,1c7fe02ac4c7be50c59afb295cf85b89,2,2,0.5469134009669296,0.6589975761000624,0.11208417513313274,True,True,False,0,True
valid,287ef6e54574f46625b43dc4c5d5078b,2,2,0.28121247809081285,0.551833059910413,0.27062058181960014,False,True,True,0,True
test,55bb79b4227dafa41a25a45e8462c7b5,2,2,0.44777474296981157,0.607555728899507,0.15978098592969547,True,True,False,0,True
valid,d4de2912c79702221bd12d642b18e49f,2,2,0.516215301840573,0.6352271222801947,0.11901182043962177,True,True,False,8,False
test,375c5afd2ca7bebe7227faae4dd01aa9,2,2,0.6584815189661364,0.5815407334967129,-0.07694078546942351,True,True,False,0,True
test,a31d01c5e7788d70334ff10309791055,2,2,0.3796061959478132,0.5701653427760771,0.19055914682826391,False,True,True,0,True
valid,5e9539c329818fcbcf5579c92a58501d,2,2,0.4182306842269865,0.4743433829724415,0.05611269874545499,False,True,True,0,True
test,80848ca638a6e695838ebee7d2409893,2,2,0.48515876071558595,0.6516634001535554,0.16650463943796945,True,True,False,0,True
valid,46326cfd1e55e365befe43843126f088,2,3,0.36508569357190723,0.43847220745783755,0.07338651388593032,False,False,False,0,True
valid,46326cfd1e55e365befe43843126f088,3,3,0.36508569357190723,0.3931260755212914,0.028040381949384185,False,False,False,0,True
valid,3cda6f52ca254406b2c0ce1ae433a481,2,2,0.42779750101821856,0.5044627722298799,0.07666527121166133,False,True,True,0,True
test,bdf7cbcf2a174866c15ade0d9a55bf7d,2,2,0.3950684227450232,0.5894447065600431,0.19437628381501992,False,True,True,0,True
valid,d701dc60f61795a62070fa2494b6691a,2,6,0.35291291295463156,0.47843561001928736,0.1255226970646558,False,True,True,0,True
valid,d701dc60f61795a62070fa2494b6691a,3,6,0.35291291295463156,0.5169264861937006,0.16401357323906907,False,True,True,0,True
valid,d701dc60f61795a62070fa2494b6691a,4,6,0.35291291295463156,0.5169264861937006,0.16401357323906907,False,True,True,0,True
valid,d701dc60f61795a62070fa2494b6691a,5,6,0.35291291295463156,0.5283648172069556,0.17545190425232404,False,True,True,0,True
valid,d701dc60f61795a62070fa2494b6691a,6,6,0.35291291295463156,0.5283648172069556,0.17545190425232404,False,True,True,0,True
test,3660e114692157e805cdd9f04e83d9e9,2,2,0.37017119291103817,0.5667707799396675,0.19659958702862934,False,True,True,0,True
test,a0afddbc8d20cd503b16d30779bb1c04,2,2,0.35212138730454623,0.5737220205961266,0.22160063329158042,False,True,True,1,False
valid,dca4a82d39755569d7c236f6182575af,2,2,0.37171823627834366,0.5111992603631574,0.13948102408481378,False,True,True,4,False
test,4c08f008753759d67d8ef45942f1a891,2,3,0.4003799428180185,0.7694581997432057,0.36907825692518725,False,True,True,15,False
test,4c08f008753759d67d8ef45942f1a891,3,3,0.4003799428180185,0.6955105896704163,0.29513064685239787,False,True,True,15,False
valid,728bbcb612c732517a23c0131afc0908,2,2,0.4267898508694229,0.4798795659754296,0.053089715106006685,False,True,True,0,True
valid,5441ec6c31e10fcdf8e336f1cff74659,2,2,0.38290847216565804,0.5176340161080983,0.1347255439424403,False,True,True,0,True
test,b8b632a58abdbcc69a744281a630ecd8,2,2,0.4073553491269145,0.5742717357981382,0.16691638667122366,False,True,True,0,True
valid,11642b906362f0d80a1228e1fa45a18e,2,2,0.5720704311000513,0.6963364408158775,0.12426600971582624,True,True,False,0,True
valid,46a354ecffd29742e985db9b49cae302,2,2,0.37600540866185883,0.48012019351822743,0.1041147848563686,False,True,True,0,True
valid,02d50facee2072550ae5a8ef3dc2e10f,2,2,0.47524961273651345,0.5510848361275853,0.07583522339107185,True,True,False,0,True
test,840a030c24ea3c06dd506a43ce2a0c17,2,3,0.504140201896625,0.6267069882171974,0.12256678632057239,True,True,False,0,True
test,840a030c24ea3c06dd506a43ce2a0c17,3,3,0.504140201896625,0.5653055576738517,0.061165355777226704,True,True,False,0,True
valid,dcb69a3c1f97a14c7189a209c641f1ca,2,2,0.517205912821345,0.7031954469244871,0.18598953410314212,True,True,False,8,False
test,3fed89335b07739e36d2b4680ce3e900,2,2,0.5468686244107017,0.6278178558793841,0.08094923146868238,True,True,False,15,False
valid,c507700e9ada94e7c3c9870a9d74e5cb,2,3,0.5436680483748446,0.5968669468007247,0.0531988984258801,True,True,False,8,False
valid,c507700e9ada94e7c3c9870a9d74e5cb,3,3,0.5436680483748446,0.7903703030758568,0.24670225470101215,True,True,False,8,False
valid,bddbf3e2e05b552cf012d0d967e75de9,2,5,0.3857199689966859,0.5335585410876014,0.14783857209091544,False,True,True,0,True
valid,bddbf3e2e05b552cf012d0d967e75de9,3,5,0.3857199689966859,0.5676745783079553,0.1819546093112694,False,True,True,0,True
valid,bddbf3e2e05b552cf012d0d967e75de9,4,5,0.3857199689966859,0.586869977074459,0.20115000807777306,False,True,True,0,True
valid,bddbf3e2e05b552cf012d0d967e75de9,5,5,0.3857199689966859,0.586869977074459,0.20115000807777306,False,True,True,0,True
valid,bbc7693f5519a19085d75782fe024daa,2,2,0.410412832137489,0.46231133634786126,0.05189850421037223,False,True,True,0,True
valid,42da631a2f5302608f86e8cee55b8d40,2,2,0.4410010936292722,0.4730139518917392,0.032012858262467025,True,True,False,3,False
test,fd4109dbc7f1afb126fbcac13ec4f5b8,2,2,0.39834133184447584,0.6057233898404024,0.20738205799592657,False,True,True,0,True
test,b18dcdf73be66366873cd26c5724d1dc,2,4,0.43799824595004455,0.5901978080061869,0.15219956205614238,False,True,True,0,True
test,b18dcdf73be66366873cd26c5724d1dc,3,4,0.43799824595004455,0.8407081585817977,0.40270991263175315,False,True,True,15,False
test,b18dcdf73be66366873cd26c5724d1dc,4,4,0.43799824595004455,0.6659654963653883,0.22796725041534371,False,True,True,0,True
test,37c647851a4d30342bc4dd9ec8c95861,2,2,0.45554581464734367,0.6077858745834795,0.15224005993613587,True,True,False,0,True
valid,748f1a8074500891bf8f786ce3b5c02d,2,2,0.3364351116813117,0.43756277035657787,0.10112765867526619,False,False,False,8,False
valid,9bcae940b24680a6ca263ec7ffb30ccb,2,2,0.617743565700628,0.6473640195933068,0.029620453892678755,True,True,False,10,False
test,d7526e916ca14cb288f2c8ec14a6f546,2,3,0.532084910480846,0.7182708585531886,0.18618594807234257,True,True,False,0,True
test,d7526e916ca14cb288f2c8ec14a6f546,3,3,0.532084910480846,0.7373632312155913,0.20527832073474528,True,True,False,0,True
test,95d6357ffe41aa6d2998852a710c70a0,2,5,0.5852157735364439,0.8084910049424782,0.22327523140603422,True,True,False,0,True
test,95d6357ffe41aa6d2998852a710c70a0,3,5,0.5852157735364439,0.8074907735302124,0.22227499999376843,True,True,False,0,True
test,95d6357ffe41aa6d2998852a710c70a0,4,5,0.5852157735364439,0.8074907735302124,0.22227499999376843,True,True,False,0,True
test,95d6357ffe41aa6d2998852a710c70a0,5,5,0.5852157735364439,0.809520513615309,0.22430474007886503,True,True,False,0,True
valid,9c67cdf1fabbdfbdf49b97bd424b2500,2,2,0.48823127444928927,0.6042704853526697,0.11603921090338043,True,True,False,0,True
valid,3444a96bd74b41c9ef9ff23c7ee3c4c5,2,2,0.44892579256506737,0.56004477385735,0.11111898129228259,True,True,False,0,True
test,2e514f06a55a990840cf3f7131b45f55,2,2,0.3953032044147037,0.6164979886235986,0.22119478420889493,False,True,True,11,False
valid,1929b9b60df702da58751db8fb70145a,2,2,0.5748991509856358,0.5713910386887766,-0.0035081122968592116,True,True,False,13,False
valid,ccf1316e3b24c311e74194b631df9301,2,2,0.37579633767065257,0.5004799812599465,0.12468364358929396,False,True,True,7,False
test,8c08046423760b49c5791fa64db061da,2,3,0.44556600471143226,0.6149153680959698,0.16934936338453754,True,True,False,0,True
test,8c08046423760b49c5791fa64db061da,3,3,0.44556600471143226,0.6691913117758916,0.22362530706445938,True,True,False,0,True
valid,030bc9dbf75985f16a84a296363fda3f,2,2,0.3829788680146444,0.481610166126877,0.09863129811223259,False,True,True,0,True
valid,8a0c45c3a220380c7e82eb944150e5e1,2,3,0.6964972833112169,0.6597254978270781,-0.03677178548413873,True,True,False,8,False
valid,8a0c45c3a220380c7e82eb944150e5e1,3,3,0.6964972833112169,0.7482118191659961,0.05171453585477925,True,True,False,0,True
valid,8a0ab628dfb76b8bd7688ac87d051391,2,2,0.6183805237338057,0.5502570254544435,-0.06812349827936215,True,True,False,7,False
test,d9e05f5c9c364436b18207eeff4f789e,2,2,0.2930202896385923,0.47466326659718283,0.18164297695859055,False,True,True,0,True
test,fb085529373f03634a84fa2358deedcd,2,2,0.56726456298245,0.725315213955575,0.15805065097312498,True,True,False,3,False
test,e4e0b1913652739070617b6a336a6ca5,2,2,0.40707243130894244,0.5406668866460967,0.1335944553371543,False,True,True,0,True
test,7bda7db3336fe81423dded5d342d4115,2,2,0.45993372500069785,0.586826506141634,0.12689278114093616,True,True,False,0,True
valid,c41d2dd15394d41590232a9cc491319c,2,2,0.42225645138377343,0.5468771749457666,0.12462072356199316,False,True,True,0,True
valid,b4ea6b63bcab8995631b98deef749657,2,2,0.45384304877521053,0.5605569629529168,0.10671391417770626,True,True,False,2,False
test,cc89ebb8288e14b59a8edafe7fb2bbb5,2,2,0.38285362081921226,0.5311822791308733,0.1483286583116611,False,True,True,0,True
test,d94600e5b855ffe8db3b9bc06e21b1bd,2,2,0.5071268701042271,0.6375956392865578,0.13046876918233075,True,True,False,0,True
test,cfaff268e0f68c9e833e9a57638d6fd5,2,2,0.6623087757400387,0.5661483817477492,-0.09616039399228948,True,True,False,0,True
test,3ae8eeea4a68becd0f672443d2296216,2,2,0.3726475543254184,0.5366359708456834,0.16398841652026497,False,True,True,0,True
valid,2c8e244e1ac6be021c1587d33444bd8a,2,2,0.42864423856801626,0.5165180843166335,0.08787384574861723,False,True,True,0,True
test,2059a6cad3cfd50e2f7904f250eb857a,2,2,0.40494791149498177,0.5622976439647573,0.15734973246977557,False,True,True,0,True
valid,f38d933ca0830750c110bf1a402d0d2a,2,2,0.31817050928464075,0.42470605989996646,0.10653555061532571,False,False,False,0,True
test,d4361586dbdf3e45c6de2faac0714711,2,2,0.36907187422946,0.568073565114013,0.199001690884553,False,True,True,0,True
test,c8b785ff006155b23afd689ffdf7975e,2,2,0.6571050503439421,0.6053175924411018,-0.05178745790284023,True,True,False,0,True
valid,e531e9e89d98dd65602ba196b7a619a6,2,2,0.6667207552055745,0.7679484719768501,0.10122771677127562,True,True,False,8,False
test,bde129eebd03ffe125ca818b00f85b92,2,2,0.37373906824065894,0.5921784479164602,0.2184393796758013,False,True,True,10,False
test,8575bcda52558e232a65a448dd7deb5d,2,3,0.4133775295311065,0.57669250197487,0.16331497244376347,False,True,True,0,True
test,8575bcda52558e232a65a448dd7deb5d,3,3,0.4133775295311065,0.6457544747310799,0.23237694519997343,False,True,True,0,True
test,4296bf3920be4eaa22d4f0cd0c3467b9,2,3,0.5501770234615339,0.6278565858829961,0.07767956242146223,True,True,False,0,True
test,4296bf3920be4eaa22d4f0cd0c3467b9,3,3,0.5501770234615339,0.5635286949035083,0.013351671441974466,True,True,False,0,True
test,52dad0f7bc913b9f6bee5df584adeffb,2,2,0.5230584542584101,0.700139724281831,0.1770812700234209,True,True,False,0,True
valid,a1341cb83bbf1b47392f4a3685d56bad,2,2,0.43328067388766744,0.4978993721693844,0.06461869828171696,False,True,True,0,True
test,dda7e9dc97ce2a40812663bc5e279c71,2,4,0.4588841310205989,0.5090504980481285,0.050166367027529635,True,True,False,0,True
test,dda7e9dc97ce2a40812663bc5e279c71,3,4,0.4588841310205989,0.5339071124331892,0.07502298141259034,True,True,False,0,True
test,dda7e9dc97ce2a40812663bc5e279c71,4,4,0.4588841310205989,0.5339071124331892,0.07502298141259034,True,True,False,0,True
test,c1cb4e959222a482322465cab287439c,2,2,0.4005928014523803,0.5956544048063046,0.1950616033539243,False,True,True,0,True
test,b6165efbad3f8539e365b9ae5a2f3c44,2,3,0.46213162613855474,0.6222157244951626,0.16008409835660786,True,True,False,0,True
test,b6165efbad3f8539e365b9ae5a2f3c44,3,3,0.46213162613855474,0.6286578651529506,0.1665262390143959,True,True,False,0,True
test,bb9086d1b5a79d97fe4d0f981e656336,2,3,0.4260892971361554,0.5659656154743552,0.1398763183381998,False,True,True,0,True
test,bb9086d1b5a79d97fe4d0f981e656336,3,3,0.4260892971361554,0.5783954957788158,0.15230619864266037,False,True,True,0,True
test,7372a6934463ad68c06feb59d74c1b12,2,2,0.5411486928629169,0.7075008773075799,0.16635218444466304,True,True,False,0,True
test,ae2ee748fed0ababe6ae778cfb2acf94,2,3,0.4569025988293982,0.5666469006482023,0.10974430181880412,True,True,False,0,True
test,ae2ee748fed0ababe6ae778cfb2acf94,3,3,0.4569025988293982,0.5512593073542837,0.09435670852488554,True,True,False,0,True
test,f4b402f41d84476637560a1408843094,2,2,0.6323435465291719,0.6035471828767808,-0.028796363652391133,True,True,False,0,True
test,b38869bc2ba9d5776522abd4be60168f,2,2,0.38910824834560187,0.5667020650457171,0.1775938167001152,False,True,True,0,True
test,cd74cd8f3a1445a29e098dcac4cc8d11,2,2,0.6250466175729379,0.7171793030674511,0.09213268549451326,True,True,False,0,True
test,90fec0e548f05b95e471fde56c7e98c4,2,2,0.416611647563916,0.6480353504567052,0.23142370289278924,False,True,True,0,True
test,3a9ba7770cd43147a6d152187d05be65,2,2,0.411802566258041,0.6318990571122457,0.22009649085420468,False,True,True,3,False
test,2ebb1fd53e7b4bd81b7b1e9242b91262,2,2,0.4537020600834131,0.61575505065316,0.16205299056974698,True,True,False,0,True
valid,5882459227aea6eb6f103342a29c76e3,2,2,0.47237320861977283,0.5680603222437103,0.09568711362393745,True,True,False,0,True
test,a9d5f9803fe11291638577b7d108ff74,2,2,0.4351037595166827,0.41571675201671865,-0.019387007499964026,False,False,False,0,True
test,78f73cede21d3bf1d0c0e9fe1e02cbc6,2,2,0.6383071890627696,0.6791382645018882,0.04083107543911857,True,True,False,0,True
test,2894cc15228a7127f78cb41017091b4c,2,2,0.3446240287458414,0.5447804415677042,0.2001564128218628,False,True,True,0,True
valid,0517ba063462fdd36525fd7e9ef72cee,2,2,0.4563803317206634,0.5768628581600034,0.12048252643933999,True,True,False,0,True
test,782e3d360043ba18b527832597a53543,2,2,0.5733721890463586,0.7062297050783706,0.132857516032012,True,True,False,0,True
valid,a8eeef949a97362f253b5d6b9aa7b498,2,2,0.7724052745946259,0.6695599192387104,-0.10284535535591555,True,True,False,8,False
test,88fc6bd429f0b065b3c80ec1e323c890,2,2,0.6894019433473235,0.5315189520055608,-0.15788299134176276,True,True,False,4,False
test,84660812690bb3e1d202c040dfaf5cee,2,2,0.3718630225879608,0.4313642113940489,0.05950118880608812,False,False,False,0,True
valid,61bc36958b1d61ed45eb66755fcf5722,2,2,0.4748567606944363,0.663826482277809,0.18896972158337277,True,True,False,0,True
test,c4f6c401115a8cba8c3be4ad28abeeae,2,2,0.3455540086564691,0.5791872782172687,0.23363326956079955,False,True,True,0,True
test,acb2afbcbcc3be10924f75fd3b6c98d8,2,2,0.4528238923117277,0.617784733834425,0.1649608415226973,True,True,False,0,True
valid,6893c7e3a051e9d94a2bed6777355f2d,2,2,0.4221063054331473,0.523306701159657,0.10120039572650974,False,True,True,0,True
test,cc9782f02aae34f01d12f3dbee4d5d93,2,4,0.481881689216739,0.6774946641435122,0.1956129749267732,True,True,False,0,True
test,cc9782f02aae34f01d12f3dbee4d5d93,3,4,0.481881689216739,0.6540165136129596,0.17213482439622063,True,True,False,0,True
test,cc9782f02aae34f01d12f3dbee4d5d93,4,4,0.481881689216739,0.651321433489179,0.16943974427244002,True,True,False,0,True
valid,58b178ec22e2b12ab0757e446b2ec4fd,2,3,0.48700941353713967,0.5960267915162969,0.10901737797915723,True,True,False,7,False
valid,58b178ec22e2b12ab0757e446b2ec4fd,3,3,0.48700941353713967,0.6290229765485289,0.14201356301138923,True,True,False,7,False
valid,845a41eded3c6992c0d8ac505c7475fb,2,2,0.37618828114823344,0.4526253866102774,0.07643710546204396,False,True,True,0,True
test,38a2b9fba0dbb602df8140da3d6287b1,2,2,0.3945777834073181,0.5248173801810518,0.13023959677373376,False,True,True,0,True
valid,d0b07b0423d899124cb9f7f797cffd9f,2,4,0.5739487327238522,0.6792629056712789,0.10531417294742673,True,True,False,0,True
valid,d0b07b0423d899124cb9f7f797cffd9f,3,4,0.5739487327238522,0.6393900556754895,0.06544132295163729,True,True,False,0,True
valid,d0b07b0423d899124cb9f7f797cffd9f,4,4,0.5739487327238522,0.6393900556754895,0.06544132295163729,True,True,False,0,True
valid,37b2da18eede8674ecc05302ebb6e32b,2,3,0.54265072645113,0.7193746589411352,0.17672393249000518,True,True,False,9,False
valid,37b2da18eede8674ecc05302ebb6e32b,3,3,0.54265072645113,0.7390617645644246,0.19641103811329463,True,True,False,9,False
test,4e41d776fc4ffdec6708862a05a1ea30,2,2,0.46357635022709764,0.7464845681008083,0.2829082178737107,True,True,False,8,False
valid,9bdc4d4c71aa1de4606060929dee888c,2,14,0.43545798638136735,0.48564266518636157,0.05018467880499422,False,True,True,0,True
valid,9bdc4d4c71aa1de4606060929dee888c,3,14,0.43545798638136735,0.5167251133183413,0.08126712693697391,False,True,True,0,True
valid,9bdc4d4c71aa1de4606060929dee888c,4,14,0.43545798638136735,0.5167251133183413,0.08126712693697391,False,True,True,0,True
valid,9bdc4d4c71aa1de4606060929dee888c,5,14,0.43545798638136735,0.512017307527497,0.07655932114612962,False,True,True,0,True
valid,9bdc4d4c71aa1de4606060929dee888c,6,14,0.43545798638136735,0.512017307527497,0.07655932114612962,False,True,True,0,True
valid,9bdc4d4c71aa1de4606060929dee888c,7,14,0.43545798638136735,0.5172150858517104,0.08175709947034304,False,True,True,0,True
valid,9bdc4d4c71aa1de4606060929dee888c,8,14,0.43545798638136735,0.5201781979444481,0.08472021156308074,False,True,True,0,True
valid,9bdc4d4c71aa1de4606060929dee888c,9,14,0.43545798638136735,0.5542485854181554,0.11879059903678801,False,True,True,0,True
valid,9bdc4d4c71aa1de4606060929dee888c,10,14,0.43545798638136735,0.5542485854181554,0.11879059903678801,False,True,True,0,True
valid,9bdc4d4c71aa1de4606060929dee888c,11,14,0.43545798638136735,0.5542485854181554,0.11879059903678801,False,True,True,0,True
valid,9bdc4d4c71aa1de4606060929dee888c,12,14,0.43545798638136735,0.5542485854181554,0.11879059903678801,False,True,True,0,True
valid,9bdc4d4c71aa1de4606060929dee888c,13,14,0.43545798638136735,0.5542485854181554,0.11879059903678801,False,True,True,0,True
valid,9bdc4d4c71aa1de4606060929dee888c,14,14,0.43545798638136735,0.5542485854181554,0.11879059903678801,False,True,True,0,True
test,384c77719e344da55f8a137a0fc63b4b,2,2,0.3962618899193827,0.6276222146990603,0.2313603247796776,False,True,True,0,True
test,9a2b443dc8e6673e4fc330b3ea033569,2,8,0.30284815607595805,0.5770856234691086,0.2742374673931506,False,True,True,0,True
test,9a2b443dc8e6673e4fc330b3ea033569,3,8,0.30284815607595805,0.6353148990162758,0.33246674294031775,False,True,True,0,True
test,9a2b443dc8e6673e4fc330b3ea033569,4,8,0.30284815607595805,0.6603650816852232,0.3575169256092652,False,True,True,16,False
test,9a2b443dc8e6673e4fc330b3ea033569,5,8,0.30284815607595805,0.6511201104235069,0.3482719543475489,False,True,True,16,False
test,9a2b443dc8e6673e4fc330b3ea033569,6,8,0.30284815607595805,0.6511201104235069,0.3482719543475489,False,True,True,16,False
test,9a2b443dc8e6673e4fc330b3ea033569,7,8,0.30284815607595805,0.6473818906915831,0.3445337346156251,False,True,True,0,True
test,9a2b443dc8e6673e4fc330b3ea033569,8,8,0.30284815607595805,0.6533919266469699,0.3505437705710118,False,True,True,0,True
valid,3fef122997c747784882689e6e812b2f,2,2,0.5067746716015197,0.6285862694037949,0.12181159780227524,True,True,False,0,True
valid,d4d8638eaddca23adbfdd1b383a5f15b,2,2,0.4421220676439309,0.6678582194684226,0.2257361518244917,True,True,False,9,False
valid,1580e54bbbd269a8188302f3179c0dc7,2,2,0.4372629304650042,0.5497263217139341,0.1124633912489299,False,True,True,0,True
test,21acd87ab0e70951d2aa3b0cd6445c69,2,2,0.2901580905534811,0.4376797581845664,0.14752166763108532,False,False,False,0,True
valid,ebb2508786c36ac5d029c3a1d94357e6,2,2,0.48976414967197734,0.6317790616272057,0.1420149119552283,True,True,False,0,True
test,27c49d4a7b5ffac7a824721909617820,2,2,0.4957935769979338,0.631814847506112,0.13602127050817825,True,True,False,0,True
valid,9067ce8fd351c50adbb59319b9ef50d8,2,2,0.41378987763320463,0.5359737097387944,0.1221838321055898,False,True,True,0,True
valid,2f7999e73c5e27ffcb9ba5621b9884d0,2,2,0.3385545875179722,0.4273743719711959,0.0888197844532237,False,False,False,0,True
valid,54d7ac7a8a4074afa251dda33e7dfa4f,2,2,0.4884225035214519,0.5870780912399722,0.09865558771852034,True,True,False,0,True
valid,fcdc46a7ff9860879adcb5c85eefd7b3,2,3,0.3639150281304966,0.501680139727522,0.13776511159702542,False,True,True,2,False
valid,fcdc46a7ff9860879adcb5c85eefd7b3,3,3,0.3639150281304966,0.5483907521001976,0.18447572396970102,False,True,True,2,False
test,a908872306574c9405b29a838aee5521,2,3,0.3891867208307058,0.5701884988593882,0.18100177802868234,False,True,True,2,False
test,a908872306574c9405b29a838aee5521,3,3,0.3891867208307058,0.6560791426894226,0.26689242185871676,False,True,True,17,False
test,657938f6cc6b388ef70d756aeeda75a9,2,2,0.5149284555340472,0.7068929683137659,0.1919645127797187,True,True,False,0,True
valid,17784b9fbb37fb0bdc230d8ed6f6b355,2,6,0.5901560072836987,0.7699471307385362,0.1797911234548375,True,True,False,0,True
valid,17784b9fbb37fb0bdc230d8ed6f6b355,3,6,0.5901560072836987,0.7788567846722194,0.18870077738852076,True,True,False,0,True
valid,17784b9fbb37fb0bdc230d8ed6f6b355,4,6,0.5901560072836987,0.7858591776658219,0.19570317038212326,True,True,False,0,True
valid,17784b9fbb37fb0bdc230d8ed6f6b355,5,6,0.5901560072836987,0.7858591776658219,0.19570317038212326,True,True,False,0,True
valid,17784b9fbb37fb0bdc230d8ed6f6b355,6,6,0.5901560072836987,0.7858591776658219,0.19570317038212326,True,True,False,0,True
test,e7d21c24070fcbf69b6bb15b10a8ba14,2,2,0.45895019556647076,0.6857330837206411,0.22678288815417036,True,True,False,8,False
test,c59679b415e5432675f2d3e88febaa7f,2,2,0.6171341160011468,0.6260786116514296,0.00894449565028288,True,True,False,0,True
valid,f3f436a397e0d4d39a607a4f7866668c,2,2,0.24839897030188718,0.3814740692512122,0.133075098949325,False,False,False,7,False
test,961a93eba7486b47946616baaf442372,2,2,0.3981213322079201,0.6142740478586305,0.21615271565071037,False,True,True,9,False
test,d9cd31e853bff10e7c7827e48e26caa5,2,2,0.46211263238484,0.6977762692757383,0.2356636368908983,True,True,False,9,False
valid,3f838331593040602cebc452fe2bdc8a,2,4,0.5913275084185556,0.6559135993274722,0.06458609090891654,True,True,False,0,True
valid,3f838331593040602cebc452fe2bdc8a,3,4,0.5913275084185556,0.679079270147926,0.08775176172937038,True,True,False,0,True
valid,3f838331593040602cebc452fe2bdc8a,4,4,0.5913275084185556,0.679079270147926,0.08775176172937038,True,True,False,0,True
test,ddd9c425db13b8b55a6dc676634ea208,2,2,0.379728966217745,0.5579827890188368,0.1782538228010918,False,True,True,0,True
test,661373c8e08e08ebfe43295b3c0cf457,2,2,0.34837391889826685,0.512990800425086,0.1646168815268192,False,True,True,0,True
test,96950a428afc9ab7a40003d030e71cb7,2,2,0.40799683359130645,0.5802774236866322,0.1722805900953257,False,True,True,0,True
valid,e06c6d2cccfbf53339917bf60c317955,2,2,0.3457394779956643,0.5040434054702263,0.158303927474562,False,True,True,0,True
valid,d234978dda939ba3dbb33a1b5c474ea9,2,3,0.6297482528551009,0.6387063077741582,0.008958054919057212,True,True,False,0,True
valid,d234978dda939ba3dbb33a1b5c474ea9,3,3,0.6297482528551009,0.6331731216917648,0.003424868836663819,True,True,False,0,True
valid,999bf17745df488cb226eeaf1f4ad24a,2,2,0.3817010669269236,0.5222211952687739,0.14052012834185024,False,True,True,7,False
valid,63f614943d491bc768817b14c55d348c,2,3,0.330545455998427,0.3098507891896085,-0.020694666808818485,False,False,False,0,True
valid,63f614943d491bc768817b14c55d348c,3,3,0.330545455998427,0.3427993521608903,0.012253896162463307,False,False,False,0,True
valid,e3e77a472278ddd0f93e5b1391db15bc,2,2,0.3962276556317206,0.7264593525821077,0.3302316969503871,False,True,True,15,False
test,3024eda1729b9daf946125ec8c271a91,2,2,0.3867884621454185,0.5621391405314844,0.17535067838606588,False,True,True,0,True
test,bfe53abc61788e6ed7f64c2d7ccb106c,2,2,0.39684536719247143,0.543923637856577,0.14707827066410561,False,True,True,0,True
test,af581263488e6e37a5eecc8323943693,2,2,0.5348595011151864,0.698950005144515,0.16409050402932857,True,True,False,8,False
test,28b031abc340760284a1398ab8f6fd4c,2,2,0.48216107867319435,0.6009138084424416,0.11875272976924722,True,True,False,0,True
test,547b3596c03dfad1b87305e9c5a554c2,2,3,0.39320394823279203,0.4019712890693944,0.008767340836602355,False,False,False,0,True
test,547b3596c03dfad1b87305e9c5a554c2,3,3,0.39320394823279203,0.5046631994740494,0.11145925124125733,False,True,True,11,False
valid,0dde32a7d38a8fd9a7e5b383271a5eea,2,2,0.5807481066468954,0.6918008693140076,0.11105276266711228,True,True,False,3,False
valid,14984dd96b9f40cfe572b31c79247c76,2,2,0.4790865864702095,0.6705606360280099,0.19147404955780034,True,True,False,0,True
test,cf44876bfd55ae8410f52472df9007fb,2,2,0.45910927280341274,0.6319628032003795,0.17285353039696671,True,True,False,0,True
valid,aa2a0609fab50d659ead956ec8f69de1,2,2,0.494131996723969,0.5738562627398545,0.07972426601588545,True,True,False,0,True
valid,4248cc55f19d24204c0c33dbb85fb696,2,3,0.5325193601299709,0.6921484534064664,0.15962909327649544,True,True,False,0,True
valid,4248cc55f19d24204c0c33dbb85fb696,3,3,0.5325193601299709,0.7200343296503906,0.18751496952041968,True,True,False,0,True
test,39ad0c5033f19e6afaf54885158b5aeb,2,2,0.3893501454226518,0.5670369374582279,0.17768679203557614,False,True,True,0,True
test,9f80c79b3c2260ac4352d49fea965897,2,2,0.4030654695451076,0.6812615132548,0.2781960437096924,False,True,True,4,False
valid,a28ab5346693e4de68e085a9ca62da56,2,2,0.3903902700364743,0.5232434091825575,0.1328531391460832,False,True,True,0,True
test,e98077a0d199a25a40eab3b14cc230d4,2,2,0.46460599182947626,0.6731768448873506,0.20857085305787437,True,True,False,0,True
valid,f98376009c93a60a4d80496d4e294637,2,2,0.4053026724986525,0.5004579003381615,0.09515522783950903,False,True,True,0,True
test,201c5ac9debe4c98c375ceaa9172cc87,2,2,0.5486651167936125,0.6921139284307606,0.14344881163714807,True,True,False,0,True
test,90b3ce1268706ec7923743d5867f26a1,2,2,0.3345312986725427,0.3978871906795317,0.06335589200698899,False,False,False,0,True
valid,84de8dbb17d48ddbcc15987307c5ae56,2,2,0.4595223803741879,0.5361905406665836,0.07666816029239565,True,True,False,7,False
valid,4db6394e792193904621c7cab3e2120f,2,2,0.37869480459811244,0.436052722486852,0.05735791788873956,False,False,False,0,True
test,7c2b39d429d502e10a0ef4dd8fc88830,2,2,0.4102564541064655,0.6134554030698741,0.20319894896340862,False,True,True,0,True
valid,11e75c2a931a2968007c44bddf001102,2,6,0.5167530117329109,0.6893961435731033,0.17264313184019242,True,True,False,0,True
valid,11e75c2a931a2968007c44bddf001102,3,6,0.5167530117329109,0.7313832391399789,0.21463022740706805,True,True,False,0,True
valid,11e75c2a931a2968007c44bddf001102,4,6,0.5167530117329109,0.7257048514579298,0.20895183972501896,True,True,False,0,True
valid,11e75c2a931a2968007c44bddf001102,5,6,0.5167530117329109,0.7257048514579298,0.20895183972501896,True,True,False,0,True
valid,11e75c2a931a2968007c44bddf001102,6,6,0.5167530117329109,0.7257048514579298,0.20895183972501896,True,True,False,0,True
valid,5c0cc9b87566505f6f3d3a3de406c7e7,2,2,0.39256396528130344,0.4953121375941847,0.10274817231288125,False,True,True,0,True
test,4dac5a355ca2b9da23d60ed243be5673,2,5,0.6564356863738855,0.7306702697304606,0.07423458335657507,True,True,False,0,True
test,4dac5a355ca2b9da23d60ed243be5673,3,5,0.6564356863738855,0.73552352933586,0.07908784296197446,True,True,False,0,True
test,4dac5a355ca2b9da23d60ed243be5673,4,5,0.6564356863738855,0.7428583288929745,0.08642264251908904,True,True,False,0,True
test,4dac5a355ca2b9da23d60ed243be5673,5,5,0.6564356863738855,0.7428583288929745,0.08642264251908904,True,True,False,0,True
test,883d0564720695a23787ff3224aaa83f,2,2,0.3657825351396975,0.5429989514372908,0.17721641629759333,False,True,True,0,True
valid,99c8af04316c292e23ca57d8917db2ad,2,2,0.5476588517764607,0.5473324615295256,-0.0003263902469350377,True,True,False,0,True
valid,7ea64b9b8029d78ab2a77b1d4df4a008,2,2,0.45847607456909933,0.5609085903247891,0.10243251575568979,True,True,False,0,True
test,fd863d3852b0a9ebf6b0669312fb71b3,2,2,0.7062064627583255,0.6946271385913666,-0.011579324166958949,True,True,False,12,False
valid,1d26b193d715a5362a2ce64676a9e0a0,2,2,0.37656788310574396,0.5607413736714405,0.18417349056569654,False,True,True,0,True
valid,8ab08a832f16966f270a9bbffe395cfa,2,3,0.3608586862804328,0.4934159400285204,0.13255725374808758,False,True,True,0,True
valid,8ab08a832f16966f270a9bbffe395cfa,3,3,0.3608586862804328,0.5419416565878831,0.18108297030745024,False,True,True,0,True
test,aa2dc936dd126536c8f2eb4dbaf37333,2,4,0.4548196494889889,0.6157862298906194,0.16096658040163048,True,True,False,0,True
test,aa2dc936dd126536c8f2eb4dbaf37333,3,4,0.4548196494889889,0.5655824317664371,0.11076278227744818,True,True,False,8,False
test,aa2dc936dd126536c8f2eb4dbaf37333,4,4,0.4548196494889889,0.5626591297187269,0.107839480229738,True,True,False,8,False
valid,5be8e1e5d0ed823d38d05d5b7cce9581,2,3,0.43776377973047154,0.5927175139210998,0.1549537341906283,False,True,True,0,True
valid,5be8e1e5d0ed823d38d05d5b7cce9581,3,3,0.43776377973047154,0.6201155694922755,0.182351789761804,False,True,True,0,True
test,7f5d123edea7962b20bf26e29262f9e5,2,6,0.64161484632581,0.6758361061715235,0.03422125984571345,True,True,False,0,True
test,7f5d123edea7962b20bf26e29262f9e5,3,6,0.64161484632581,0.6955643803541562,0.053949534028346235,True,True,False,0,True
test,7f5d123edea7962b20bf26e29262f9e5,4,6,0.64161484632581,0.6955643803541562,0.053949534028346235,True,True,False,0,True
test,7f5d123edea7962b20bf26e29262f9e5,5,6,0.64161484632581,0.7012518946403994,0.05963704831458938,True,True,False,0,True
test,7f5d123edea7962b20bf26e29262f9e5,6,6,0.64161484632581,0.7012518946403994,0.05963704831458938,True,True,False,0,True
test,4f0ae5e0706a3e90f9f36d0f34fe60aa,2,2,0.42495474754271556,0.4994283307271271,0.07447358318441155,False,True,True,0,True
test,4911bfcdd33739f5324b35e82e0104de,2,2,0.3550286549650211,0.611380832956218,0.2563521779911969,False,True,True,0,True
test,555e60e282181725debc9eb2d69fda3f,2,2,0.6734937688477065,0.6215449116625725,-0.05194885718513398,True,True,False,0,True
test,aad1f17a009853a69d204e2c5e58a11c,2,2,0.5287482590310164,0.5606889336523906,0.03194067462137418,True,True,False,0,True
test,30dbde4bdf3bc12594c469bc67159a8d,2,2,0.4567425997927522,0.5846098148029019,0.12786721501014964,True,True,False,0,True
test,f71e43a268bbabaa7736af38f0c02710,2,2,0.5013489653390842,0.620233985867202,0.11888502052811778,True,True,False,11,False
valid,6814452b321179f571954d27041139b2,2,2,0.4543193131710649,0.5762271865298925,0.12190787335882758,True,True,False,0,True
test,2d089d0a3acc8734734e60850db44254,2,2,0.39731564968211963,0.5931820797045313,0.19586643002241166,False,True,True,7,False
test,d04757c9594f6b1953682f34c0b1086c,2,2,0.5331159306139555,0.6628425469285557,0.12972661631460025,True,True,False,0,True
valid,7d3cd94ead444e7d5a948a9e0021c426,2,3,0.41049583944009915,0.5676781984876461,0.15718235904754696,False,True,True,5,False
valid,7d3cd94ead444e7d5a948a9e0021c426,3,3,0.41049583944009915,0.5925436855003334,0.18204784606023428,False,True,True,2,False
valid,7888cdac405b09671099be62efb2de3d,2,2,0.4961023043623578,0.6028057097118327,0.10670340534947487,True,True,False,0,True
valid,1f990d2b7b5a992e60e4c0ac2ff40f36,2,2,0.584444021488187,0.4066980657802951,-0.17774595570789187,True,False,False,14,False
test,5454971549d855538eb746e4d263f9a5,2,4,0.49002631123355045,0.6370232635217989,0.1469969522882485,True,True,False,0,True
test,5454971549d855538eb746e4d263f9a5,3,4,0.49002631123355045,0.6307274666813072,0.14070115544775674,True,True,False,0,True
test,5454971549d855538eb746e4d263f9a5,4,4,0.49002631123355045,0.6307274666813072,0.14070115544775674,True,True,False,0,True
valid,3f63743b561bfda616e23f460bd70d58,2,4,0.478180446510731,0.693356060433338,0.21517561392260698,True,True,False,0,True
valid,3f63743b561bfda616e23f460bd70d58,3,4,0.478180446510731,0.6991777811783528,0.22099733466762184,True,True,False,0,True
valid,3f63743b561bfda616e23f460bd70d58,4,4,0.478180446510731,0.6991777811783528,0.22099733466762184,True,True,False,0,True
valid,bc0e68520e8fee16c105116281ea8eb7,2,2,0.38129877754204233,0.522956600721846,0.1416578231798037,False,True,True,0,True
test,d9faf6f49d2c7b35db2ee149350d371a,2,2,0.41489743637066123,0.560259264866539,0.14536182849587775,False,True,True,0,True
valid,cf6dae8cde51d9482f323783a76b6446,2,2,0.5039499058547545,0.6931857947663351,0.1892358889115806,True,True,False,0,True
valid,0a6c8aa5c12b86c6f96308839eb7417b,2,2,0.31733797915388673,0.4265840561313662,0.10924607697747946,False,False,False,0,True
valid,f9b4c8173a45d1b57d0bcf5400a6ccd4,2,3,0.49511064177716113,0.6584589360046187,0.16334829422745756,True,True,False,0,True
valid,f9b4c8173a45d1b57d0bcf5400a6ccd4,3,3,0.49511064177716113,0.6700501889446654,0.17493954716750426,True,True,False,6,False
valid,e8208d83bd260fc57b4d889f8883dfd1,2,2,0.40887296053110866,0.5281984661878054,0.11932550565669675,False,True,True,8,False
valid,877448ea783b661571099dbd672a4fa3,2,5,0.43088173211870295,0.5075659140402163,0.07668418192151338,False,True,True,0,True
valid,877448ea783b661571099dbd672a4fa3,3,5,0.43088173211870295,0.5488716993462645,0.1179899672275615,False,True,True,0,True
valid,877448ea783b661571099dbd672a4fa3,4,5,0.43088173211870295,0.7463268536571783,0.31544512153847537,False,True,True,8,False
valid,877448ea783b661571099dbd672a4fa3,5,5,0.43088173211870295,0.5601971771046945,0.12931544498599157,False,True,True,0,True
valid,53e134c152888a0bc7fe1da0dd4cee0f,2,2,0.43913808378327757,0.717268635302198,0.2781305515189204,False,True,True,8,False
valid,a3475ffe00b0ffdf1951a56d5a6b8102,2,3,0.56509644471687,0.7182635871939849,0.15316714247711483,True,True,False,8,False
valid,a3475ffe00b0ffdf1951a56d5a6b8102,3,3,0.56509644471687,0.736920190639353,0.17182374592248295,True,True,False,8,False
valid,9d4837e9f15d4e57e4783e22786cb407,2,5,0.41059344253956553,0.434817673457495,0.024224230917929468,False,False,False,9,False
valid,9d4837e9f15d4e57e4783e22786cb407,3,5,0.41059344253956553,0.46496816572442157,0.05437472318485603,False,True,True,9,False
valid,9d4837e9f15d4e57e4783e22786cb407,4,5,0.41059344253956553,0.46496816572442157,0.05437472318485603,False,True,True,9,False
valid,9d4837e9f15d4e57e4783e22786cb407,5,5,0.41059344253956553,0.5121203366218274,0.1015268940822619,False,True,True,0,True
test,db0c4d3804fd0676152a2ac39cf5cc27,2,2,0.4108034627892727,0.6025751588026795,0.19177169601340682,False,True,True,0,True
test,7e405814c829cafee9c827024e3c714d,2,2,0.42560222416249205,0.6310232522704005,0.2054210281079084,False,True,True,0,True
valid,abf1130bc676c9dcadf91e24f5e30a30,2,4,0.44121965067814395,0.5790176749696905,0.13779802429154653,True,True,False,0,True
valid,abf1130bc676c9dcadf91e24f5e30a30,3,4,0.44121965067814395,0.6102656579813451,0.16904600730320118,True,True,False,0,True
valid,abf1130bc676c9dcadf91e24f5e30a30,4,4,0.44121965067814395,0.6242922606757266,0.18307260999758268,True,True,False,0,True
valid,3f24b1ee5184d84b2d4fe634755ab3f9,2,2,0.46552483619451335,0.5578123354133662,0.09228749921885282,True,True,False,0,True
valid,24e7eb8286ce5ef529b9fcc4fe92ecb1,2,2,0.40079290823227987,0.5306120854548357,0.12981917722255587,False,True,True,0,True
test,cf014dc8804713618176fc95af41b221,2,2,0.5451572502327588,0.6610801628018066,0.11592291256904774,True,True,False,5,False
test,08b54ba8454bed7d08802bc62e33fbc4,2,3,0.4568696766142556,0.5656056142860488,0.10873593767179324,True,True,False,0,True
test,08b54ba8454bed7d08802bc62e33fbc4,3,3,0.4568696766142556,0.620862759958517,0.16399308334426144,True,True,False,0,True
valid,1b71709a68a41c5d7ec189efc6629d0c,2,2,0.498134968034766,0.6057007031333957,0.10756573509862977,True,True,False,7,False
test,b36f6a292525ebee68392ea412e750c2,2,3,0.3101607953967379,0.3579254029129797,0.047764607516241786,False,False,False,0,True
test,b36f6a292525ebee68392ea412e750c2,3,3,0.3101607953967379,0.3582761711189818,0.04811537572224389,False,False,False,0,True
valid,bc1e260c14566150f353c716e61215e4,2,2,0.4062304401324366,0.5260832492452923,0.11985280911285567,False,True,True,4,False
test,0d8bde7325af3ab269064a609e832c91,2,2,0.45077344258134366,0.7002591662706936,0.24948572368934996,True,True,False,0,True
test,38d5ef6462d5c0929ea356606f4e58bf,2,2,0.5197610946359688,0.7059723612108483,0.18621126657487952,True,True,False,0,True
test,1570fe1d14badec761d75ca93916bd6a,2,2,0.40578088254131106,0.595086792799506,0.189305910258195,False,True,True,0,True
test,75b60fe8ae4a01ed4c3152a11651218c,2,2,0.6362813882957672,0.6208152128078775,-0.015466175487889644,True,True,False,0,True
valid,b570dd6ed360911428867a6962dee65b,2,2,0.31617919115347703,0.376986378541169,0.060807187387691974,False,False,False,0,True
test,4becfda49755e3759f3bef6ebb43e88d,2,2,0.4372453760856191,0.5368511771913212,0.09960580110570216,False,True,True,0,True
valid,9cb6476278f2baad1be61b03dc7c8d59,2,2,0.5067944493487525,0.5214186959903596,0.014624246641607108,True,True,False,8,False
valid,32e761ce606f7a8625682e65990b94ed,2,6,0.45489598947545795,0.6067899104698484,0.15189392099439047,True,True,False,0,True
valid,32e761ce606f7a8625682e65990b94ed,3,6,0.45489598947545795,0.6412726930265444,0.1863767035510865,True,True,False,0,True
valid,32e761ce606f7a8625682e65990b94ed,4,6,0.45489598947545795,0.6412726930265444,0.1863767035510865,True,True,False,0,True
valid,32e761ce606f7a8625682e65990b94ed,5,6,0.45489598947545795,0.6412726930265444,0.1863767035510865,True,True,False,0,True
valid,32e761ce606f7a8625682e65990b94ed,6,6,0.45489598947545795,0.6412726930265444,0.1863767035510865,True,True,False,0,True
valid,78cf5dc2baadfbac2c47c6ef7c2a2282,2,6,0.37676040603366534,0.48642027507057695,0.1096598690369116,False,True,True,0,True
valid,78cf5dc2baadfbac2c47c6ef7c2a2282,3,6,0.37676040603366534,0.5375592282287757,0.16079882219511032,False,True,True,0,True
valid,78cf5dc2baadfbac2c47c6ef7c2a2282,4,6,0.37676040603366534,0.5611685737095728,0.1844081676759075,False,True,True,0,True
valid,78cf5dc2baadfbac2c47c6ef7c2a2282,5,6,0.37676040603366534,0.5611685737095728,0.1844081676759075,False,True,True,0,True
valid,78cf5dc2baadfbac2c47c6ef7c2a2282,6,6,0.37676040603366534,0.5611685737095728,0.1844081676759075,False,True,True,0,True
test,67f05f6d7d84bf6e1abf7d7d8e8a41e3,2,2,0.6496680231376228,0.725851512263795,0.07618348912617212,True,True,False,9,False
test,d02c8608e14b940d4efee267ae23dc93,2,2,0.5352168499752294,0.6280987369108596,0.09288188693563015,True,True,False,0,True
test,ddbbf91a5dc91f4757ad2ed77ab9616b,2,2,0.7133876410311004,0.6345784898930706,-0.07880915113802978,True,True,False,0,True
test,20cea985bb2eb263b7abb5b2589a3f32,2,2,0.6585509455440479,0.5555744954232622,-0.10297645012078571,True,True,False,0,True
valid,2f90cbbae872c312d21619dbd02ab3a5,2,2,0.7032611873303479,0.516875236242708,-0.1863859510876399,True,True,False,8,False
test,f41fbf3e30f0f79822348910ca2009f2,2,3,0.4307750659111338,0.6219469180144729,0.1911718521033391,False,True,True,0,True
test,f41fbf3e30f0f79822348910ca2009f2,3,3,0.4307750659111338,0.5905280830454955,0.15975301713436174,False,True,True,0,True
test,994e1f4a0a62e1dea607edbf63528bcb,2,2,0.35650301849020216,0.5332601854812724,0.17675716699107025,False,True,True,0,True
test,963d2768670ecd5c585e20b21a3d295c,2,2,0.5000229671699681,0.6345279022308059,0.13450493506083783,True,True,False,0,True
valid,553a1f1b74cf15fe6cb4a01a627ab41f,2,3,0.5533080310990071,0.6159890485626993,0.06268101746369226,True,True,False,0,True
valid,553a1f1b74cf15fe6cb4a01a627ab41f,3,3,0.5533080310990071,0.6552821739405411,0.10197414284153405,True,True,False,0,True
test,796af24ef8fe72445e1c739fd272ec14,2,2,0.5207211739890828,0.6828433562540142,0.16212218226493136,True,True,False,0,True
valid,9bf744c017456c82da8849a2c92bae84,2,2,0.5489170648231403,0.5933785263028126,0.04446146147967234,True,True,False,12,False
test,33eef7fdc8d66d56aec3a027f087f8bc,2,2,0.4773730026139872,0.7055785184620103,0.22820551584802307,True,True,False,15,False
test,4194efa7ec651ea7442c7f01988877bd,2,2,0.39046268440485377,0.5620833457411093,0.17162066133625553,False,True,True,0,True
valid,f1d6646fab846df9751a81821b4178c7,2,2,0.4473261216825738,0.5602201656295258,0.11289404394695202,True,True,False,7,False
test,18137b5db086c8612160066abecac8a7,2,2,0.4984975919518102,0.6687923985770043,0.17029480662519414,True,True,False,12,False
test,7af905809ddbaaed2af20592006857e0,2,6,0.35834868219935545,0.48944365325647343,0.13109497105711798,False,True,True,0,True
test,7af905809ddbaaed2af20592006857e0,3,6,0.35834868219935545,0.5380884385532303,0.17973975635387485,False,True,True,0,True
test,7af905809ddbaaed2af20592006857e0,4,6,0.35834868219935545,0.5668849551085666,0.20853627290921117,False,True,True,0,True
test,7af905809ddbaaed2af20592006857e0,5,6,0.35834868219935545,0.5668849551085666,0.20853627290921117,False,True,True,0,True
test,7af905809ddbaaed2af20592006857e0,6,6,0.35834868219935545,0.5668849551085666,0.20853627290921117,False,True,True,0,True
test,12038c61d2a50f95412b96ac0e47502d,2,3,0.6641714781194141,0.8188698071086263,0.1546983289892122,True,True,False,0,True
test,12038c61d2a50f95412b96ac0e47502d,3,3,0.6641714781194141,0.8318922996298813,0.1677208215104672,True,True,False,0,True
valid,c8e4d7b6268150138b3cce1a49c8863b,2,2,0.622894603406081,0.46299361108117476,-0.1599009923249063,True,True,False,14,False
test,ffb8f7de8940249a3221252818937ecb,2,3,0.808821273224651,0.7380992827213815,-0.07072199050326955,True,True,False,11,False
test,ffb8f7de8940249a3221252818937ecb,3,3,0.808821273224651,0.7505574154556931,-0.05826385776895793,True,True,False,10,False
test,a07589bd08c0f6f6e01dad0a425aa352,2,2,0.3230043814159268,0.5001197998471179,0.17711541843119105,False,True,True,0,True
valid,f1ef0cea033ae487dc3ebc664cb10d1b,2,2,0.4693679613783065,0.5484555707549577,0.07908760937665116,True,True,False,0,True
test,47ced0a7515c9c759da126fad76397d5,2,2,0.6884515945281002,0.6957097789445863,0.007258184416486069,True,True,False,0,True
test,9883744c6400cfad8a620ddb82b9793c,2,2,0.3159815620788685,0.47042052923821764,0.15443896715934913,False,True,True,0,True
valid,7b728dc4326b3d4fd31af03837b573de,2,2,0.5778226998509488,0.6930034718704461,0.11518077201949728,True,True,False,4,False
test,37c5868b5c8845b91732bc25ac5c6fd8,2,2,0.4270135223997278,0.627673838273461,0.20066031587373323,False,True,True,0,True
test,f64d3fcec2473409b404374ea0ce4ded,2,2,0.41624300780188284,0.6155403608453287,0.19929735304344587,False,True,True,0,True
test,e96e01f8670b7127f79534c069c3cd20,2,2,0.41754385971576935,0.6250214689637382,0.20747760924796887,False,True,True,0,True
valid,2df86a1fe8ce1dbff076f3eef50a664e,2,3,0.41249177923927405,0.487070214447093,0.07457843520781893,False,True,True,0,True
valid,2df86a1fe8ce1dbff076f3eef50a664e,3,3,0.41249177923927405,0.5196590729751569,0.10716729373588285,False,True,True,0,True
test,1eba8812bd34c3579947a0f26ea0462a,2,2,0.520189612820833,0.7079189360173003,0.1877293231964673,True,True,False,0,True
valid,b8bfa12431142333a0c84802f9529d87,2,3,0.38208290620908947,0.5356095507660499,0.1535266445569604,False,True,True,11,False
valid,b8bfa12431142333a0c84802f9529d87,3,3,0.38208290620908947,0.5039310899275082,0.12184818371841877,False,True,True,0,True
test,580603672a21252f21fa8a8b4ca85986,2,2,0.40442499229985984,0.6173351019770924,0.21291010967723256,False,True,True,0,True
valid,0d931f4590e355bc7aedc79ca822cd82,2,4,0.3954047303883237,0.4120648321515795,0.01666010176325583,False,False,False,0,True
valid,0d931f4590e355bc7aedc79ca822cd82,3,4,0.3954047303883237,0.3953206429732192,-8.408741510446127e-05,False,False,False,0,True
valid,0d931f4590e355bc7aedc79ca822cd82,4,4,0.3954047303883237,0.3924822916531774,-0.0029224387351463044,False,False,False,0,True
valid,992cbe3e064cd39f9ccde60a29ffcd3c,2,2,0.43770095450244617,0.4506080557547578,0.012907101252311648,False,True,True,8,False
valid,ab84bf29e9617a0fc438bb0a95a50d6d,2,4,0.3284915903845468,0.46377497707945414,0.13528338669490736,False,True,True,0,True
valid,ab84bf29e9617a0fc438bb0a95a50d6d,3,4,0.3284915903845468,0.48687134522307784,0.15837975483853106,False,True,True,0,True
valid,ab84bf29e9617a0fc438bb0a95a50d6d,4,4,0.3284915903845468,0.48687134522307784,0.15837975483853106,False,True,True,0,True
test,911c0c489bf4354f38fc64491075e8ba,2,2,0.3720552990605107,0.6149520530741575,0.24289675401364674,False,True,True,0,True
test,719a2a4825d52ce82cbc8698a71495ba,2,2,0.5152297992665702,0.6866039180137942,0.17137411874722397,True,True,False,0,True
valid,505bd68247a13876bb61245104daf074,2,2,0.5408948252833748,0.6149469869768148,0.07405216169343998,True,True,False,0,True
valid,ebbe13361b5642fa1a02ae9fa3d7fb3d,2,2,0.40453724636058175,0.5059112511791863,0.10137400481860459,False,True,True,0,True
test,153f3406d034142db04fcb576d6987cc,2,2,0.519040467510977,0.586085595835238,0.06704512832426102,True,True,False,0,True
test,83f3d57e77ac04a095a21b92ae0fd835,2,2,0.3910012959203999,0.5016075182253203,0.11060622230492045,False,True,True,0,True
test,20fa8f2f9e0e99e74b93545b01a6f24a,2,2,0.5101421731952842,0.6739161565907676,0.16377398339548344,True,True,False,1,False
test,a7833628c3a6c045fc5795989947707a,2,2,0.4131901839953568,0.5372078948806003,0.12401771088524349,False,True,True,0,True
test,d1c3d911ad830cab7d16ad8acfc36a46,2,2,0.4242739797465295,0.6190656936413477,0.1947917138948182,False,True,True,1,False
test,309b9de8813533826a3005f94bee92b9,2,5,0.5974541753845177,0.726989460637204,0.12953528525268632,True,True,False,13,False
test,309b9de8813533826a3005f94bee92b9,3,5,0.5974541753845177,0.7339086314412426,0.1364544560567249,True,True,False,0,True
test,309b9de8813533826a3005f94bee92b9,4,5,0.5974541753845177,0.7461384484599842,0.1486842730754665,True,True,False,0,True
test,309b9de8813533826a3005f94bee92b9,5,5,0.5974541753845177,0.686837026723987,0.08938285133946933,True,True,False,9,False
test,79f04f286db371d16fa7bb23b3ca8b5f,2,2,0.5187279308170748,0.6885403132855128,0.169812382468438,True,True,False,3,False
valid,893c67d6d4cfdccd40fb76d7c250d7f0,2,2,0.5077106308326985,0.6542413868271761,0.14653075599447762,True,True,False,0,True
test,033dbd83c331548108afda89d5bc6b79,2,2,0.3983726393274253,0.5834360127414571,0.18506337341403178,False,True,True,8,False
test,7e44fbbef1ef258486c161d0f53f2c19,2,2,0.4313985633973604,0.5917219637404673,0.16032340034310688,False,True,True,0,True
test,ee8315f5c0c889ea9b3d30b08964679a,2,2,0.2973389460300131,0.5100668897403545,0.21272794371034143,False,True,True,4,False
valid,2f7fe3e1ea91048064ff91175ebe6df8,2,2,0.4188249187874423,0.6195648489899861,0.20073993020254377,False,True,True,0,True
test,1765804f6753bf6a25ba8c9fd45977f9,2,2,0.4359407727360497,0.6633657887170451,0.2274250159809954,False,True,True,8,False
test,764bcaebe1a019d6c12165f67656db9b,2,3,0.5214801605550883,0.6369985542436469,0.11551839368855865,True,True,False,0,True
test,764bcaebe1a019d6c12165f67656db9b,3,3,0.5214801605550883,0.6157008495323169,0.09422068897722857,True,True,False,8,False
test,1c8b4e99b0bc55e61bda13d020efb26d,2,2,0.6593487005774232,0.6213913283690502,-0.03795737220837303,True,True,False,8,False
test,e31fbb2860d15276b1e38f43e9423924,2,2,0.3305091918573809,0.5781418903384377,0.24763269848105673,False,True,True,6,False
test,618c8ae12269b2fcb1eaedac90d6ed30,2,3,0.5100305600348471,0.619344560015576,0.10931399998072888,True,True,False,0,True
test,618c8ae12269b2fcb1eaedac90d6ed30,3,3,0.5100305600348471,0.7407851307723721,0.23075457073752492,True,True,False,8,False
test,c2ed9a4ca7d4dca13950ec7e2505eada,2,2,0.4835385865706512,0.5905700460561643,0.10703145948551307,True,True,False,0,True
test,3b1367c314dd3ee56c7f68621977d142,2,2,0.3697318004473673,0.6238154165865877,0.25408361613922037,False,True,True,0,True
valid,48a51dd8d092c2c777f8dc6446f5684b,2,2,0.4289177203490112,0.5825101411704329,0.15359242082142166,False,True,True,7,False
valid,677903861e5a22d39b6c208476a62fe4,2,3,0.5119394175755996,0.6688997633905878,0.1569603458149882,True,True,False,0,True
valid,677903861e5a22d39b6c208476a62fe4,3,3,0.5119394175755996,0.6628849746394775,0.1509455570638779,True,True,False,0,True
test,e35f04a0b16431eb95c9f179c004f500,2,2,0.580230393016866,0.6965618416950774,0.11633144867821144,True,True,False,8,False
test,3f13c6c8bb6e531e041cc02ecda5880b,2,3,0.5399032457972843,0.6904386852954191,0.15053543949813475,True,True,False,1,False
test,3f13c6c8bb6e531e041cc02ecda5880b,3,3,0.5399032457972843,0.7041282337964332,0.16422498799914886,True,True,False,1,False
test,c6c17394464f987209982d3f1423f068,2,2,0.668379722464027,0.6970173494548202,0.028637626990793197,True,True,False,0,True
valid,a2f1b733d3d3cb7185e9661387534161,2,2,0.3820122380813018,0.5327477854722751,0.15073554739097328,False,True,True,7,False
test,0ff30e9eb2b70b51c2788ec38f266a0e,2,2,0.6592017653690804,0.6211229256355998,-0.038078839733480585,True,True,False,0,True
test,5d3a8d8e8b6ececb6cecca1da56f46fc,2,3,0.6170003684790972,0.7552080718697661,0.1382077033906689,True,True,False,0,True
test,5d3a8d8e8b6ececb6cecca1da56f46fc,3,3,0.6170003684790972,0.7852510534924393,0.16825068501334206,True,True,False,0,True
valid,7f8df73aeab603648dec28a5f6cfadc3,2,4,0.47790085852882247,0.557051746017073,0.0791508874882505,True,True,False,0,True
valid,7f8df73aeab603648dec28a5f6cfadc3,3,4,0.47790085852882247,0.5889023245018136,0.1110014659729911,True,True,False,0,True
valid,7f8df73aeab603648dec28a5f6cfadc3,4,4,0.47790085852882247,0.6000903394231594,0.1221894808943369,True,True,False,0,True
test,72d78d466fc73ada5f9cc332c9beeedc,2,2,0.394107180960763,0.5448791364078913,0.1507719554471283,False,True,True,0,True
valid,4e71292813192531d46de4a94b8ba881,2,2,0.3816045076325085,0.5042068137460414,0.12260230611353284,False,True,True,0,True
valid,3d62214bc821ec54aac1a2e240b42650,2,3,0.37284203256873916,0.44463831965360556,0.0717962870848664,False,True,True,5,False
valid,3d62214bc821ec54aac1a2e240b42650,3,3,0.37284203256873916,0.5211899207990398,0.14834788823030065,False,True,True,6,False
test,62fd23282da01c8b7467acd4876b03f6,2,2,0.534066226006652,0.466426146134834,-0.06764007987181797,True,True,False,0,True
test,8dbbc5ad6c925d0327601a5a11b364c8,2,2,0.5308814379854384,0.6904955140364908,0.15961407605105238,True,True,False,0,True
valid,8edd2076400f12faa67a3917145f6450,2,2,0.4938767921169427,0.6806526082369962,0.18677581612005356,True,True,False,0,True
test,13a9bf67e01c960886119fe9b8761a77,2,2,0.3887385920237282,0.46021303265521807,0.07147444063148989,False,True,True,0,True
test,d152d9b39cef5941978b389e5ffee780,2,2,0.6202132150553452,0.5601994248500233,-0.06001379020532194,True,True,False,0,True
test,081aa4722ec9005a164bb9e2c2090911,2,2,0.42827608784574234,0.5836340622516409,0.1553579744058986,False,True,True,0,True
valid,80f2ad91eff25a16d7c2f14250d84274,2,2,0.40439371571592464,0.4796577749296561,0.07526405921373147,False,True,True,8,False
valid,92636fba2bec02c660ed866c0ab6f4bd,2,2,0.4063450738573514,0.5120000798463374,0.10565500598898603,False,True,True,9,False
valid,4185607d55c555fc65b5af2bb98062ff,2,2,0.4526993679149388,0.5234235310055471,0.07072416309060825,True,True,False,0,True
test,b34f86c59a76bef28aa32825ab4370f6,2,2,0.38084682147824733,0.6370568520162015,0.2562100305379542,False,True,True,9,False
valid,c6738800d95e18d66c681a8dac8e2b7f,2,2,0.5187077968837772,0.5912451897999292,0.07253739291615202,True,True,False,0,True
valid,055bb586a2d17c7677a6096c56b6e2b0,2,2,0.6219945917729175,0.8152716976953658,0.1932771059224483,True,True,False,0,True
valid,aa78679c9f61a2896e5fe26761b6a8bf,2,2,0.31613668413378815,0.4673177871631521,0.15118110302936394,False,True,True,0,True
test,9e0d5f27a7557c8c59cb7dafa6a060e3,2,3,0.42794211914507096,0.6252205829299599,0.1972784637848889,False,True,True,0,True
test,9e0d5f27a7557c8c59cb7dafa6a060e3,3,3,0.42794211914507096,0.6526294849270837,0.22468736578201276,False,True,True,0,True
test,f4508bb7696cb9597c0bdbb0fba901a9,2,2,0.45258075737994696,0.5444699342681159,0.09188917688816889,True,True,False,0,True
test,45beee86f9309e732ea650d21add5269,2,2,0.596743415870443,0.5024696072098521,-0.09427380866059087,True,True,False,0,True
test,405e31197c9ced1ce6839e8eb84ba10b,2,3,0.6778152123809393,0.5956432713075892,-0.08217194107335013,True,True,False,0,True
test,405e31197c9ced1ce6839e8eb84ba10b,3,3,0.6778152123809393,0.6586229343913006,-0.01919227798963874,True,True,False,0,True
test,19ddb42a5be901faf63f0caa5cfbfd38,2,2,0.3618493162757592,0.48347641602582647,0.12162709975006725,False,True,True,0,True
test,ea3925cbd40537018367b46fe65ee75c,2,2,0.44856632408749797,0.6032006850760927,0.15463436098859473,True,True,False,4,False
test,283548b206a96af4094495858774befe,2,3,0.5176634363552297,0.6925639414908333,0.17490050513560362,True,True,False,0,True
test,283548b206a96af4094495858774befe,3,3,0.5176634363552297,0.7252720882087413,0.20760865185351163,True,True,False,0,True
valid,b6b5fb0fbf0d0f55fc382e3857520a1c,2,2,0.49487700091969455,0.5596823528865673,0.06480535196687276,True,True,False,0,True
test,34fdc362961364d3ff08986ccff2212d,2,3,0.3208665555445055,0.5909794092463214,0.2701128537018159,False,True,True,16,False
test,34fdc362961364d3ff08986ccff2212d,3,3,0.3208665555445055,0.645464074579348,0.32459751903484246,False,True,True,11,False
valid,0cc53a27cb4eec43723454e212e469cc,2,2,0.48538455282893933,0.6049835968405393,0.11959904401159993,True,True,False,0,True
test,8533497ec8830f25e8a90bcbe74563db,2,2,0.6694449982522589,0.5832851918240288,-0.08615980642823007,True,True,False,0,True
valid,e57f9e7c60adf9829a8cadaf9d153e5d,2,3,0.3709664853315465,0.47063317816236316,0.09966669283081664,False,True,True,0,True
valid,e57f9e7c60adf9829a8cadaf9d153e5d,3,3,0.3709664853315465,0.4435184481121702,0.0725519627806237,False,True,True,0,True
test,1852019948d9a47a6c035457a6f71410,2,2,0.3889546541103005,0.5156162992738329,0.1266616451635324,False,True,True,0,True
test,3ecaa8212e4afe6b832d77f3d19a4932,2,2,0.625350933859462,0.6820119515357588,0.05666101767629672,True,True,False,0,True
test,3f744e5030fb02e02651eb31d5204878,2,6,0.5360766223504906,0.7209745986272702,0.18489797627677962,True,True,False,0,True
test,3f744e5030fb02e02651eb31d5204878,3,6,0.5360766223504906,0.738780909661246,0.2027042873107554,True,True,False,0,True
test,3f744e5030fb02e02651eb31d5204878,4,6,0.5360766223504906,0.7364800673750581,0.20040344502456753,True,True,False,0,True
test,3f744e5030fb02e02651eb31d5204878,5,6,0.5360766223504906,0.7348849033826421,0.19880828103215153,True,True,False,0,True
test,3f744e5030fb02e02651eb31d5204878,6,6,0.5360766223504906,0.7348849033826421,0.19880828103215153,True,True,False,0,True
test,da1614839066b897fd837a7898bd26e0,2,2,0.5339044789992693,0.5718740562171631,0.037969577217893846,True,True,False,0,True
test,8139c6ba17098ce29be01da362849540,2,2,0.43585014323252325,0.5726520083039147,0.13680186507139147,False,True,True,0,True
valid,224d5440ae7516a5ca867b2d5311147b,2,2,0.4574809782923983,0.5726592678710005,0.11517828957860221,True,True,False,0,True
test,8878a85f1d2317973cca3011664cfbe9,2,2,0.5167384185773352,0.5814745564739362,0.06473613789660104,True,True,False,0,True
test,36004805bfb0ea8d00efb94e260b0789,2,2,0.5028996982733205,0.7290211472360906,0.2261214489627701,True,True,False,0,True
valid,e3814831894acaf0ee4561b4a610b580,2,2,0.4337745030003809,0.553935278715214,0.12016077571483308,False,True,True,0,True
valid,8435b228083742b605b95a6c3e9c9534,2,2,0.40189693839566265,0.5286411809480114,0.12674424255234873,False,True,True,0,True
test,22b09303fa1607a11b0bf4b2e79627be,2,2,0.4753533470894147,0.629894795515562,0.15454144842614737,True,True,False,0,True
valid,f08abbff7e606943778266ee1267b369,2,2,0.4021395986781987,0.445893269730432,0.04375367105223327,False,True,True,0,True
test,410d24bf2012bc9b2a94352bcc3639eb,2,2,0.3965212043346784,0.5917636046480672,0.1952424003133888,False,True,True,0,True
test,64e1395d7ea3914c0f8a6706849e73ad,2,2,0.37826246978792133,0.5296347734475036,0.15137230365958232,False,True,True,0,True
valid,a3316b63c1f065d129b524f658cce198,2,2,0.34391271848531846,0.4057469757183759,0.061834257233057466,False,False,False,0,True
test,c2aa77318ccfe5fea754a5d1c2ff1544,2,3,0.4739569475088614,0.6590204384338182,0.18506349092495677,True,True,False,5,False
test,c2aa77318ccfe5fea754a5d1c2ff1544,3,3,0.4739569475088614,0.6549630448437713,0.1810060973349099,True,True,False,14,False
test,47435f657d2323e5eb4455aa5bc6a436,2,6,0.40666496628510895,0.6173788641122813,0.21071389782717231,False,True,True,0,True
test,47435f657d2323e5eb4455aa5bc6a436,3,6,0.40666496628510895,0.6511347387206499,0.2444697724355409,False,True,True,0,True
test,47435f657d2323e5eb4455aa5bc6a436,4,6,0.40666496628510895,0.6511347387206499,0.2444697724355409,False,True,True,0,True
test,47435f657d2323e5eb4455aa5bc6a436,5,6,0.40666496628510895,0.6511347387206499,0.2444697724355409,False,True,True,0,True
test,47435f657d2323e5eb4455aa5bc6a436,6,6,0.40666496628510895,0.6511347387206499,0.2444697724355409,False,True,True,0,True
test,4affd1928d3900a415e9886a179d5124,2,8,0.5240670292657685,0.6508295735057625,0.126762544239994,True,True,False,0,True
test,4affd1928d3900a415e9886a179d5124,3,8,0.5240670292657685,0.6330951768762019,0.10902814761043333,True,True,False,0,True
test,4affd1928d3900a415e9886a179d5124,4,8,0.5240670292657685,0.6181673895220383,0.09410036025626978,True,True,False,1,False
test,4affd1928d3900a415e9886a179d5124,5,8,0.5240670292657685,0.6245202974757658,0.10045326820999723,True,True,False,1,False
test,4affd1928d3900a415e9886a179d5124,6,8,0.5240670292657685,0.6245202974757658,0.10045326820999723,True,True,False,1,False
test,4affd1928d3900a415e9886a179d5124,7,8,0.5240670292657685,0.6313556187614943,0.10728858949572573,True,True,False,1,False
test,4affd1928d3900a415e9886a179d5124,8,8,0.5240670292657685,0.6478511694176498,0.12378414015188122,True,True,False,0,True
valid,aac567189889ebd3f40e46a0f8a5a63c,2,2,0.46015269699458494,0.5834000203416805,0.12324732334709554,True,True,False,0,True
valid,f6a40045364c9ef1f9405ef1d094c389,2,5,0.37991751390651896,0.48059653488629805,0.1006790209797791,False,True,True,0,True
valid,f6a40045364c9ef1f9405ef1d094c389,3,5,0.37991751390651896,0.5217726378209238,0.1418551239144048,False,True,True,0,True
valid,f6a40045364c9ef1f9405ef1d094c389,4,5,0.37991751390651896,0.5397177209356284,0.15980020702910946,False,True,True,0,True
valid,f6a40045364c9ef1f9405ef1d094c389,5,5,0.37991751390651896,0.5397177209356284,0.15980020702910946,False,True,True,0,True
test,bb91c3b36fbe9aa9873d12ffb7371942,2,2,0.44806007637957335,0.640347161478066,0.19228708509849268,True,True,False,1,False
valid,e282c4391c744da1e194f6c322f1255f,2,2,0.34712834266283554,0.4819925699291977,0.13486422726636216,False,True,True,6,False
valid,b6508cc635e024a2db73451e22649413,2,2,0.4969351619305096,0.721606286476383,0.22467112454587346,True,True,False,0,True
test,e98a3b2b3472d167a1ea3b0702b78ad9,2,2,0.4601941418942116,0.612409601326583,0.15221545943237136,True,True,False,0,True
test,f8d4190f8951914e3d79e7b6b7871470,2,2,0.387368561646654,0.5487572075062999,0.16138864585964585,False,True,True,0,True
test,ba58c5a73e8f1d2300f86d2ad3576657,2,2,0.4347981460366205,0.600295896065697,0.16549775002907652,False,True,True,0,True
valid,26693e638808e1e5a1b09eaa16a1fde8,2,2,0.44927782525513027,0.465500441927976,0.016222616672845747,True,True,False,10,False
test,c99bf9bf2c26094ff4786e6bf919d14c,2,2,0.5589598677127243,0.7346812983121489,0.17572143059942458,True,True,False,0,True
valid,3cf431b2cfa1f67ed4e516f923cab5be,2,2,0.3760271582887339,0.5549392584591231,0.17891210017038917,False,True,True,0,True
valid,3c874b19a0eb27d93a473e03468d44b2,2,2,0.36283317824185934,0.4508114396550812,0.08797826141322185,False,True,True,0,True
test,78d197a2bfdde2a4c64cf3e58ab2b7a3,2,2,0.588545079737179,0.7372760599426745,0.14873098020549558,True,True,False,0,True
test,96fac65dca5efca83efce7194c1b8605,2,2,0.49615150543312725,0.663562121852446,0.16741061641931876,True,True,False,8,False
test,0a6941f89f53dc1f622f877b23601ed7,2,2,0.6803807635194321,0.6520062363056625,-0.02837452721376965,True,True,False,9,False
valid,8ec9ebffb3172ce7edaf4c7511d41917,2,3,0.46389362762961217,0.5641990331633355,0.10030540553372336,True,True,False,0,True
valid,8ec9ebffb3172ce7edaf4c7511d41917,3,3,0.46389362762961217,0.6185087528404469,0.15461512521083476,True,True,False,0,True
test,eabd655acd4b2c89bd505ae21dbeb102,2,2,0.40170027737658853,0.6087544773817883,0.2070542000051998,False,True,True,0,True
valid,7219bbc67d036600cbc65e84abfd581a,2,2,0.6104827631685537,0.6485376974137702,0.038054934245216554,True,True,False,11,False
test,c5c563437568ad88f8243cda53218d0e,2,2,0.4472906337584026,0.6263817197897525,0.17909108603134993,True,True,False,9,False
test,178f859d222729f650b08c3c8417f9bb,2,2,0.44419220820627214,0.5942412305623122,0.15004902235604,True,True,False,0,True
valid,47337df7ad68b2516542cd62e78cec3d,2,2,0.41826790825071614,0.5699358605399198,0.1516679522892037,False,True,True,0,True
valid,a6d0edc01300d51955bc9c2f0c8fe71c,2,2,0.36186001345639063,0.5022758677420122,0.14041585428562153,False,True,True,0,True
test,17f12788b667e6b9af13a3f11ae1db08,2,2,0.3899277955957188,0.6676910070184684,0.2777632114227496,False,True,True,0,True
test,6275a054b07c80fe5b7abe07dda2b366,2,2,0.5428023004272688,0.7604142029983529,0.2176119025710841,True,True,False,7,False
test,cb71dc72237d3c654e1ac60c2ea343e2,2,2,0.6953353858898736,0.6115403575677356,-0.08379502832213803,True,True,False,6,False
test,a2a25b6cdda4df1153122e0300995334,2,4,0.4861695801264857,0.6797091556813748,0.1935395755548891,True,True,False,3,False
test,a2a25b6cdda4df1153122e0300995334,3,4,0.4861695801264857,0.5917016113727915,0.10553203124630584,True,True,False,0,True
test,a2a25b6cdda4df1153122e0300995334,4,4,0.4861695801264857,0.5917016113727915,0.10553203124630584,True,True,False,0,True
test,e3f0b406629d8e6309d61f34a2087d71,2,2,0.48935229136785763,0.5527681323636436,0.06341584099578601,True,True,False,14,False
test,003822434f91204da0a51fe4cf2aba18,2,2,0.5161642351587794,0.6980349915402898,0.1818707563815104,True,True,False,0,True
test,c5c3f8505307266d936b0127ad17be75,2,3,0.3993358899832853,0.4494538642361836,0.05011797425289832,False,True,True,0,True
test,c5c3f8505307266d936b0127ad17be75,3,3,0.3993358899832853,0.4313950455448272,0.03205915556154193,False,False,False,0,True
valid,ee952aac074eb5c8cf647ff715c6d8f1,2,2,0.4013623812030396,0.5125118474218076,0.11114946621876798,False,True,True,0,True
test,e4355b11f8adb9cfd1883d34dfedb6c7,2,2,0.4664205395100871,0.6351042149994824,0.16868367548939533,True,True,False,0,True
test,0113c9989fe6e5007795daec0633b405,2,2,0.34475714622974174,0.5576107778179076,0.21285363158816584,False,True,True,0,True
valid,1573c1514d9e6b02151d3f7a1e9b0b20,2,2,0.43049196515818855,0.5080565606555529,0.07756459549736439,False,True,True,0,True
valid,9fbc0f9b99b05800100124db58b25182,2,2,0.40355150459960143,0.5027301198247365,0.09917861522513505,False,True,True,0,True
test,5d4641e1bc38e17f79478bb33fdfbb0e,2,2,0.589516891262573,0.6832037731027725,0.09368688184019947,True,True,False,0,True
valid,a7eddde56d5836e33a95adc2e8586cf6,2,2,0.41846315980290016,0.5113390482881324,0.0928758884852322,False,True,True,0,True
valid,bee14f2069e7e9f1ed6ef5e2f76841f9,2,3,0.47323261962957974,0.6223058530798332,0.14907323345025347,True,True,False,0,True
valid,bee14f2069e7e9f1ed6ef5e2f76841f9,3,3,0.47323261962957974,0.5858199943007483,0.11258737467116853,True,True,False,0,True
valid,8fc11d5503f6e2b6e15242e0365633e4,2,6,0.7117990581992015,0.7013055371433241,-0.01049352105587742,True,True,False,0,True
valid,8fc11d5503f6e2b6e15242e0365633e4,3,6,0.7117990581992015,0.7398302492972934,0.028031191098091823,True,True,False,0,True
valid,8fc11d5503f6e2b6e15242e0365633e4,4,6,0.7117990581992015,0.751971204548467,0.04017214634926547,True,True,False,0,True
valid,8fc11d5503f6e2b6e15242e0365633e4,5,6,0.7117990581992015,0.751971204548467,0.04017214634926547,True,True,False,0,True
valid,8fc11d5503f6e2b6e15242e0365633e4,6,6,0.7117990581992015,0.751971204548467,0.04017214634926547,True,True,False,0,True
valid,5f517c344edea684043f8c69608b7f47,2,2,0.3537935790998217,0.43159887257600515,0.07780529347618348,False,False,False,0,True
test,1782119bc21f8f920e4557c56091a68a,2,4,0.42692643006223596,0.6243924278132427,0.1974659977510067,False,True,True,0,True
test,1782119bc21f8f920e4557c56091a68a,3,4,0.42692643006223596,0.6189292052743722,0.19200277521213627,False,True,True,0,True
test,1782119bc21f8f920e4557c56091a68a,4,4,0.42692643006223596,0.6259744673290618,0.19904803726682585,False,True,True,0,True
test,5202706af09cfff62208ae5a56926b6d,2,3,0.40924087514065133,0.5228019050987824,0.11356102995813111,False,True,True,3,False
test,5202706af09cfff62208ae5a56926b6d,3,3,0.40924087514065133,0.5651664930105234,0.15592561786987202,False,True,True,7,False
test,ee230b38900d26f6334311714d502d30,2,2,0.4987732075098952,0.6086754458923996,0.10990223838250446,True,True,False,0,True
test,d08257023bba46fdf7e3cfcccac606b8,2,2,0.320445089876631,0.4755267364812247,0.15508164660459367,False,True,True,0,True
test,b4e47a448289bb284758470f606229c4,2,3,0.4007403154309539,0.5775031844664669,0.17676286903551297,False,True,True,0,True
test,b4e47a448289bb284758470f606229c4,3,3,0.4007403154309539,0.6384101277152012,0.23766981228424733,False,True,True,0,True
valid,167dc2b0f73ab3c0cc069599ea571b68,2,2,0.6109754560718454,0.6559236588176145,0.04494820274576905,True,True,False,0,True
valid,4200e64fc68666999e2a696dfb2661a1,2,2,0.3732992843239332,0.45479941076537567,0.08150012644144244,False,True,True,0,True
valid,55aabd1c605ccaa6bddb6caec3cf74e4,2,2,0.44972248199881837,0.558286209387499,0.10856372738868059,True,True,False,0,True
test,1e91914c9706a5d4665b8c5a6294b107,2,2,0.5547675199651643,0.6768014209175672,0.12203390095240296,True,True,False,0,True
valid,c13a287f74c4fa0c3cda18cdba8252b5,2,2,0.46768002854730695,0.5620391482961113,0.0943591197488044,True,True,False,0,True
test,ab37728868ab54d404aeb0398696940d,2,2,0.5437834573323161,0.6901314596866923,0.14634800235437617,True,True,False,7,False
valid,b9b288cdc42a600d0a460dcb92865e4e,2,2,0.5665326551956704,0.4747758196773194,-0.09175683551835101,True,True,False,8,False
test,b973523974e2976383d50c875587531c,2,2,0.4963452476432003,0.6627325446804752,0.16638729703727484,True,True,False,4,False
test,21d83e75dc0edc8c7aa58b4370a3518a,2,2,0.34544326725691243,0.4936407205460197,0.14819745328910727,False,True,True,0,True
valid,abe8ef4e8c937aee88261fad3b80d503,2,2,0.4495251600389003,0.5661929897713507,0.11666782973245038,True,True,False,0,True
test,3eae7531a136877d61e1aaea2684fcea,2,3,0.5415029379937936,0.6927328461052247,0.1512299081114311,True,True,False,0,True
test,3eae7531a136877d61e1aaea2684fcea,3,3,0.5415029379937936,0.7174568234337568,0.17595388543996326,True,True,False,0,True
test,d62e59ee0c5020813dbe50f9204b9a26,2,2,0.40395252330535014,0.5957929358544815,0.1918404125491313,False,True,True,0,True
valid,fc6fa7fa7977262db8df0b27a56474d8,2,2,0.5199089689162386,0.7586446604711669,0.23873569155492824,True,True,False,0,True
valid,e48b8d245a4e83db60a76367fe7ffad2,2,3,0.38708919010911136,0.5683847294622371,0.1812955393531257,False,True,True,0,True
valid,e48b8d245a4e83db60a76367fe7ffad2,3,3,0.38708919010911136,0.62106817362548,0.2339789835163686,False,True,True,0,True
valid,4a28fe31d1808616ef3925084765c8b3,2,2,0.4874270889084088,0.6140069298608097,0.12657984095240093,True,True,False,0,True
valid,34adfe85692f724087a52976282ea92f,2,3,0.4497101928310536,0.5726546827174283,0.12294448988637463,True,True,False,0,True
valid,34adfe85692f724087a52976282ea92f,3,3,0.4497101928310536,0.6314312583759957,0.18172106554494205,True,True,False,0,True
test,b1d5751557bca097afe9c461a22cdc0b,2,2,0.3558890887683289,0.5646797883141013,0.20879069954577234,False,True,True,15,False
valid,9a1ee1a8feb17ebd8368c1b36e97bac1,2,4,0.2803705054096193,0.450073874987692,0.16970336957807275,False,True,True,0,True
valid,9a1ee1a8feb17ebd8368c1b36e97bac1,3,4,0.2803705054096193,0.47159550894799285,0.19122500353837357,False,True,True,0,True
valid,9a1ee1a8feb17ebd8368c1b36e97bac1,4,4,0.2803705054096193,0.48932289292712106,0.20895238751750178,False,True,True,0,True
test,3fc956a467f7ebdb94ce31e7ff8dd95b,2,4,0.29352354965621197,0.5878191398224215,0.29429559016620954,False,True,True,0,True
test,3fc956a467f7ebdb94ce31e7ff8dd95b,3,4,0.29352354965621197,0.6188608987639106,0.3253373491076986,False,True,True,0,True
test,3fc956a467f7ebdb94ce31e7ff8dd95b,4,4,0.29352354965621197,0.6160527356115284,0.32252918595531643,False,True,True,0,True
test,e55ccf4e8ae6aa77431729b1bf96d741,2,6,0.3763680275395569,0.5195500749240278,0.14318204738447093,False,True,True,0,True
test,e55ccf4e8ae6aa77431729b1bf96d741,3,6,0.3763680275395569,0.5495551172632889,0.17318708972373198,False,True,True,0,True
test,e55ccf4e8ae6aa77431729b1bf96d741,4,6,0.3763680275395569,0.5495551172632889,0.17318708972373198,False,True,True,0,True
test,e55ccf4e8ae6aa77431729b1bf96d741,5,6,0.3763680275395569,0.5495551172632889,0.17318708972373198,False,True,True,0,True
test,e55ccf4e8ae6aa77431729b1bf96d741,6,6,0.3763680275395569,0.5495551172632889,0.17318708972373198,False,True,True,0,True
valid,0b82a32f3caec8e9157049e294486ade,2,2,0.3871467108271772,0.4634296971539601,0.07628298632678288,False,True,True,0,True
test,1751f4e14a08d5188324c3a04175f76f,2,2,0.4624511191028827,0.5925201763073147,0.13006905720443196,True,True,False,14,False
test,cc6e97ae2828fbe0e3d687628b51c155,2,2,0.5783824633294229,0.7224027884243132,0.14402032509489027,True,True,False,3,False
test,f5219d97208f4c6aed81985144497f1e,2,2,0.41366603756462306,0.5699956274373095,0.15632958987268641,False,True,True,9,False
valid,9b45de49b277899b23ba41cbb79d3a5e,2,2,0.4333872343741343,0.5634457667673791,0.13005853239324483,False,True,True,4,False
test,2246b00cedc24cbba0af186b95a3e885,2,2,0.3986290612365152,0.5920701606355682,0.19344109939905296,False,True,True,8,False
test,2860a8f93184d56f89d3b2aebb912a83,2,2,0.33656848822409524,0.48093123521141634,0.1443627469873211,False,True,True,0,True
valid,b438ae3323566a4e25ebef7b8b3e50e4,2,2,0.40122049745246446,0.5484580188183797,0.14723752136591528,False,True,True,0,True
valid,cf07604a298e52c07c772d3dbc9edc1d,2,2,0.422157215000725,0.4959825680943808,0.07382535309365579,False,True,True,0,True
valid,7050ca67abc28e54c96dda64fc044dc6,2,2,0.3239501655564897,0.4337805836232015,0.10983041806671179,False,False,False,8,False
test,06351d6c05e58972856f24bc50d69b23,2,2,0.36487778953228,0.5503966954853858,0.18551890595310583,False,True,True,7,False
test,8a881a4cd12decbfb14a30bd1f76e9a8,2,2,0.42398110723976623,0.6743725014502294,0.2503913942104632,False,True,True,0,True
test,6a0633b045fa76bef36ac14dd4a3f165,2,2,0.49708006946776573,0.6853253545549178,0.1882452850871521,True,True,False,0,True
test,443f3ab34f06d2d9124cd153812b4ba6,2,2,0.39751302627438845,0.5130743605441535,0.115561334269765,False,True,True,1,False
test,32e943adb1bf8c4ed11dfb4e6ee5aea2,2,2,0.49547718170836874,0.6435186819004575,0.14804150019208873,True,True,False,4,False
test,05a5446738fb49ff21e44d318df1189d,2,2,0.5434556569044711,0.6865308379997346,0.14307518109526352,True,True,False,13,False
test,847ce38c5fcd5423e7409a0f9314a19a,2,2,0.6076543086350022,0.5839968944091705,-0.023657414225831785,True,True,False,0,True
valid,b3fd6f1d726da32abced71e3fc845e35,2,4,0.4991486196850987,0.534413720832563,0.035265101147464284,True,True,False,7,False
valid,b3fd6f1d726da32abced71e3fc845e35,3,4,0.4991486196850987,0.5207190235202086,0.021570403835109886,True,True,False,7,False
valid,b3fd6f1d726da32abced71e3fc845e35,4,4,0.4991486196850987,0.5205375687339344,0.021388949048835704,True,True,False,9,False
valid,ab64019b7c1b1400d2848d2dda69e13a,2,2,0.4017335791731076,0.5013065162729289,0.09957293709982129,False,True,True,0,True
test,05086b5a715c97d1971784b6ae899a6d,2,2,0.43230897976321125,0.5823023346725846,0.14999335490937338,False,True,True,1,False
test,05a61d016706110ed3580eeba84e31c7,2,2,0.509446760340724,0.6569946822668977,0.14754792192617372,True,True,False,0,True
test,cafde70fc65139700e7366af413055fe,2,2,0.41492562271631495,0.5484312250622738,0.13350560234595887,False,True,True,0,True
test,e299d0b6b42a62df652195edf2b551da,2,2,0.6109233395997696,0.7504468127017787,0.13952347310200908,True,True,False,0,True
valid,f1b077d44b598f5bdb44d7324e527a04,2,2,0.537443410983091,0.7362366782523215,0.19879326726923052,True,True,False,5,False
valid,241f626916f066b733b1e9013b91f059,2,2,0.46852392431086964,0.6393555513951612,0.17083162708429156,True,True,False,0,True
test,4bb1efeacab943b0b5364e7121fbcd62,2,6,0.6037847921496178,0.7667535854313611,0.1629687932817433,True,True,False,4,False
test,4bb1efeacab943b0b5364e7121fbcd62,3,6,0.6037847921496178,0.7091003195110075,0.10531552736138972,True,True,False,0,True
test,4bb1efeacab943b0b5364e7121fbcd62,4,6,0.6037847921496178,0.706641857263549,0.10285706511393122,True,True,False,0,True
test,4bb1efeacab943b0b5364e7121fbcd62,5,6,0.6037847921496178,0.7010660790188883,0.09728128686927051,True,True,False,0,True
test,4bb1efeacab943b0b5364e7121fbcd62,6,6,0.6037847921496178,0.7010660790188883,0.09728128686927051,True,True,False,0,True
test,6b1e226ba2512e424031208f6caffdca,2,2,0.49928894473376484,0.6404476366744702,0.1411586919407054,True,True,False,0,True
test,414b227d34e12d2c95093f0bdb4c44bd,2,2,0.4687054925192299,0.5636007669573149,0.09489527443808499,True,True,False,9,False
test,179a6a5380b863ae5aae42e8eb754913,2,2,0.3957345416248932,0.6138075810374706,0.21807303941257739,False,True,True,1,False
test,a1011d45b3b442fc2af90299beb134a2,2,2,0.3150536784289165,0.50305924299174,0.18800556456282347,False,True,True,0,True
test,70a75c42b1a46c6a84e3c4ec64edc900,2,3,0.4588910392280613,0.6841316300144407,0.22524059078637937,True,True,False,0,True
test,70a75c42b1a46c6a84e3c4ec64edc900,3,3,0.4588910392280613,0.7038161752994705,0.2449251360714092,True,True,False,0,True
test,d505b1d74b4f7e22869e627c8331338e,2,2,0.5474881790586505,0.7378565645425377,0.19036838548388713,True,True,False,0,True
valid,57d494b053f23a8eb4a5428f30758073,2,2,0.5034206908329388,0.6461289511728279,0.14270826033988904,True,True,False,1,False
valid,8af844e18cf7ddedd50343fcd0990863,2,2,0.39943111603080206,0.4517007175372457,0.052269601506443664,False,True,True,7,False
valid,7af48c3262020f1e61fed763bbe80920,2,2,0.48114118374891346,0.6222668880986252,0.14112570434971172,True,True,False,0,True
valid,5b8b540b5934e4af4790f609af380cf8,2,4,0.4556401664642482,0.5247380880971912,0.06909792163294304,True,True,False,0,True
valid,5b8b540b5934e4af4790f609af380cf8,3,4,0.4556401664642482,0.5323261221604294,0.0766859556961812,True,True,False,0,True
valid,5b8b540b5934e4af4790f609af380cf8,4,4,0.4556401664642482,0.5549176943775179,0.09927752791326971,True,True,False,0,True
valid,3b5fbf2b705ef6784eceb4cfafb46d4b,2,2,0.4015264644512596,0.48555584778581595,0.08402938333455634,False,True,True,0,True
valid,4c61ad2fcbc718550947fed75a4c0ee5,2,2,0.3987240146224794,0.4609748998654576,0.06225088524297817,False,True,True,0,True
test,a29d9c2b5d06b98ba0b5eca57feec6ca,2,2,0.4927803628334415,0.664740513175781,0.17196015034233947,True,True,False,0,True
test,800f40af9296b3b1cc4b669c08d68e81,2,2,0.46762401529126874,0.49039796686036663,0.022773951569097894,True,True,False,10,False
test,93c876d3232e6a2353011f181e7f3c40,2,2,0.5697279153002968,0.6476368221024841,0.07790890680218732,True,True,False,0,True
test,4a1c3af89657b2177e85765d4390ef46,2,2,0.37451542609325084,0.5598988265670456,0.18538340047379476,False,True,True,0,True
test,2f0bf24dbe1cb004069c70687668f917,2,2,0.47460168208379094,0.5578379770743638,0.08323629499057283,True,True,False,0,True
valid,84a2a019c5e35c1b7930e967601312b7,2,3,0.4869569645237376,0.6034178480592138,0.11646088353547623,True,True,False,1,False
valid,84a2a019c5e35c1b7930e967601312b7,3,3,0.4869569645237376,0.6533710345362718,0.16641407001253417,True,True,False,3,False
test,1ed3c7f08656149896b3e30bff0ad3ab,2,2,0.46102362503974925,0.632628201838388,0.17160457679863872,True,True,False,0,True
valid,c2a74c32297a978e0e9b2b2797b917eb,2,2,0.468122897628494,0.5461904594285933,0.07806756180009933,True,True,False,7,False
test,4e1de8ce601dce8d9ec0049bb09af89d,2,2,0.4769459656364836,0.6887678915206132,0.21182192588412962,True,True,False,0,True
valid,40ebc9d21ae5f5d7dfd398f87e63f455,2,2,0.4214176214919929,0.43791174150549594,0.016494120013503033,False,False,False,0,True
test,112909cbca6ebc18ce400189ea165cae,2,3,0.4275080113941311,0.593678086631735,0.16617007523760396,False,True,True,5,False
test,112909cbca6ebc18ce400189ea165cae,3,3,0.4275080113941311,0.6682984752988523,0.24079046390472125,False,True,True,5,False
test,67b0b5998d225c031727557708e9bfb3,2,4,0.40521719015420754,0.585684747442393,0.18046755728818542,False,True,True,0,True
test,67b0b5998d225c031727557708e9bfb3,3,4,0.40521719015420754,0.5682846381068835,0.16306744795267591,False,True,True,0,True
test,67b0b5998d225c031727557708e9bfb3,4,4,0.40521719015420754,0.5718709057016063,0.16665371554739872,False,True,True,0,True
valid,54003f7c50e8d6150ba0d26f4b3e3a2c,2,2,0.5457739803367307,0.49673786054411484,-0.049036119792615906,True,True,False,1,False
valid,7e3df478d7ab6ef28c022acd6bc4df2f,2,2,0.47910665051616697,0.5905595083164077,0.11145285780024072,True,True,False,4,False
test,39463e03ee1cf3c0c36db7d3dda89117,2,2,0.3886336641750795,0.6109581868313387,0.22232452265625924,False,True,True,0,True
test,0ad81eec70d65880c30299b73ac7945d,2,3,0.6900087267511279,0.7135123021654903,0.023503575414362432,True,True,False,0,True
test,0ad81eec70d65880c30299b73ac7945d,3,3,0.6900087267511279,0.7643653647975425,0.07435663804641457,True,True,False,0,True
test,57c9111896af16f45672d7c46e445dd2,2,2,0.4566565005756137,0.6241865413134029,0.1675300407377892,True,True,False,0,True
valid,e2221180a668e1cc096f9e9e3572868f,2,3,0.32820771936679727,0.47571371026184595,0.14750599089504868,False,True,True,0,True
valid,e2221180a668e1cc096f9e9e3572868f,3,3,0.32820771936679727,0.5368220335193206,0.2086143141525233,False,True,True,0,True
valid,409e065598ea4a9dba359d894ab0cab9,2,2,0.32609188090855923,0.3801564524049086,0.054064571496349356,False,False,False,7,False
valid,08ed4f84b1a078202e8da80c8d96dc77,2,3,0.763352155737338,0.6769871949408082,-0.08636496079652978,True,True,False,0,True
valid,08ed4f84b1a078202e8da80c8d96dc77,3,3,0.763352155737338,0.6755810403808338,-0.08777111535650417,True,True,False,0,True
test,e5dad7f6c0e2ddd8daee42d61d7063fb,2,2,0.4562295181024375,0.5531439472603464,0.09691442915790893,True,True,False,11,False
valid,af7de7cc75eb2f7d0eff2e383eccf083,2,2,0.5624976899094587,0.6504239508839752,0.0879262609745165,True,True,False,0,True
valid,7abb06b108806e10304ae7d1bdf3eabd,2,2,0.3628737595371614,0.4291110318684961,0.0662372723313347,False,False,False,0,True
valid,810f2be64366fc23aa96accfc596ce3a,2,4,0.5131905567552649,0.6148272990076806,0.1016367422524157,True,True,False,0,True
valid,810f2be64366fc23aa96accfc596ce3a,3,4,0.5131905567552649,0.6269673614218064,0.1137768046665415,True,True,False,0,True
valid,810f2be64366fc23aa96accfc596ce3a,4,4,0.5131905567552649,0.6459092755275886,0.13271871877232366,True,True,False,0,True
test,98ecfc5c563ee4f1718c29d586a317b7,2,2,0.5449808911766192,0.7420535076649686,0.1970726164883494,True,True,False,8,False
test,4b160ae84bf86ca95ce56c7c83c0c5eb,2,3,0.3931906814190108,0.5696497961538326,0.1764591147348218,False,True,True,0,True
test,4b160ae84bf86ca95ce56c7c83c0c5eb,3,3,0.3931906814190108,0.6488745930877771,0.25568391166876625,False,True,True,0,True
test,84f89b4f4b956843277c6b990bd06b2f,2,5,0.5369626295611595,0.6239323706479536,0.08696974108679412,True,True,False,0,True
test,84f89b4f4b956843277c6b990bd06b2f,3,5,0.5369626295611595,0.5657916743039149,0.028829044742755383,True,True,False,0,True
test,84f89b4f4b956843277c6b990bd06b2f,4,5,0.5369626295611595,0.5657916743039149,0.028829044742755383,True,True,False,0,True
test,84f89b4f4b956843277c6b990bd06b2f,5,5,0.5369626295611595,0.5616915800639575,0.024728950502797997,True,True,False,0,True
test,a445af0d83713885b6b576796191b1fa,2,2,0.4834323844260445,0.6055202013590065,0.122087816932962,True,True,False,12,False
test,a10dfacbf1c8bc9c9e9591f60102bdef,2,2,0.45551297283356706,0.5627948477343918,0.10728187490082475,True,True,False,0,True
valid,6b8c62c594c79c27167d9337676cd93a,2,2,0.3987536918053134,0.547728362088729,0.1489746702834156,False,True,True,0,True
valid,de9dfc1fb17ef671b0dfe13a4af413e0,2,2,0.42133907148042526,0.5162155824070584,0.09487651092663318,False,True,True,0,True
valid,60f2ddc8d4430b5d01a1b3aa873d2d03,2,2,0.36789101296226634,0.3861681785950264,0.01827716563276005,False,False,False,1,False
valid,7b1628af9aa95c57c63665fb81cced3b,2,6,0.3617866721603057,0.512278011444985,0.15049133928467928,False,True,True,0,True
valid,7b1628af9aa95c57c63665fb81cced3b,3,6,0.3617866721603057,0.5476535323877956,0.18586686022748988,False,True,True,0,True
valid,7b1628af9aa95c57c63665fb81cced3b,4,6,0.3617866721603057,0.5476535323877956,0.18586686022748988,False,True,True,0,True
valid,7b1628af9aa95c57c63665fb81cced3b,5,6,0.3617866721603057,0.5476535323877956,0.18586686022748988,False,True,True,0,True
valid,7b1628af9aa95c57c63665fb81cced3b,6,6,0.3617866721603057,0.5476535323877956,0.18586686022748988,False,True,True,0,True
valid,967868315b8ce562c1deec7e1ce602a5,2,2,0.5687275587206997,0.5375601272085355,-0.031167431512164168,True,True,False,12,False
valid,ea3690129d47c065366e711ee7dd666e,2,2,0.45821320012459354,0.5513488481750144,0.09313564805042085,True,True,False,4,False
valid,9e52b130c2b57f5dbff34caec0e04467,2,2,0.43107589917784805,0.56324150305942,0.13216560388157195,False,True,True,0,True
valid,464324a0ca5b6a5b1448b02f24e588ce,2,2,0.5593060315720044,0.8240608357367937,0.26475480416478925,True,True,False,15,False
valid,a14753060efdf9e9c67f8449ba80ccdf,2,2,0.4670037732849658,0.594228436370918,0.12722466308595226,True,True,False,0,True
valid,b2fd73f1bd0c6aab4bc4987c2b550c94,2,2,0.3741832204404866,0.49524020301669414,0.12105698257620756,False,True,True,7,False
valid,3d7769d40f0a71dd4954af1ddea4897e,2,2,0.555601469205861,0.6017066636871091,0.04610519448124817,True,True,False,0,True
test,9c3585240de3978338d7aa8c74ddfaa1,2,2,0.5630672769873675,0.7220888206990219,0.15902154371165445,True,True,False,0,True
valid,ae8a31461eb719be6507a81916beb77d,2,2,0.6237715067364658,0.48847005823493683,-0.13530144850152892,True,True,False,10,False
test,7d7b09adc383ca37307f36118c8dc856,2,2,0.226947240743552,0.3490802449379591,0.12213300419440709,False,False,False,0,True
test,97d6ed0a050dac6d990b16908ce0a5fa,2,2,0.3511786455631095,0.6066458722864123,0.2554672267233028,False,True,True,0,True
valid,d54668cf2e710089072d269f793d589b,2,2,0.3744852679146511,0.5188707479478402,0.14438548003318907,False,True,True,5,False
test,d98a17b8648ea9e13d2899e366912c6d,2,2,0.6335405533069364,0.7884543564091729,0.15491380310223657,True,True,False,9,False
test,6b649733dfd9b29ce2f231221a4eaa51,2,2,0.4485861798665258,0.5601080675700967,0.11152188770357085,True,True,False,0,True
test,e79df67f75682fe73238128b710c4328,2,2,0.48900314016046165,0.6446933566483879,0.15569021648792625,True,True,False,0,True
valid,a824bd4671f3e218495428f200af9bd4,2,2,0.3058038715540846,0.5368301649164802,0.23102629336239555,False,True,True,5,False
test,d038483af80789e9de38f63310a82f9c,2,2,0.4684705478710218,0.640106869777447,0.1716363219064252,True,True,False,0,True
test,553c468f68af19869694de8bcd095213,2,2,0.47680037439992773,0.6102190821068354,0.13341870770690767,True,True,False,0,True
test,7b056b08bd6ecffcc044693543061ec5,2,2,0.526517532075964,0.7108212816384124,0.18430374956244844,True,True,False,0,True
test,50873e5a38f623898b8643d008bb6609,2,2,0.4216316015032898,0.6135531144928891,0.19192151298959925,False,True,True,0,True
test,366446679f4ddbffb2d8934f1abef1f8,2,2,0.2606453096987399,0.4375977625185893,0.1769524528198494,False,False,False,0,True
test,6413a8cd79f9720426fd12968b388228,2,4,0.44692571122500446,0.6452517049179121,0.1983259936929076,True,True,False,0,True
test,6413a8cd79f9720426fd12968b388228,3,4,0.44692571122500446,0.599547530369261,0.15262181914425654,True,True,False,0,True
test,6413a8cd79f9720426fd12968b388228,4,4,0.44692571122500446,0.599547530369261,0.15262181914425654,True,True,False,0,True
valid,01e7138289b75d9624b04dfe12379c1d,2,2,0.3264627019413904,0.42952001927667793,0.10305731733528756,False,False,False,0,True
test,9a0b2a68507680a6e151319e4b6e68f7,2,2,0.5436268494216037,0.6449246782958951,0.1012978288742914,True,True,False,7,False
valid,c8c984c9e6372f6680ea8945d09c589b,2,2,0.3189977997831228,0.47568601933207866,0.15668821954895584,False,True,True,6,False
valid,55298973d17a0c1dfb2281ae969a65d8,2,6,0.4620735926965578,0.5763863133606293,0.1143127206640715,True,True,False,0,True
valid,55298973d17a0c1dfb2281ae969a65d8,3,6,0.4620735926965578,0.5883686602759266,0.1262950675793688,True,True,False,0,True
valid,55298973d17a0c1dfb2281ae969a65d8,4,6,0.4620735926965578,0.6073111579529221,0.14523756525636433,True,True,False,0,True
valid,55298973d17a0c1dfb2281ae969a65d8,5,6,0.4620735926965578,0.6073111579529221,0.14523756525636433,True,True,False,0,True
valid,55298973d17a0c1dfb2281ae969a65d8,6,6,0.4620735926965578,0.6073111579529221,0.14523756525636433,True,True,False,0,True
test,f3c1bb83e5aa29985d32f94e0434479d,2,2,0.5150224366336765,0.6504934833172205,0.13547104668354393,True,True,False,0,True
test,c44846c315b0c3428e0a660bdda4fb7c,2,2,0.6942291138602554,0.556098852596709,-0.13813026126354644,True,True,False,17,False
test,a9f77c0325604197d9a0048d0dcad33f,2,2,0.31093404260147517,0.5384794021591329,0.22754535955765776,False,True,True,8,False
valid,727c518f08e50c90816678d404111db2,2,2,0.3435881015750232,0.3683928324911938,0.024804730916170636,False,False,False,0,True
valid,5864c853e57402a64985156da5273233,2,2,0.49640968728816925,0.5526074150852189,0.05619772779704968,True,True,False,0,True
valid,bc69ce22573ef61da22888eb42b976d1,2,2,0.4077266114219833,0.6430721588643828,0.23534554744239955,False,True,True,0,True
test,4bd15305c0c5f4d4d82b85f163b53954,2,2,0.5057854175466457,0.7061297987736442,0.2003443812269985,True,True,False,15,False
test,a9cbf21f2b8f64fff679d8e4e0c838c2,2,2,0.4130336624702099,0.5672456711042503,0.1542120086340404,False,True,True,1,False
test,bd6d3b7e4f942dff1e9731788271d31c,2,3,0.3344886785530471,0.44105926139908225,0.10657058284603516,False,True,True,0,True
test,bd6d3b7e4f942dff1e9731788271d31c,3,3,0.3344886785530471,0.47820716644805783,0.14371848789501074,False,True,True,0,True
test,4921567919029aa0950f3ebec0f91169,2,3,0.3638143312461878,0.62639496049934,0.2625806292531522,False,True,True,15,False
test,4921567919029aa0950f3ebec0f91169,3,3,0.3638143312461878,0.5182199101626235,0.1544055789164357,False,True,True,15,False
test,88131f6562db887981cc8ab363deb03f,2,2,0.29134442975249875,0.4000303442002964,0.10868591444779763,False,False,False,0,True
test,4f6c9a6e90735ece5281f9ed8b5d9b10,2,2,0.33846791045540614,0.505213246308438,0.16674533585303186,False,True,True,0,True
valid,f7a813a4fb81ba062da9767aff53ed6e,2,2,0.4541800476121892,0.6260515382959008,0.17187149068371155,True,True,False,4,False
valid,31d9a6982f9690f7618f0a5d647504b0,2,2,0.39429896290895994,0.4263973918955889,0.03209842898662896,False,False,False,12,False
test,2e318792ba96e5cfa5b52739226398ef,2,2,0.4205799645069448,0.55239651629383,0.13181655178688523,False,True,True,0,True
valid,c71ee8376af932d723ef73120320af53,2,2,0.4150090283471203,0.5293539883902034,0.11434496004308314,False,True,True,0,True
test,72171ec078e647529753a920a0af9327,2,2,0.3957769221593327,0.5693112788826263,0.17353435672329365,False,True,True,0,True
test,1850ddbff1901eb4798e620006229131,2,2,0.4518065500755366,0.6361278843896603,0.18432133431412367,True,True,False,0,True
valid,3ec2fdd4a3f6f2e2d053b3b0bcac4531,2,2,0.5678374210630719,0.6955331453496373,0.1276957242865654,True,True,False,0,True
test,dbe491c8c7def16cb4b93c51aa88c124,2,3,0.7687783345021555,0.7436666012695137,-0.02511173323264182,True,True,False,6,False
test,dbe491c8c7def16cb4b93c51aa88c124,3,3,0.7687783345021555,0.8279087211970682,0.05913038669491266,True,True,False,0,True
test,4b99a000045d86380d5b014642fbc499,2,2,0.5097027231527387,0.6612078914620401,0.15150516830930139,True,True,False,0,True
test,dfa0b68ab249dcab78fb4046b7f3050d,2,2,0.4248897130378282,0.6115162761057735,0.18662656306794534,False,True,True,13,False
test,da53168e1e12e3408d193c03604f260d,2,2,0.3871106924221813,0.5759946363104745,0.18888394388829322,False,True,True,0,True
test,b0ee42f5b3ee64a5acb42cbd955c6e97,2,2,0.49653786856966087,0.6622207969217565,0.16568292835209564,True,True,False,0,True
test,5f61b71c278e0e65231c70f058f4ab00,2,2,0.39556533840778507,0.5627530413625184,0.16718770295473329,False,True,True,16,False
valid,d1c0be9650d4276bd67e6f8cd3af248b,2,2,0.569364866508188,0.6310902586688404,0.061725392160652426,True,True,False,9,False
test,5c9c7cfebd7a15f81479083d70636f51,2,2,0.4271109949484724,0.6289548033991508,0.2018438084506784,False,True,True,0,True
test,9110751e359ba8d080caf6eaa34e7e8c,2,2,0.48259071528003383,0.6512228037291798,0.168632088449146,True,True,False,9,False
test,7f47f1066a8cc8c9a6020bd3d87ba8e9,2,2,0.4052635774170993,0.6017899116107056,0.19652633419360632,False,True,True,0,True
valid,9cc3e50532214c8372b66872e49ccff9,2,2,0.37823949488672093,0.47329524863942274,0.09505575375270181,False,True,True,0,True
test,54130db48a3d7ee5636ba18659ab73a8,2,2,0.6818225362494932,0.7275556161679966,0.045733079918503394,True,True,False,0,True
valid,96bfce289cf4a045ce6adad34b55a912,2,2,0.4974582806704233,0.5363087291727211,0.038850448502297796,True,True,False,0,True
test,031177de64d3bb73364a5f3306551105,2,3,0.395595791484061,0.5714270437925806,0.1758312523085196,False,True,True,0,True
test,031177de64d3bb73364a5f3306551105,3,3,0.395595791484061,0.5263393641303732,0.1307435726463122,False,True,True,0,True
valid,314277faca3df2b7c0def6499dc16867,2,2,0.4260827085915513,0.5569369345955777,0.1308542260040264,False,True,True,1,False
test,2af092d75759971722843fc88d8509a1,2,2,0.7228772835046984,0.7548552056527476,0.031977922148049176,True,True,False,0,True
valid,94647755aed55676ec36da516c9d439f,2,3,0.478241522877365,0.6440694525160184,0.16582792963865345,True,True,False,9,False
valid,94647755aed55676ec36da516c9d439f,3,3,0.478241522877365,0.6395529737644277,0.16131145088706267,True,True,False,0,True
valid,87f78de2f8a2b3547bfebccac7357b0a,2,5,0.4840880079491763,0.5224978945104464,0.03840988656127009,True,True,False,0,True
valid,87f78de2f8a2b3547bfebccac7357b0a,3,5,0.4840880079491763,0.5860520255389837,0.10196401758980744,True,True,False,0,True
valid,87f78de2f8a2b3547bfebccac7357b0a,4,5,0.4840880079491763,0.5860520255389837,0.10196401758980744,True,True,False,0,True
valid,87f78de2f8a2b3547bfebccac7357b0a,5,5,0.4840880079491763,0.5931122290171253,0.10902422106794907,True,True,False,0,True
test,e01fc3338c40dc94ef890089c8deeffc,2,3,0.3791195180480865,0.6199100286358907,0.2407905105878042,False,True,True,0,True
test,e01fc3338c40dc94ef890089c8deeffc,3,3,0.3791195180480865,0.6311178220184193,0.25199830397033274,False,True,True,0,True
test,c6d494c8b8f23ab293d35084ce4babd1,2,4,0.3680262678801193,0.5767709649335591,0.2087446970534398,False,True,True,0,True
test,c6d494c8b8f23ab293d35084ce4babd1,3,4,0.3680262678801193,0.6011708004381715,0.23314453255805223,False,True,True,0,True
test,c6d494c8b8f23ab293d35084ce4babd1,4,4,0.3680262678801193,0.6011708004381715,0.23314453255805223,False,True,True,0,True
test,41707ed875aaa6861979c1a2a8dfa9d5,2,2,0.7836009714748762,0.7470797772981645,-0.036521194176711624,True,True,False,5,False
test,80ab91a3eb74b9f60c88ccb65e86197d,2,3,0.556695278842128,0.6556679750046408,0.09897269616251281,True,True,False,3,False
test,80ab91a3eb74b9f60c88ccb65e86197d,3,3,0.556695278842128,0.6508190329817123,0.09412375413958429,True,True,False,1,False
test,c5dc5eee680080a268100b420f8e960a,2,3,0.5873315476803669,0.5989947105473534,0.011663162866986543,True,True,False,0,True
test,c5dc5eee680080a268100b420f8e960a,3,3,0.5873315476803669,0.6265820333612819,0.03925048568091505,True,True,False,0,True
test,5e0238f4a57ea0c2a69aad35627b57f0,2,2,0.34963651513262806,0.4696603575547087,0.12002384242208064,False,True,True,0,True
valid,900ee0470f53ec2e4e4a50a57b06a85a,2,2,0.3464104141752721,0.45397799061197985,0.10756757643670778,False,True,True,0,True
test,bd9629bd5c3db3606ff891c6314be67a,2,2,0.46756589455864106,0.6627760095868621,0.19521011502822105,True,True,False,0,True
valid,168cd953540aa3251bdfb407cdc4b6d4,2,2,0.32756004291366314,0.4155521151763877,0.08799207226272454,False,False,False,1,False
test,479118262cc4228b46c613b6b3efa669,2,2,0.6108849143659185,0.6625312966228534,0.05164638225693485,True,True,False,10,False
test,0f67e615d797da223ac5601b9b08b180,2,2,0.4105237122177092,0.6206014532297306,0.21007774101202137,False,True,True,9,False
test,91be51c856a90d7efe86cf9d082d6ae3,2,4,0.45648459931870844,0.6316149664951384,0.17513036717642994,True,True,False,8,False
test,91be51c856a90d7efe86cf9d082d6ae3,3,4,0.45648459931870844,0.5324143656662936,0.07592976634758519,True,True,False,16,False
test,91be51c856a90d7efe86cf9d082d6ae3,4,4,0.45648459931870844,0.721515848247859,0.26503124892915053,True,True,False,8,False
valid,17836bd884d9f15719248827c625e977,2,2,0.5930519965495069,0.6404302707806278,0.04737827423112084,True,True,False,11,False
test,b99b9205eafc5fa75cfce1be7d1d9bff,2,2,0.4176211563379464,0.6129602956594477,0.19533913932150127,False,True,True,14,False
valid,681c82d8dee3250b148aaabdd68a59ff,2,2,0.621712762881026,0.5826315079670792,-0.03908125491394676,True,True,False,0,True
valid,a3a09d0a201027720550355df943b598,2,4,0.40837332980670504,0.5246817198179595,0.11630839001125448,False,True,True,0,True
valid,a3a09d0a201027720550355df943b598,3,4,0.40837332980670504,0.578822591056809,0.17044926125010396,False,True,True,0,True
valid,a3a09d0a201027720550355df943b598,4,4,0.40837332980670504,0.578822591056809,0.17044926125010396,False,True,True,0,True
valid,2dd6d2ec74e7e4413fd8a04bf7ac124f,2,3,0.49066267650895934,0.6450841280680455,0.15442145155908615,True,True,False,0,True
valid,2dd6d2ec74e7e4413fd8a04bf7ac124f,3,3,0.49066267650895934,0.6924731983845365,0.20181052187557713,True,True,False,0,True
valid,b6af24208d3b5b07c4f1bbbfb57dd8c2,2,2,0.3139795690567082,0.42604379163889305,0.11206422258218485,False,False,False,0,True
valid,1b03d26a97ac5fda045a6f88d0d88d7a,2,2,0.46734524842899094,0.4179616355596627,-0.04938361286932824,True,False,False,13,False
valid,1d4915fcba7b140e7a82379ded2c76d6,2,2,0.6486253690239915,0.4590816997059146,-0.18954366931807687,True,True,False,8,False
test,7c77dfe4ee780d97bc7247d7aa809ab8,2,2,0.474539146893732,0.6592113618389025,0.1846722149451705,True,True,False,0,True
test,cf8a4a06e137d7ac5db32cb925d6aaa6,2,2,0.3531338233923861,0.5641559026611443,0.21102207926875827,False,True,True,0,True
test,f3468d6a2c7586711e9952242898aad4,2,6,0.39912082480814204,0.574908872644569,0.17578804783642699,False,True,True,0,True
test,f3468d6a2c7586711e9952242898aad4,3,6,0.39912082480814204,0.563525302956302,0.16440447814815995,False,True,True,0,True
test,f3468d6a2c7586711e9952242898aad4,4,6,0.39912082480814204,0.5671209907978125,0.1680001659896705,False,True,True,0,True
test,f3468d6a2c7586711e9952242898aad4,5,6,0.39912082480814204,0.5671209907978125,0.1680001659896705,False,True,True,0,True
test,f3468d6a2c7586711e9952242898aad4,6,6,0.39912082480814204,0.5671209907978125,0.1680001659896705,False,True,True,0,True
test,4f971c4ebb15cc7cc89db8cf3acd2b33,2,2,0.5397462265959165,0.6934169536240424,0.1536707270281259,True,True,False,0,True
test,79aa7bf1529cb1d285df4ca588fc4a07,2,2,0.4238419900137931,0.43327825990884905,0.009436269895055971,False,False,False,0,True
valid,520a0432269a88e8665d60d74918f8b5,2,2,0.5770784598666836,0.720968955905833,0.14389049603914938,True,True,False,0,True
test,2268107fccbaa5d8b921f82146286350,2,2,0.5696661134524142,0.7614884443277863,0.19182233087537204,True,True,False,0,True
test,46e2c9316a4e671b4b4ffb25154c28c5,2,3,0.5723444137240667,0.6682024999237396,0.09585808619967284,True,True,False,0,True
test,46e2c9316a4e671b4b4ffb25154c28c5,3,3,0.5723444137240667,0.6675477905158294,0.0952033767917626,True,True,False,0,True
test,177200d363504ea94b5064b05929e2e6,2,2,0.43993610675995143,0.6543673726219401,0.21443126586198868,False,True,True,0,True
valid,8c4e90e34f03ddf7c8347d42c6b3c5ba,2,2,0.32682135090090836,0.431762232235517,0.10494088133460866,False,False,False,0,True
test,82330e7226e957715bc2f39fde738f6b,2,2,0.548468174417218,0.45154214028431805,-0.09692603413289991,True,True,False,2,False
test,1ecf7a9583c0f92f07515fcd970004f2,2,3,0.48152477345019495,0.6248353524263047,0.14331057897610977,True,True,False,8,False
test,1ecf7a9583c0f92f07515fcd970004f2,3,3,0.48152477345019495,0.6015170030583892,0.11999222960819422,True,True,False,8,False
test,82e9cdd567caae62a6d0e4e9bbf28901,2,4,0.41667352862902574,0.5988240477757024,0.18215051914667668,False,True,True,0,True
test,82e9cdd567caae62a6d0e4e9bbf28901,3,4,0.41667352862902574,0.6958033507666386,0.27912982213761284,False,True,True,0,True
test,82e9cdd567caae62a6d0e4e9bbf28901,4,4,0.41667352862902574,0.7232958451444138,0.30662231651538807,False,True,True,0,True
test,dbade3512c5b746ad2732bb5abd9bbff,2,3,0.41059234917969945,0.595010463032234,0.1844181138525346,False,True,True,0,True
test,dbade3512c5b746ad2732bb5abd9bbff,3,3,0.41059234917969945,0.6229185940413137,0.21232624486161422,False,True,True,0,True
test,f6222b0551b7a86b06483e58df64df89,2,2,0.3653874387758642,0.5170911692670632,0.151703730491199,False,True,True,11,False
test,830bae1b14f630e9137b07c70940c0d8,2,2,0.36419897784380273,0.5359920721851412,0.1717930943413385,False,True,True,0,True
valid,3765df8b607992dccb4268b1e535c162,2,2,0.6543835502392261,0.7056898460492332,0.05130629581000712,True,True,False,0,True
test,44c5dae14c55309b097d6c510ef1a986,2,2,0.3582937792889981,0.511945331732426,0.15365155244342787,False,True,True,0,True
valid,4f0db42a25e38b5376a4e33b5cd42687,2,2,0.43276878402544106,0.5497114502755056,0.11694266625006455,False,True,True,0,True
valid,7afb8d408d72272d7353f90ec6870d5e,2,2,0.48180192162875957,0.675542695606222,0.19374077397746248,True,True,False,0,True
test,4a84b6a294715d6efbd396a9ecece857,2,2,0.5724255102882562,0.4864570280039501,-0.08596848228430609,True,True,False,0,True
test,dd9ab4c3632ba0320014ad633ea52470,2,2,0.3815579692986292,0.6151357172710475,0.23357774797241837,False,True,True,0,True
test,0dbd48af8e89b595eec029357764af2b,2,2,0.5575418082301276,0.735499537248806,0.17795772901867846,True,True,False,1,False
valid,d715a52ed67662a1f4fc1d94e68b2ff0,2,2,0.49283230860982663,0.6205055847888965,0.12767327617906987,True,True,False,0,True
valid,837d0f47af4d0d6a1e3fc98603bd48ec,2,5,0.4067876815738408,0.5059095204790516,0.09912183890521076,False,True,True,0,True
valid,837d0f47af4d0d6a1e3fc98603bd48ec,3,5,0.4067876815738408,0.5611803832156832,0.15439270164184238,False,True,True,0,True
valid,837d0f47af4d0d6a1e3fc98603bd48ec,4,5,0.4067876815738408,0.5688540455655358,0.16206636399169494,False,True,True,0,True
valid,837d0f47af4d0d6a1e3fc98603bd48ec,5,5,0.4067876815738408,0.5688540455655358,0.16206636399169494,False,True,True,0,True
test,d89b392ad0bd59b8e4aac2471ad29e59,2,2,0.3799356632885976,0.5240515763498725,0.14411591306127491,False,True,True,0,True
valid,784d141a794f0e73cc3c9ed3b6efa3ec,2,2,0.4893906436448935,0.6080011632753648,0.11861051963047131,True,True,False,0,True
valid,ecacec879cf5892cc982fa6415e60371,2,2,0.38264840901303765,0.453406640333904,0.07075823132086634,False,True,True,0,True
test,8092382d27000726d5ba93eac26c91fe,2,2,0.41644771633426003,0.5594431791768146,0.1429954628425546,False,True,True,0,True
test,b7224751323afdaf34d3c285bfe72866,2,2,0.5072401704082068,0.5999379101668552,0.09269773975864837,True,True,False,7,False
test,65a73d6e115832b01eb4de0056cafa9d,2,2,0.38461151280784167,0.5058251364956273,0.12121362368778565,False,True,True,0,True
test,18f4178d9b3c33fa79c1a0d5eb214023,2,5,0.48547565689820604,0.6507165844160901,0.1652409275178841,True,True,False,0,True
test,18f4178d9b3c33fa79c1a0d5eb214023,3,5,0.48547565689820604,0.594143434998468,0.10866777810026196,True,True,False,0,True
test,18f4178d9b3c33fa79c1a0d5eb214023,4,5,0.48547565689820604,0.7327147736188429,0.2472391167206368,True,True,False,11,False
test,18f4178d9b3c33fa79c1a0d5eb214023,5,5,0.48547565689820604,0.7327147736188429,0.2472391167206368,True,True,False,11,False
valid,189ed3ed53bacad70ac9471176b0f26c,2,2,0.4279621697369257,0.4851848542282894,0.057222684491363696,False,True,True,0,True
test,1728847cf9a9a8c5f57a2e38bec5ecf9,2,2,0.4325335973918,0.4968284902798423,0.06429489288804235,False,True,True,0,True
valid,e78e6c2d9d913cda60562cd825c90374,2,2,0.32293754716868783,0.3544316658489053,0.03149411868021745,False,False,False,10,False
valid,12a4d385bfae33140c65d031ed0d0c50,2,2,0.4013801642732592,0.49991498588043937,0.09853482160718019,False,True,True,0,True
valid,0607f0efea4b566f1eb8f7d3c2397320,2,2,0.48207008019375763,0.6115399353307694,0.1294698551370118,True,True,False,0,True
test,66f4365a84caaf48a98a30f42f562986,2,2,0.4275181555253239,0.6039043410576044,0.17638618553228047,False,True,True,0,True
test,f4ab7da19e58e253e0946d32501b279c,2,2,0.5126186520241942,0.652324373274741,0.1397057212505468,True,True,False,0,True
test,af9c76f5f4f218b688c4e235dc38723d,2,2,0.5325915743960055,0.7124216770452041,0.17983010264919863,True,True,False,10,False
valid,e8bd6a70539a3b4888a2b8dd053b470d,2,2,0.646038682938924,0.7647617139236634,0.11872303098473946,True,True,False,0,True
test,1b3f223f58c9bc6eb519696b4ac16cd5,2,2,0.45708661911829784,0.594531006402874,0.1374443872845762,True,True,False,0,True
test,192162688f179d526243e303ed01abe6,2,3,0.5014298405743465,0.5976099387952065,0.09618009822086004,True,True,False,0,True
test,192162688f179d526243e303ed01abe6,3,3,0.5014298405743465,0.6377648387080361,0.13633499813368966,True,True,False,0,True
valid,f0935e4d348302a4140276ed7c6c1545,2,2,0.499684648761458,0.6050835689735394,0.10539892021208142,True,True,False,0,True
test,3bfc35d4ba7683a65787e6be78b670f4,2,2,0.5480676148704011,0.4377374724115597,-0.11033014245884143,True,False,False,7,False
test,8171523911786efd1d91c66d69051fcd,2,4,0.534150029664733,0.657768746273614,0.12361871660888102,True,True,False,0,True
test,8171523911786efd1d91c66d69051fcd,3,4,0.534150029664733,0.6414525601192586,0.10730253045452554,True,True,False,0,True
test,8171523911786efd1d91c66d69051fcd,4,4,0.534150029664733,0.6520554074275392,0.11790537776280618,True,True,False,0,True
valid,a09e2bca86a90e8ab0bd8e504426e2e1,2,2,0.451988963488429,0.555144399950875,0.10315543646244596,True,True,False,0,True
test,f34c3736b33b7d0c9eaaac33ac7b1ba5,2,2,0.5341407741569769,0.7061422853039719,0.17200151114699502,True,True,False,0,True
test,66e1b657a71397245290f39ffe24031e,2,2,0.656087938029251,0.6456121248093055,-0.010475813219945507,True,True,False,0,True
valid,80a0f4a6ed94bfc597b4997d2afcd70e,2,2,0.5160173602260332,0.5167914305993071,0.0007740703732739274,True,True,False,6,False
test,f7ba0ab952e0165fed5ffae1ffff6627,2,2,0.5013107985796421,0.5605687125469259,0.05925791396728375,True,True,False,9,False
test,4b6c735cae2db7ba05d5e51ea8693bc6,2,2,0.36864993162072157,0.4767959810647301,0.10814604944400852,False,True,True,0,True
valid,bcc3b9b2b1b0f27be6e2816968b08fc6,2,2,0.49694023141359933,0.626822433639362,0.12988220222576263,True,True,False,0,True
test,06b8cdbbc86d64ea69af76036c523827,2,6,0.6373115095706259,0.6476436161485271,0.010332106577901179,True,True,False,0,True
test,06b8cdbbc86d64ea69af76036c523827,3,6,0.6373115095706259,0.6961504708610384,0.05883896129041255,True,True,False,0,True
test,06b8cdbbc86d64ea69af76036c523827,4,6,0.6373115095706259,0.6936298514085941,0.056318341837968244,True,True,False,0,True
test,06b8cdbbc86d64ea69af76036c523827,5,6,0.6373115095706259,0.6889116854265203,0.05160017585589438,True,True,False,0,True
test,06b8cdbbc86d64ea69af76036c523827,6,6,0.6373115095706259,0.6889116854265203,0.05160017585589438,True,True,False,0,True
valid,719bb3a1ecca0dc38551f11cd181cca6,2,2,0.44449042503115144,0.5622339548658026,0.1177435298346512,True,True,False,14,False
test,1c437b4d4326d36b71e91dd7a7c2c4f6,2,7,0.6870669999570214,0.6642284327810589,-0.022838567175962443,True,True,False,5,False
test,1c437b4d4326d36b71e91dd7a7c2c4f6,3,7,0.6870669999570214,0.6530132762433873,-0.03405372371363402,True,True,False,5,False
test,1c437b4d4326d36b71e91dd7a7c2c4f6,4,7,0.6870669999570214,0.6530132762433873,-0.03405372371363402,True,True,False,5,False
test,1c437b4d4326d36b71e91dd7a7c2c4f6,5,7,0.6870669999570214,0.6581752704132486,-0.028891729543772726,True,True,False,5,False
test,1c437b4d4326d36b71e91dd7a7c2c4f6,6,7,0.6870669999570214,0.6581752704132486,-0.028891729543772726,True,True,False,5,False
test,1c437b4d4326d36b71e91dd7a7c2c4f6,7,7,0.6870669999570214,0.6644072147557611,-0.02265978520126022,True,True,False,5,False
valid,431f71d848d8dc0ee88bdd5ab9697865,2,2,0.47513861379549427,0.4764639198917956,0.0013253060963013263,True,True,False,6,False
valid,2c9802d8dcf6a98e04bc7dc09cb33c65,2,2,0.43082830020992235,0.6497663855796767,0.21893808536975434,False,True,True,6,False
valid,e32cb2b7845ddbc8322b670ff7604fb3,2,2,0.21494806275753087,0.4554207476552684,0.24047268489773754,False,True,True,15,False
valid,672dabc5c0363afbe1ef39abf10ad92e,2,6,0.4522386074157162,0.5598511153050776,0.10761250788936139,True,True,False,0,True
valid,672dabc5c0363afbe1ef39abf10ad92e,3,6,0.4522386074157162,0.5984888069207661,0.14625019950504992,True,True,False,0,True
valid,672dabc5c0363afbe1ef39abf10ad92e,4,6,0.4522386074157162,0.6203818754371171,0.1681432680214009,True,True,False,0,True
valid,672dabc5c0363afbe1ef39abf10ad92e,5,6,0.4522386074157162,0.6311186414951501,0.17888003407943387,True,True,False,0,True
valid,672dabc5c0363afbe1ef39abf10ad92e,6,6,0.4522386074157162,0.6311186414951501,0.17888003407943387,True,True,False,0,True
valid,82a3143e7fcc98993eb0c75677fafe61,2,2,0.49446514217392057,0.580136263475955,0.08567112130203447,True,True,False,0,True
valid,3a51339b8956feafcab1fe4779ee5a82,2,3,0.4184365321528094,0.4902282882279062,0.0717917560750968,False,True,True,0,True
valid,3a51339b8956feafcab1fe4779ee5a82,3,3,0.4184365321528094,0.5563043996503629,0.13786786749755353,False,True,True,0,True
valid,fc8c618e6370da14b6f7ddcaddcab31c,2,3,0.5967339879862712,0.5675020728029803,-0.029231915183290935,True,True,False,7,False
valid,fc8c618e6370da14b6f7ddcaddcab31c,3,3,0.5967339879862712,0.5806883000363228,-0.01604568794994843,True,True,False,7,False
valid,4de53bbf0a2a3bae777eb829a3145c9c,2,2,0.37137352283530023,0.43135147858873213,0.0599779557534319,False,False,False,0,True
test,9ac5d8f3cc22c272de0146a5cc273fe3,2,2,0.5464234606386144,0.7084321217813112,0.16200866114269685,True,True,False,0,True
valid,933fc5257a9b5a80bd558f2968d7b6f3,2,2,0.5293163611149568,0.6777240811411546,0.14840772002619773,True,True,False,0,True
test,37e96fc1d814b16ee6b763bd52e9e0de,2,2,0.448712578388512,0.6825318291917567,0.23381925080324473,True,True,False,0,True
valid,37cea346e0236a8ce8e083dcd92ddc68,2,2,0.4714275281875431,0.5552350949850801,0.08380756679753698,True,True,False,3,False
test,70b552ddd260593a445a635431384e35,2,2,0.3879861568798063,0.6568892639960546,0.2689031071162483,False,True,True,10,False
test,ea7ce652a46fd8b1be9e01f9ce8b8894,2,2,0.5135310282490901,0.7532957873802116,0.2397647591311215,True,True,False,0,True
valid,2073adf991d650975fec13fb944d8ff1,2,2,0.38396730621881414,0.5412866346968196,0.15731932847800545,False,True,True,4,False
test,eeacc2219efa996957aa46ab696afbde,2,4,0.5178124152374348,0.6781342394944307,0.16032182425699593,True,True,False,0,True
test,eeacc2219efa996957aa46ab696afbde,3,4,0.5178124152374348,0.6700842336896637,0.15227181845222892,True,True,False,0,True
test,eeacc2219efa996957aa46ab696afbde,4,4,0.5178124152374348,0.6700842336896637,0.15227181845222892,True,True,False,0,True
test,a4f79d60f934a1fdc35b009f9415a8b3,2,6,0.3331446570900467,0.6222548175063828,0.2891101604163361,False,True,True,0,True
test,a4f79d60f934a1fdc35b009f9415a8b3,3,6,0.3331446570900467,0.6951927230750274,0.36204806598498074,False,True,True,0,True
test,a4f79d60f934a1fdc35b009f9415a8b3,4,6,0.3331446570900467,0.6976094708905541,0.36446481380050744,False,True,True,0,True
test,a4f79d60f934a1fdc35b009f9415a8b3,5,6,0.3331446570900467,0.6976094708905541,0.36446481380050744,False,True,True,0,True
test,a4f79d60f934a1fdc35b009f9415a8b3,6,6,0.3331446570900467,0.6976094708905541,0.36446481380050744,False,True,True,0,True
valid,4cc1cf702abc75af4f48044d526062db,2,2,0.39191711854191136,0.490366268377207,0.09844914983529562,False,True,True,0,True
test,b102bd85a512706d851455e8fc6164c2,2,2,0.44786265148621796,0.5333312660448593,0.0854686145586413,True,True,False,0,True
test,27f7d43a44061f79fa0e259a3b9a7922,2,2,0.4942492900270481,0.6303523774724049,0.13610308744535682,True,True,False,7,False
test,9f18c993eae62038ac5401de4f757054,2,2,0.5433346116378384,0.7393630881016311,0.19602847646379273,True,True,False,0,True
valid,6d1bb6a3257e28040854d87c7984acf9,2,2,0.4990843432202954,0.5709165113062324,0.07183216808593706,True,True,False,0,True
test,048fec87f5858e3a91ce55d3a944b457,2,3,0.4425598434187946,0.6440818928202527,0.20152204940145813,True,True,False,0,True
test,048fec87f5858e3a91ce55d3a944b457,3,3,0.4425598434187946,0.6586670951035266,0.216107251684732,True,True,False,6,False
valid,8b75efcac52e6144df576321437f12eb,2,2,0.3938677925476549,0.48046348969582486,0.08659569714816995,False,True,True,0,True
test,6d1d00752d412a243d22e2f6ebbbacd9,2,2,0.4536384084233709,0.6192124199767968,0.16557401155342588,True,True,False,4,False
valid,3236502189f81db24c16f560eb9249c4,2,2,0.397589239788649,0.46152185381432276,0.06393261402567374,False,True,True,0,True
test,8a30e60c68df3fd5ca4cd1070083c3f8,2,2,0.5130548331589557,0.6204615993234945,0.10740676616453881,True,True,False,0,True
test,88a508c1d26ebce186f2488575a1a3f0,2,2,0.47252376308471444,0.7328571750555046,0.2603334119707902,True,True,False,0,True
test,c41156a66829f82ecae077059c6ec307,2,2,0.4200072259443637,0.6325587467642997,0.212551520819936,False,True,True,0,True
test,17999150a37e709ef58ae49a064400fa,2,2,0.4508275550808488,0.6450243201694089,0.1941967650885601,True,True,False,5,False
valid,aca1243538a8bc195f2f017f8ea2456f,2,2,0.6272763622362971,0.5837360028393148,-0.04354035939698231,True,True,False,0,True
test,67feea73c5369c0921af9d3c2d566edc,2,2,0.5049670349984794,0.5955901973265354,0.090623162328056,True,True,False,15,False
test,aca28aa46a33eaae0b7377883b13189b,2,2,0.41167390508650104,0.4052183832839308,-0.006455521802570252,False,False,False,0,True
valid,4b27760ac4ae035083d524268ca2ea4a,2,2,0.49202980051010514,0.60112242627871,0.1090926257686049,True,True,False,0,True
test,5c6e2b3612d27ef59e6a4a062b8d6cda,2,2,0.5064780487030199,0.6453136586795539,0.138835609976534,True,True,False,0,True
valid,f06f8d3837dbab6729adfd09ba404938,2,2,0.5420574517090079,0.6716061017559505,0.1295486500469426,True,True,False,0,True
test,7cf28b17a5d8877124dfc9146f8f78e1,2,3,0.40518675339022603,0.6042671812823119,0.1990804278920859,False,True,True,0,True
test,7cf28b17a5d8877124dfc9146f8f78e1,3,3,0.40518675339022603,0.627720180580569,0.22253342719034297,False,True,True,0,True
test,99268218a07f08ded2575058ffefb286,2,2,0.5627396398542177,0.6425505089796345,0.0798108691254168,True,True,False,11,False
valid,5ccd69da99dd59c9e1c847b22db149d1,2,2,0.4159191628638227,0.5033020606130114,0.08738289774918873,False,True,True,0,True
test,f1487beee9bcc5d6921a3e5ddcb63623,2,2,0.6059731462574944,0.6039869305791252,-0.0019862156783692075,True,True,False,0,True
test,f481e2c2c039ab1665d048d7e2cf5e00,2,5,0.5218694701556729,0.6553739318339793,0.13350446167830643,True,True,False,0,True
test,f481e2c2c039ab1665d048d7e2cf5e00,3,5,0.5218694701556729,0.6277890207055192,0.10591955054984636,True,True,False,0,True
test,f481e2c2c039ab1665d048d7e2cf5e00,4,5,0.5218694701556729,0.6250067790539735,0.10313730889830064,True,True,False,0,True
test,f481e2c2c039ab1665d048d7e2cf5e00,5,5,0.5218694701556729,0.6199983354163641,0.0981288652606912,True,True,False,0,True
test,1cd0c408983d3898972c78f60ec9fb6a,2,2,0.4500954455233015,0.6629083152471766,0.21281286972387514,True,True,False,0,True
test,17d0317e0d3f083fa6f59927059e98b3,2,2,0.36635656540955175,0.5247419698188154,0.15838540440926363,False,True,True,0,True
valid,339b54eda2ad9b5d63a171c9aaae1ca1,2,3,0.3661479323497001,0.5502552319374683,0.18410729958776817,False,True,True,0,True
valid,339b54eda2ad9b5d63a171c9aaae1ca1,3,3,0.3661479323497001,0.6112235950158307,0.24507566266613057,False,True,True,0,True
test,318850f283b818e0b9302fdc7d811fde,2,3,0.5959405732205176,0.6817298887845284,0.08578931556401082,True,True,False,0,True
test,318850f283b818e0b9302fdc7d811fde,3,3,0.5959405732205176,0.724024019978004,0.1280834467574864,True,True,False,0,True
test,eb14dbf3c8f946973fe58a78a8b67942,2,2,0.34544664605655595,0.6221159603942432,0.27666931433768727,False,True,True,15,False
valid,152f5561c96fd2a7e5d1b71cc158bcdc,2,3,0.38332482237016285,0.482698830496601,0.09937400812643815,False,True,True,0,True
valid,152f5561c96fd2a7e5d1b71cc158bcdc,3,3,0.38332482237016285,0.5048091035548895,0.12148428118472665,False,True,True,0,True
test,dc1818ff094219ac82bf4d84fb6c6540,2,2,0.6565176009445862,0.6380993474943655,-0.018418253450220745,True,True,False,12,False
valid,91f377dafe157043ee827b080a27e3f5,2,2,0.41005893649740366,0.5364420749463351,0.12638313844893145,False,True,True,0,True
valid,64065ff7503353586b3dacf9aec56ae7,2,5,0.45612596337885747,0.5884892740676768,0.13236331068881935,True,True,False,0,True
valid,64065ff7503353586b3dacf9aec56ae7,3,5,0.45612596337885747,0.6227001934099848,0.16657423003112737,True,True,False,0,True
valid,64065ff7503353586b3dacf9aec56ae7,4,5,0.45612596337885747,0.6367607821157824,0.18063481873692488,True,True,False,0,True
valid,64065ff7503353586b3dacf9aec56ae7,5,5,0.45612596337885747,0.6472976690013351,0.19117170562247765,True,True,False,0,True
test,a1123c93471aa08ec72dfd5c941edcdc,2,5,0.4786574867435476,0.6264133961280723,0.14775590938452476,True,True,False,0,True
test,a1123c93471aa08ec72dfd5c941edcdc,3,5,0.4786574867435476,0.6583545610733494,0.17969707432980186,True,True,False,0,True
test,a1123c93471aa08ec72dfd5c941edcdc,4,5,0.4786574867435476,0.6556754821246129,0.17701799538106533,True,True,False,0,True
test,a1123c93471aa08ec72dfd5c941edcdc,5,5,0.4786574867435476,0.661015425869738,0.18235793912619047,True,True,False,0,True
test,9079949c454893e04a89e8c331a0156e,2,2,0.4266681647088786,0.5321276830542268,0.10545951834534817,False,True,True,0,True
test,c1dd7b1471d47476e64662cbc99318ef,2,2,0.6443837668312413,0.6841141855553253,0.039730418724084005,True,True,False,1,False
test,6d34c087b843ae0fdb296f15d948e45f,2,2,0.4107160125230591,0.5771853653911433,0.16646935286808417,False,True,True,0,True
valid,548df2c6e5f089574614894bca78acf5,2,2,0.6560529789606736,0.6608661120174231,0.0048131330567494635,True,True,False,12,False
test,64d7f23b722e9e54a995c7500c4926df,2,2,0.3437672481174042,0.49910443968773355,0.15533719157032932,False,True,True,0,True
test,02e0c2efb6d9bb2a95ca90b7e78bec1f,2,5,0.4315176174588986,0.5988415259327753,0.16732390847387668,False,True,True,0,True
test,02e0c2efb6d9bb2a95ca90b7e78bec1f,3,5,0.4315176174588986,0.6458260921929033,0.21430847473400472,False,True,True,0,True
test,02e0c2efb6d9bb2a95ca90b7e78bec1f,4,5,0.4315176174588986,0.6637646690743608,0.23224705161546222,False,True,True,0,True
test,02e0c2efb6d9bb2a95ca90b7e78bec1f,5,5,0.4315176174588986,0.6637646690743608,0.23224705161546222,False,True,True,0,True
valid,180956bcbdf2ff42e547ec8dec11ed1f,2,4,0.48171303521577313,0.5808692246200635,0.09915618940429038,True,True,False,9,False
valid,180956bcbdf2ff42e547ec8dec11ed1f,3,4,0.48171303521577313,0.5445475069694152,0.0628344717536421,True,True,False,9,False
valid,180956bcbdf2ff42e547ec8dec11ed1f,4,4,0.48171303521577313,0.6022911392809239,0.12057810406515079,True,True,False,8,False
valid,61ad7ff8f7855f070f278ff8412622a8,2,2,0.35114738443247984,0.3910907378052566,0.03994335337277677,False,False,False,0,True
test,cb78dafa7c2ca5d9eafdc6f02cd4f3b7,2,3,0.48023471648469807,0.6255369290085403,0.14530221252384223,True,True,False,10,False
test,cb78dafa7c2ca5d9eafdc6f02cd4f3b7,3,3,0.48023471648469807,0.607548195425087,0.1273134789403889,True,True,False,11,False
test,4e7d9b3083e78f30d7534bd2fc1c5f2d,2,2,0.45369803948314924,0.6876772736871738,0.23397923420402456,True,True,False,10,False
valid,b5cf77e4698b896e9e74cf71268a9819,2,2,0.3434672463921623,0.32823123926360387,-0.015236007128558438,False,False,False,0,True
valid,c44a36aa1770cc41a8fb130dfa1bba3b,2,2,0.6217994825116313,0.4443462294211715,-0.17745325309045978,True,True,False,7,False
test,4b806b93edf76523f25669be3962bd2f,2,2,0.47019550678889344,0.6435376396831314,0.17334213289423794,True,True,False,0,True
valid,04993613aee4046caf92ea17b316dcfb,2,8,0.4351595196000556,0.41757187434793464,-0.017587645252120976,False,False,False,0,True
valid,04993613aee4046caf92ea17b316dcfb,3,8,0.4351595196000556,0.4472995120846204,0.012139992484564766,False,True,True,0,True
valid,04993613aee4046caf92ea17b316dcfb,4,8,0.4351595196000556,0.4731466485527833,0.03798712895272771,False,True,True,7,False
valid,04993613aee4046caf92ea17b316dcfb,5,8,0.4351595196000556,0.4758849762967188,0.040725456696663165,False,True,True,7,False
valid,04993613aee4046caf92ea17b316dcfb,6,8,0.4351595196000556,0.4758849762967188,0.040725456696663165,False,True,True,7,False
valid,04993613aee4046caf92ea17b316dcfb,7,8,0.4351595196000556,0.48270520993503985,0.047545690334984236,False,True,True,7,False
valid,04993613aee4046caf92ea17b316dcfb,8,8,0.4351595196000556,0.44543637512539846,0.010276855525342854,False,True,True,0,True
valid,9b555b4c4f3028463eb59bbe1e9e9bda,2,3,0.49222060778407695,0.6215510894471807,0.1293304816631038,True,True,False,0,True
valid,9b555b4c4f3028463eb59bbe1e9e9bda,3,3,0.49222060778407695,0.6452661696329145,0.15304556184883755,True,True,False,0,True
test,a1e378a1da5cdc55c7edf4313af32f8a,2,2,0.5425293742458388,0.6860215056532819,0.1434921314074431,True,True,False,3,False
test,1bafdeda7fddba2882f1fd3279fab46e,2,2,0.3677059471513432,0.5560765536288946,0.18837060647755144,False,True,True,0,True
valid,059511087f2394ebd55a674537a7c2cc,2,2,0.4584124949617949,0.5830928927744543,0.12468039781265938,True,True,False,0,True
valid,82459b5637153cf097d689a943d750ce,2,2,0.326380844661885,0.48701481254840484,0.16063396788651985,False,True,True,0,True
valid,76e6542b3b2d6035b0f3948b43f0b9a2,2,2,0.38006231468655693,0.5694423559164177,0.18938004122986074,False,True,True,0,True
test,95f3615ae63fefb578bbcb55f66fba96,2,2,0.505381869315255,0.6886825670188192,0.18330069770356427,True,True,False,9,False
valid,e298159aa5f22e9d556add24a66be952,2,3,0.5135810272876017,0.6452601920104888,0.1316791647228871,True,True,False,8,False
valid,e298159aa5f22e9d556add24a66be952,3,3,0.5135810272876017,0.5282623075755132,0.014681280287911491,True,True,False,7,False
valid,1b1f17c2de0133ed4abe3d3b38f84f30,2,2,0.5436131587200989,0.6989232907833313,0.1553101320632324,True,True,False,0,True
test,4048279d4b6d7122d030e5487857a305,2,2,0.5181938861267609,0.6876329754074719,0.16943908928071105,True,True,False,0,True
test,b79c572e995becc5a19efc2e211b5742,2,3,0.5044587842774146,0.6134261714808629,0.10896738720344823,True,True,False,0,True
test,b79c572e995becc5a19efc2e211b5742,3,3,0.5044587842774146,0.6189195854678546,0.11446080119044,True,True,False,0,True
test,0f916489801ab47804cc7da10fe0dd6d,2,2,0.40706125706956076,0.5795886729819917,0.17252741591243093,False,True,True,7,False
valid,b8ef769a959add8d51bf27fad025d316,2,3,0.5400860838564563,0.6038504134395877,0.06376432958313138,True,True,False,0,True
valid,b8ef769a959add8d51bf27fad025d316,3,3,0.5400860838564563,0.6477302752236049,0.10764419136714864,True,True,False,0,True
valid,dcc0ebfe0fa59c24fd859aacb8e1f2e9,2,2,0.5739397726122839,0.4870585390419565,-0.0868812335703274,True,True,False,3,False
valid,8aad27637248090b933a0697be57c443,2,2,0.4440007201981532,0.6375501164112951,0.19354939621314193,True,True,False,0,True
valid,219889e4dae6af086c47d02b538f0589,2,2,0.496671559830861,0.6096717978449366,0.11300023801407566,True,True,False,0,True
test,ff40f38705c95a8eceea1a0db29bff66,2,2,0.6225507486616095,0.6374132281788465,0.01486247951723696,True,True,False,10,False
test,ad9e5e00d6f4a3d4226893dde85d40f7,2,2,0.4358834731556849,0.4945843024459131,0.05870082929022824,False,True,True,0,True
valid,d5cb76792b06c2a00edb03001d5f52ad,2,2,0.5266303108038668,0.6195944932520974,0.09296418244823057,True,True,False,0,True
valid,5beb64ae1902fb292d8148537bc85808,2,2,0.4284377934941451,0.5057652128588097,0.07732741936466458,False,True,True,0,True
test,bda35b10977d165ff7f6ae6ce187a4e3,2,3,0.37172323499774895,0.5205445397496584,0.14882130475190947,False,True,True,0,True
test,bda35b10977d165ff7f6ae6ce187a4e3,3,3,0.37172323499774895,0.6251059106290356,0.2533826756312867,False,True,True,0,True
test,c99a7c5ad6561092e099cf71868b4e78,2,2,0.449194580674923,0.6780455603242908,0.22885097964936774,True,True,False,4,False
valid,a1359034d0f05483436966ca3cd71aa5,2,2,0.2941108674126859,0.3427951598129335,0.04868429240024763,False,False,False,0,True
valid,5cd9d29876c165b99b25582096c9e0cd,2,2,0.5695817519615416,0.7089076893955039,0.13932593743396227,True,True,False,0,True
test,c5aea2f23df89cdf58e3c3721456f0b0,2,2,0.5585472277554856,0.7301094395491374,0.17156221179365183,True,True,False,9,False
test,4cf039bb3ac612eaf93de354f5da9cbe,2,2,0.3953454783372091,0.5572113056346254,0.16186582729741628,False,True,True,0,True
test,b5ac50103235f27b1d286960df625d1d,2,3,0.5915627031424086,0.7402621681726707,0.1486994650302621,True,True,False,0,True
test,b5ac50103235f27b1d286960df625d1d,3,3,0.5915627031424086,0.7559038065304577,0.1643411033880492,True,True,False,0,True
test,ea4286567e0283e5437a80dafadc9a4d,2,2,0.3699807254888793,0.4548668275143868,0.0848861020255075,False,True,True,0,True
test,0a4c05d2e1ae812a342af2f5c9a34b36,2,3,0.7132871262219609,0.6340242510475571,-0.07926287517440378,True,True,False,6,False
test,0a4c05d2e1ae812a342af2f5c9a34b36,3,3,0.7132871262219609,0.6800007371393479,-0.033286389082612944,True,True,False,9,False
valid,75473283e7441a8d1a9c8807fafd0f2d,2,3,0.5320469991075201,0.6609305815620643,0.12888358245454423,True,True,False,0,True
valid,75473283e7441a8d1a9c8807fafd0f2d,3,3,0.5320469991075201,0.6308968046182346,0.09884980551071454,True,True,False,9,False
test,93d94474ff31149c751c5123897916d7,2,2,0.5586585717203946,0.657898987075944,0.0992404153555494,True,True,False,8,False
valid,d18a9528e8077026b951849741ab227b,2,2,0.4771762621633642,0.6071264923430719,0.12995023017970775,True,True,False,1,False
valid,af3aee1b753d8f4570c9179f56824a1c,2,2,0.37182459720446603,0.5119932740513404,0.1401686768468744,False,True,True,0,True
test,d2e280e54ecb98f30a641bb661336baa,2,2,0.41437266072764634,0.5530775625514063,0.13870490182375994,False,True,True,6,False
test,40237e91fbaa88e62cdc9397b2e3343a,2,2,0.38594281308805467,0.5762995619153701,0.19035674882731546,False,True,True,0,True
valid,57638520434d4c12b81d532ad9bf2f1f,2,2,0.5594861164077323,0.7441840015980902,0.1846978851903579,True,True,False,9,False
valid,08bdb086a562d4a730e238d0ba09be26,2,2,0.4190967163266718,0.5742808697950957,0.15518415346842396,False,True,True,0,True
test,4f7801b0527e8669f25d2f5488ea8a58,2,2,0.4417424496054755,0.5847719161580074,0.1430294665525319,True,True,False,0,True
valid,e8b9c7b25bbbc6f005c27f648e24ffc5,2,2,0.4336531055679318,0.6182572912066655,0.1846041856387337,False,True,True,0,True
test,9941c14602ccbe66611b6a4b8fe01d99,2,2,0.4930943209772526,0.6493778179732563,0.15628349699600375,True,True,False,0,True
valid,78f6201cc730d148939d4e7e0f456917,2,2,0.3198231735205552,0.40999862403147136,0.09017545051091613,False,False,False,0,True
valid,465c2e1bee4561cb39e0db8c5993aafc,2,2,0.375029923074811,0.4443738706830389,0.06934394760822793,False,True,True,0,True
test,fa98b1c89208380c565ec7c07a8f3e7a,2,2,0.49497995460160416,0.6080274593196346,0.11304750471803049,True,True,False,0,True
valid,54756c47d5273d8188b9e581f19822f1,2,2,0.42153058689217415,0.42345313908428983,0.0019225521921156785,False,False,False,0,True
valid,e0614e688d081a4fde76eae315bf2101,2,2,0.5045551652834048,0.619175839631015,0.11462067434761014,True,True,False,10,False
valid,2c434ccd3ee0da607ae0d16400de7bea,2,3,0.44367750021314367,0.5389317211176747,0.09525422090453106,True,True,False,0,True
valid,2c434ccd3ee0da607ae0d16400de7bea,3,3,0.44367750021314367,0.5948255510286748,0.15114805081553118,True,True,False,0,True
test,48c37ee80e51a60b382e320467cc9d37,2,2,0.3979715351877876,0.5527402471585694,0.1547687119707818,False,True,True,0,True
test,ddc6156f6a074fb9937e7f079dd758d3,2,2,0.44595647060227694,0.6811706988368029,0.23521422823452598,True,True,False,0,True
test,09abedc2c8793fa1ef3a6eb50a9587e6,2,2,0.45823904833352613,0.5277475520241335,0.06950850369060735,True,True,False,0,True
test,c064d2ccc74eafa9f92b6e742708b48c,2,2,0.3855986714795242,0.5806705044090001,0.19507183292947594,False,True,True,0,True
test,032b0e60cda9e20b30fc4b3bf1079e50,2,3,0.41141416072459525,0.5650204309628681,0.1536062702382729,False,True,True,0,True
test,032b0e60cda9e20b30fc4b3bf1079e50,3,3,0.41141416072459525,0.6105390957346121,0.19912493501001682,False,True,True,0,True
test,ce3c0e0e8ff8199031c7539eaac530e4,2,2,0.4704700256347044,0.6405896008357053,0.17011957520100085,True,True,False,0,True
valid,218ed7d83ada6c7163efb96ca0cbd210,2,2,0.49467688988610914,0.4831626765540684,-0.011514213332040724,True,True,False,9,False
valid,f9b45712fe135d49c839b6dc346d2661,2,2,0.49453042927765734,0.6306079293529554,0.13607750007529806,True,True,False,0,True
test,f632c00313bdbd50450cb21052cbe825,2,3,0.5126699494986592,0.6494271809315093,0.13675723143285012,True,True,False,0,True
test,f632c00313bdbd50450cb21052cbe825,3,3,0.5126699494986592,0.7022071809610855,0.1895372314624263,True,True,False,0,True
test,f2ef7d612e69efa8075800e031d9880a,2,2,0.363142928102402,0.4647190553990438,0.10157612729664178,False,True,True,0,True
test,95781e5f0d6c976b1d32e609be9c4acb,2,3,0.5261943972864892,0.7201143173763989,0.19391992008990966,True,True,False,0,True
test,95781e5f0d6c976b1d32e609be9c4acb,3,3,0.5261943972864892,0.7469088253743414,0.22071442808785224,True,True,False,0,True
test,b16a844a8a1b4998e1505f65a65d1e6a,2,2,0.49725135684245914,0.6014664087599313,0.10421505191747216,True,True,False,8,False
test,a59b2ae7ce595ee0cb33191bbf75836c,2,2,0.4189332352534548,0.5921232390454647,0.17319000379200988,False,True,True,0,True
test,466fa6875c92ccd8425b0a91a8d1a771,2,2,0.4276773541955027,0.5042986667170075,0.07662131252150484,False,True,True,0,True
test,b80fc187408e5b39dc58457b7db2b4b1,2,2,0.40171702516655006,0.5589348109924546,0.1572177858259045,False,True,True,0,True
test,76fe90b7376fab4bbce87be140c970f1,2,2,0.5147046513530009,0.6183735742726384,0.10366892291963747,True,True,False,10,False
valid,d2ebecd13598667c0e664cf7c3eace01,2,2,0.5011673359318751,0.6202659522172758,0.11909861628540064,True,True,False,4,False
test,6a84c0dc9f5ad55bac8d9847b9556719,2,2,0.5644332662635039,0.6964981431598971,0.13206487689639324,True,True,False,0,True
test,b0b822b0f9346fb153a23ab0ac5214ff,2,2,0.3505277389597702,0.5337402365737207,0.18321249761395053,False,True,True,11,False
test,040a4487d2c737f11caa0eafc5ba5cf5,2,2,0.32446685526631647,0.5877397029863216,0.26327284772000514,False,True,True,9,False
test,a79789405ef383b5e12d9f6f6979c793,2,3,0.484541757549381,0.6676213253543114,0.1830795678049304,True,True,False,0,True
test,a79789405ef383b5e12d9f6f6979c793,3,3,0.484541757549381,0.693591164910998,0.20904940736161703,True,True,False,0,True
valid,a16ba3cb9eadcd233262e7dcabd63592,2,2,0.423147383231929,0.547567240604177,0.12441985737224803,False,True,True,3,False
test,62516b70ac5eb69d6be50d3dc3fde262,2,2,0.3239162998336723,0.5266193396942982,0.20270303986062588,False,True,True,0,True
valid,4dcff73972e49b77fcb010749fb5433e,2,2,0.6471677132496345,0.7284161398283586,0.08124842657872411,True,True,False,0,True
valid,106f773cca522fe33c40267418112669,2,2,0.38780258026683556,0.4471849823395756,0.05938240207274004,False,True,True,0,True
test,33fb9fcb4416d2b74dc9b058f1cca8a4,2,4,0.5424315133704557,0.5963982926840523,0.05396677931359661,True,True,False,0,True
test,33fb9fcb4416d2b74dc9b058f1cca8a4,3,4,0.5424315133704557,0.6350188674468292,0.09258735407637353,True,True,False,0,True
test,33fb9fcb4416d2b74dc9b058f1cca8a4,4,4,0.5424315133704557,0.639903644551682,0.09747213118122633,True,True,False,0,True
test,50d4c71673a49f44db481398f72cb705,2,2,0.3398588791662368,0.5416268286716408,0.201767949505404,False,True,True,0,True
valid,e64b75fd960c12db7358da68a8b75217,2,2,0.5721217840690959,0.6724032663600683,0.10028148229097245,True,True,False,0,True
valid,94a4dc2611178b53fb85f8528a3c4e9b,2,2,0.3116536744419811,0.4284144146515809,0.11676074020959981,False,False,False,0,True
test,c9a8490e7b2c76d2f9b22369314a9391,2,2,0.36926676818594595,0.512454676566321,0.1431879083803751,False,True,True,10,False
test,b293643d38b49d3f824bc6be2fece99e,2,2,0.5672925873048447,0.6386655116752769,0.07137292437043219,True,True,False,0,True
test,506feda6a5f5513b9d383bb59eb06674,2,2,0.46970059794447916,0.5485815140465049,0.07888091610202574,True,True,False,0,True
valid,37032037a9594be86de78211bab2e548,2,2,0.5510059956769995,0.69264566996376,0.1416396742867605,True,True,False,0,True
test,3cb2ba0f933044d545dcce9bb8dbbed8,2,2,0.4203796162180692,0.4862112726443161,0.06583165642624689,False,True,True,10,False
test,730c83933acab283b21bae7b3fcc91d1,2,3,0.332390754200629,0.5510260701279914,0.2186353159273624,False,True,True,15,False
test,730c83933acab283b21bae7b3fcc91d1,3,3,0.332390754200629,0.5387711534101458,0.20638039920951678,False,True,True,0,True
valid,cad0978e6d52213f4c78b26626fc40c0,2,2,0.39880707241900937,0.46256160134376867,0.0637545289247593,False,True,True,0,True
test,a5d865e12e7e0f8952334691874959df,2,2,0.35854214584247135,0.46424550832448574,0.1057033624820144,False,True,True,7,False
valid,8dd7a0e54d3e1de854946bed6b8bb4ce,2,2,0.348745287831558,0.45136281420855007,0.10261752637699206,False,True,True,0,True
test,a39b459bad02888e07ddf9d3321673c7,2,2,0.38941051579590913,0.5686455202837051,0.17923500448779595,False,True,True,8,False
test,aff6ce4c3564b24d8ecfa5f9d9c62fb1,2,2,0.3488776426612097,0.477643178350839,0.12876553568962934,False,True,True,0,True
valid,54e30fbd73b01605796983a14e438a57,2,2,0.3714800794693731,0.5543587764938193,0.18287869702444615,False,True,True,0,True
valid,ed81dbeb0cedad4d3d1f1551b06d6ca3,2,4,0.4899528440542654,0.5455779451150627,0.05562510106079732,True,True,False,4,False
valid,ed81dbeb0cedad4d3d1f1551b06d6ca3,3,4,0.4899528440542654,0.5820846104060284,0.09213176635176301,True,True,False,6,False
valid,ed81dbeb0cedad4d3d1f1551b06d6ca3,4,4,0.4899528440542654,0.6986636236619839,0.20871077960771844,True,True,False,0,True
valid,8d6f2d65fb984460ec10037e22a06fa2,2,2,0.46308209866882555,0.5560380743497024,0.09295597568087688,True,True,False,1,False
valid,5620e57611d71ee82bf1b40183f57bdf,2,2,0.407180009040765,0.48805752407613967,0.08087751503537466,False,True,True,0,True
valid,fee72a68ce935ebf2939fe72f27d3d9b,2,2,0.42528349765016094,0.512809883401951,0.08752638575179006,False,True,True,0,True
valid,73c7ccedd1ee536b4609c4e103ce4593,2,2,0.3806108319377808,0.4830235422958973,0.1024127103581165,False,True,True,0,True
valid,0c3e2dc4a3eeb282bd4df0b620dcff6d,2,2,0.4356549333012397,0.5897523717007565,0.15409743839951673,False,True,True,1,False
valid,0fd5b0b57e1006706acc1bc1ccc2f66f,2,2,0.4594867512580848,0.4937694647575924,0.03428271349950762,True,True,False,0,True
test,3990f96693d321ac142fff312bf3706a,2,6,0.725342067668876,0.7478100318854237,0.02246796421654773,True,True,False,7,False
test,3990f96693d321ac142fff312bf3706a,3,6,0.725342067668876,0.7173617773047749,-0.007980290364101084,True,True,False,2,False
test,3990f96693d321ac142fff312bf3706a,4,6,0.725342067668876,0.7456663982932306,0.02032433062435457,True,True,False,7,False
test,3990f96693d321ac142fff312bf3706a,5,6,0.725342067668876,0.7274962569111811,0.002154189242305149,True,True,False,1,False
test,3990f96693d321ac142fff312bf3706a,6,6,0.725342067668876,0.7544013228246285,0.029059255155752473,True,True,False,6,False
valid,4632b700f33d5fe26dda89127aa5b5b1,2,2,0.40485260017262603,0.6090542431113339,0.2042016429387079,False,True,True,10,False
test,cc8778d76e567b45082b7f52bce23095,2,2,0.5264365070918156,0.7917501658939294,0.2653136588021139,True,True,False,9,False
test,ae93587d71bc1659fcc7614e6f4dddfa,2,4,0.39829690459041434,0.490211107004183,0.09191420241376869,False,True,True,0,True
test,ae93587d71bc1659fcc7614e6f4dddfa,3,4,0.39829690459041434,0.53725443199449,0.13895752740407563,False,True,True,0,True
test,ae93587d71bc1659fcc7614e6f4dddfa,4,4,0.39829690459041434,0.5556528139946044,0.1573559094041901,False,True,True,0,True
valid,e56d6fad37333104e525678504e3b8c3,2,2,0.4827516941502856,0.6097675975008658,0.12701590335058022,True,True,False,0,True
test,aca33246293a698b982644421ce2170c,2,2,0.3927637411326158,0.5606986961222902,0.16793495498967437,False,True,True,0,True
test,c87482c77931bd39e99e46dd2a7013d2,2,3,0.3924119987665987,0.5693962733771072,0.17698427461050847,False,True,True,0,True
test,c87482c77931bd39e99e46dd2a7013d2,3,3,0.3924119987665987,0.5304035045327966,0.1379915057661979,False,True,True,8,False
valid,f6415e11dbe7872c1a44b5a4d3cae947,2,2,0.3721912897411609,0.4872150006885192,0.1150237109473583,False,True,True,0,True
valid,6289102facc42d587c415f1ac8df5b2d,2,2,0.47579953450750234,0.5598527997385834,0.08405326523108103,True,True,False,9,False
test,e0138d152658a49efe819e763f0a0cc7,2,3,0.48404024500471465,0.5846743897622824,0.10063414475756771,True,True,False,5,False
test,e0138d152658a49efe819e763f0a0cc7,3,3,0.48404024500471465,0.694971801109744,0.21093155610502934,True,True,False,8,False
valid,f91234b89ca8c758b3d2be234acb0355,2,6,0.5164033080828268,0.6488604122582687,0.132457104175442,True,True,False,0,True
valid,f91234b89ca8c758b3d2be234acb0355,3,6,0.5164033080828268,0.6689734944830004,0.1525701864001736,True,True,False,0,True
valid,f91234b89ca8c758b3d2be234acb0355,4,6,0.5164033080828268,0.681148567998815,0.1647452599159882,True,True,False,0,True
valid,f91234b89ca8c758b3d2be234acb0355,5,6,0.5164033080828268,0.681148567998815,0.1647452599159882,True,True,False,0,True
valid,f91234b89ca8c758b3d2be234acb0355,6,6,0.5164033080828268,0.681148567998815,0.1647452599159882,True,True,False,0,True
test,8c27da2e91c92bdf51f131d0d24d9af7,2,2,0.4749037424798961,0.6203703364367077,0.1454665939568116,True,True,False,0,True
valid,3b7132abf3ba167e73c6390f51de0256,2,2,0.38518571192197437,0.4732853526449904,0.08809964072301602,False,True,True,0,True
test,16da87fa74546020a5f0a6827959e160,2,3,0.39602609868564764,0.5450997379631117,0.1490736392774641,False,True,True,0,True
test,16da87fa74546020a5f0a6827959e160,3,3,0.39602609868564764,0.5968977798501387,0.20087168116449106,False,True,True,0,True
test,8d8f38e4ae1cf25848c0570ff236958b,2,2,0.4532953193500877,0.6634661273876352,0.2101708080375475,True,True,False,0,True
test,1263bf7619d0024e7a8b211924e1bbe6,2,3,0.3973851249568666,0.5757150440709021,0.1783299191140355,False,True,True,0,True
test,1263bf7619d0024e7a8b211924e1bbe6,3,3,0.3973851249568666,0.5956683020955489,0.19828317713868227,False,True,True,0,True
test,35b19a06842a6d82121828643e1bd16e,2,2,0.5738683462489227,0.7558878277667156,0.1820194815177929,True,True,False,0,True
test,757c03a0d7aec28457ee8d2e73c84836,2,2,0.4260590022129569,0.5621491521618809,0.136090149948924,False,True,True,0,True
test,67adc926d34e13b8e6144b020f0e1153,2,2,0.4379620443146207,0.6881808739276027,0.25021882961298203,False,True,True,0,True
valid,c1f534b2a0002528a5e5e5001f6be004,2,2,0.4029228824747936,0.4450330372055693,0.04211015473077573,False,True,True,0,True
valid,5fec12a84d3f675f75b06a54e54d6b04,2,2,0.7060437781757656,0.7822163866546794,0.07617260847891383,True,True,False,8,False
valid,b592b39d5b89b9a97358183e80694274,2,2,0.32639176206108467,0.41571774224634905,0.08932598018526439,False,False,False,0,True
test,11104e15dc0997a6ba0aaaf449f51160,2,2,0.6131349255196845,0.5930479674437257,-0.02008695807595884,True,True,False,9,False
test,1a1ca27f20c0784d452027dae3f0b5c8,2,2,0.5005981909007104,0.6950206994770225,0.19442250857631205,True,True,False,0,True
test,4d0bd88af1748e0658ddfad3100b2958,2,2,0.42972774989987483,0.6454597413759089,0.21573199147603406,False,True,True,0,True
valid,a310dd02fa5c5747f8a6fdc884dc41fa,2,2,0.5255104864872657,0.6396227087609416,0.1141122222736759,True,True,False,0,True
valid,676997dac4c289c241276214efc7839e,2,2,0.390750495057388,0.5922522960026237,0.20150180094523573,False,True,True,8,False
test,fdae59a84d3050deb2efafd6b04ff6ef,2,2,0.3579585745015973,0.5721371228794453,0.214178548377848,False,True,True,0,True
test,699a054a231f241e711b0ff3bdd1e250,2,2,0.5593953512944534,0.6158451792112336,0.056449827916780215,True,True,False,0,True
valid,1be551169c2eb8275a521eafcff31546,2,2,0.23933112787340205,0.33329051199391324,0.09395938412051119,False,False,False,7,False
valid,d3bf07368c28fc881c427ec119b01153,2,3,0.4515725928918001,0.5401503751106902,0.08857778221889012,True,True,False,0,True
valid,d3bf07368c28fc881c427ec119b01153,3,3,0.4515725928918001,0.5911205281459619,0.13954793525416187,True,True,False,0,True
test,02e405aa2667a116637cdb4affaf93c0,2,2,0.5768306488323004,0.6992064525489792,0.12237580371667878,True,True,False,8,False
valid,46241543fb0948c859ab3d20fa55f06c,2,3,0.34129433224702055,0.4634414858706083,0.12214715362358775,False,True,True,0,True
valid,46241543fb0948c859ab3d20fa55f06c,3,3,0.34129433224702055,0.5034222156345407,0.16212788338752016,False,True,True,0,True
test,4d900e76023789e5f55022dc71ff16a1,2,3,0.496050726141817,0.628958142544817,0.13290741640299997,True,True,False,0,True
test,4d900e76023789e5f55022dc71ff16a1,3,3,0.496050726141817,0.6648749057190273,0.1688241795772103,True,True,False,0,True
valid,69d55f1bcb3e801a0218ca7233889ed8,2,2,0.30752786957220835,0.360122384340372,0.05259451476816368,False,False,False,0,True
test,ebf86cef1e130ba03a39e9e1c73a9115,2,3,0.4806538000116066,0.6778980236108253,0.19724422359921867,True,True,False,0,True
test,ebf86cef1e130ba03a39e9e1c73a9115,3,3,0.4806538000116066,0.6946596603308952,0.2140058603192886,True,True,False,0,True
test,54e52a2c76449b9a634705a5ae9684a9,2,2,0.5048967290984492,0.6716635146436958,0.1667667855452466,True,True,False,0,True
test,bd80a1b56163c6fcce585462d490ab36,2,2,0.46350405740790857,0.5790756051457736,0.11557154773786504,True,True,False,0,True
test,c2d9de2193f28a8b964cf36417cbaf92,2,2,0.5338394520343326,0.6645953066022713,0.1307558545679387,True,True,False,0,True
test,21ac7b9aaf4cb4e41aa7ed2722a0c2ab,2,3,0.4615566747355131,0.5518572505916974,0.09030057585618434,True,True,False,14,False
test,21ac7b9aaf4cb4e41aa7ed2722a0c2ab,3,3,0.4615566747355131,0.5950191572112862,0.13346248247577308,True,True,False,0,True
valid,cc5161712eb3121670b819908ada7032,2,2,0.3968976356865188,0.5624672474875885,0.16556961180106966,False,True,True,0,True
test,d9d3adfb459cf80f45139992eb4283e5,2,2,0.5498690342224728,0.6723848976799902,0.12251586345751742,True,True,False,0,True
test,3c87d7e874618030c19e7e58d04556a5,2,2,0.5108067067514346,0.6685572569537357,0.1577505502023011,True,True,False,4,False
test,e51a65b081fdd3d9ae9c8935d326990f,2,2,0.4644074568300861,0.5844893364807073,0.12008187965062123,True,True,False,0,True
test,933b8ec7305b79bf5057f495364a7f20,2,3,0.5454799564806867,0.6852860289152621,0.13980607243457543,True,True,False,0,True
test,933b8ec7305b79bf5057f495364a7f20,3,3,0.5454799564806867,0.6821039879342636,0.13662403145357693,True,True,False,3,False
test,0e490dd9ff8d1bf7259c4265f49bd577,2,2,0.482784339077701,0.6748461119766247,0.19206177289892368,True,True,False,0,True
test,7b78cc6982a3e84c736e54249ed7612c,2,2,0.6065053956874238,0.7947279902610862,0.18822259457366242,True,True,False,0,True
valid,28553df1da816f76ae87bb32739cd4b5,2,2,0.3530236553709407,0.3926442240920729,0.03962056872113218,False,False,False,0,True
test,e0fc6abd74320ea468f697164f069f8d,2,4,0.5208988445528252,0.602200102273061,0.08130125772023578,True,True,False,0,True
test,e0fc6abd74320ea468f697164f069f8d,3,4,0.5208988445528252,0.5560476176386127,0.035148773085787455,True,True,False,0,True
test,e0fc6abd74320ea468f697164f069f8d,4,4,0.5208988445528252,0.5560476176386127,0.035148773085787455,True,True,False,0,True
test,84a5898c018be5c7ee3e45969708ebbe,2,2,0.5377607611204209,0.7142839461148933,0.1765231849944724,True,True,False,7,False
test,5edbfc23c079ce692dcd845d4c5a0580,2,3,0.5189489187217413,0.7485023048024027,0.22955338608066134,True,True,False,8,False
test,5edbfc23c079ce692dcd845d4c5a0580,3,3,0.5189489187217413,0.664540151000809,0.14559123227906767,True,True,False,0,True
test,667a9c1939506fa573c58ac2f5900492,2,5,0.621733276119379,0.6042294893462739,-0.017503786773105157,True,True,False,0,True
test,667a9c1939506fa573c58ac2f5900492,3,5,0.621733276119379,0.6531699199585275,0.03143664383914846,True,True,False,0,True
test,667a9c1939506fa573c58ac2f5900492,4,5,0.621733276119379,0.6531699199585275,0.03143664383914846,True,True,False,0,True
test,667a9c1939506fa573c58ac2f5900492,5,5,0.621733276119379,0.6531699199585275,0.03143664383914846,True,True,False,0,True
test,d28fbd94b527be0512683c3e03aa37eb,2,2,0.361154943249557,0.48244816858019846,0.12129322533064146,False,True,True,0,True
test,8c9e191de5ee58e2cbd018c2943ff9b2,2,3,0.48030722666946,0.6271744738922083,0.14686724722274824,True,True,False,0,True
test,8c9e191de5ee58e2cbd018c2943ff9b2,3,3,0.48030722666946,0.6652926264969621,0.18498539982750206,True,True,False,0,True
valid,1864e41539736858aa1100d27cf3f34c,2,2,0.41986608853771024,0.5329939350199867,0.11312784648227647,False,True,True,0,True
test,6232b520aa859c47ba46e5213737f418,2,5,0.473534049072716,0.689492609863375,0.215958560790659,True,True,False,0,True
test,6232b520aa859c47ba46e5213737f418,3,5,0.473534049072716,0.6672647565386876,0.19373070746597154,True,True,False,0,True
test,6232b520aa859c47ba46e5213737f418,4,5,0.473534049072716,0.6672647565386876,0.19373070746597154,True,True,False,0,True
test,6232b520aa859c47ba46e5213737f418,5,5,0.473534049072716,0.6761101054094336,0.2025760563367176,True,True,False,0,True
test,639a1c4782f8e67202d43d0e4b72e721,2,3,0.6697039107644481,0.6881980100370677,0.01849409927261958,True,True,False,0,True
test,639a1c4782f8e67202d43d0e4b72e721,3,3,0.6697039107644481,0.729520412280607,0.059816501516158915,True,True,False,0,True
valid,77c25f4b196368d4d43fb319b5d6ae80,2,3,0.3621895451193168,0.47216778597305953,0.10997824085374275,False,True,True,0,True
valid,77c25f4b196368d4d43fb319b5d6ae80,3,3,0.3621895451193168,0.5153989860950827,0.15320944097576594,False,True,True,0,True
valid,cca4026695c4b2f280bc099e58601c71,2,2,0.4834730117504955,0.6906907475081975,0.20721773575770197,True,True,False,0,True
valid,2a8d909d2c102155c7ce2c9a24769447,2,2,0.35818837404891535,0.4544488716935119,0.09626049764459654,False,True,True,0,True
test,ef246b56510668886f05b8f818e7bfc9,2,2,0.36559958013682425,0.5512873515399167,0.18568777140309245,False,True,True,2,False
test,c46141b3d5535e4ecaca9ddaf90ba7a7,2,2,0.4379577597594807,0.6018413860267341,0.1638836262672534,False,True,True,1,False
test,43ba017334e710b763eefbbd09f9ebe8,2,3,0.35875997810963556,0.351027234645495,-0.007732743464140546,False,False,False,0,True
test,43ba017334e710b763eefbbd09f9ebe8,3,3,0.35875997810963556,0.37746286251735206,0.018702884407716502,False,False,False,0,True
valid,4b20ac5099cdb7bcec3f8dfa89bdbdbe,2,2,0.5509001382729002,0.6324146203052219,0.0815144820323217,True,True,False,0,True
valid,84484948cf71be13d3b7d3ce0898f403,2,2,0.3551505583643748,0.5134598472476086,0.1583092888832338,False,True,True,0,True
valid,c8395c703a6133dc947b6b371b2551aa,2,2,0.292255216245771,0.5745633649324573,0.2823081486866863,False,True,True,0,True
valid,6a6f17e757e213c9287c353998a5b054,2,2,0.619199836352926,0.5997707769496635,-0.01942905940326245,True,True,False,13,False
test,00a57dfbb049fbaae10763e2cf15f797,2,3,0.3679139614482827,0.5771271937841937,0.20921323233591105,False,True,True,0,True
test,00a57dfbb049fbaae10763e2cf15f797,3,3,0.3679139614482827,0.5460483747405254,0.17813441329224267,False,True,True,0,True
test,b03614607ed7a36258b150150b1e898b,2,2,0.4913687518869433,0.684318411655035,0.19294965976809175,True,True,False,11,False
test,f4894d53b6be36cd0c12a1e648e35758,2,6,0.628851220955339,0.5562450574839127,-0.07260616347142623,True,True,False,0,True
test,f4894d53b6be36cd0c12a1e648e35758,3,6,0.628851220955339,0.5897244052680348,-0.03912681568730414,True,True,False,0,True
test,f4894d53b6be36cd0c12a1e648e35758,4,6,0.628851220955339,0.5897244052680348,-0.03912681568730414,True,True,False,0,True
test,f4894d53b6be36cd0c12a1e648e35758,5,6,0.628851220955339,0.5897244052680348,-0.03912681568730414,True,True,False,0,True
test,f4894d53b6be36cd0c12a1e648e35758,6,6,0.628851220955339,0.5897244052680348,-0.03912681568730414,True,True,False,0,True
test,5c19e256f5972c1dc427a1a1f9940a3d,2,2,0.5026948180370827,0.6685124803811664,0.16581766234408368,True,True,False,0,True
test,3d34e2eec4245acada65a41a949f2568,2,2,0.5055056910755176,0.6840615213223533,0.17855583024683575,True,True,False,0,True
test,5419867f4aa50888cbd30061ced88b44,2,3,0.5230690325896339,0.5102121942718827,-0.012856838317751196,True,True,False,0,True
test,5419867f4aa50888cbd30061ced88b44,3,3,0.5230690325896339,0.5541222227999596,0.03105319021032571,True,True,False,0,True
test,90b6cdda02bbf9ef9a404d36e11a8268,2,2,0.4476486636578171,0.5432111082942042,0.09556244463638708,True,True,False,14,False
test,5989369fa081195d8762312fad7d588d,2,2,0.3939942067664085,0.5992991715437708,0.20530496477736226,False,True,True,0,True
test,0db6ccc5c835057ef7f585066ec9f7ca,2,2,0.4712833355517998,0.6525490208891196,0.1812656853373198,True,True,False,0,True
valid,081dff6255d4b75937a72577339b2728,2,2,0.3417043600345502,0.4413819290217592,0.09967756898720903,False,True,True,0,True
test,b7d49ac93afe42c4d1c6db6c1301b6d5,2,6,0.6714025976815274,0.6259986130795201,-0.04540398460200734,True,True,False,0,True
test,b7d49ac93afe42c4d1c6db6c1301b6d5,3,6,0.6714025976815274,0.7089097694548335,0.03750717177330609,True,True,False,0,True
test,b7d49ac93afe42c4d1c6db6c1301b6d5,4,6,0.6714025976815274,0.7300419038941155,0.05863930621258806,True,True,False,0,True
test,b7d49ac93afe42c4d1c6db6c1301b6d5,5,6,0.6714025976815274,0.7300419038941155,0.05863930621258806,True,True,False,0,True
test,b7d49ac93afe42c4d1c6db6c1301b6d5,6,6,0.6714025976815274,0.7300419038941155,0.05863930621258806,True,True,False,0,True
test,a3a579880b2150c79c81e0c5b75beb79,2,3,0.5157211637073396,0.6660979025568625,0.15037673884952296,True,True,False,9,False
test,a3a579880b2150c79c81e0c5b75beb79,3,3,0.5157211637073396,0.6050099755362092,0.08928881182886961,True,True,False,8,False
test,055cf2a6f9343f99acdb5e8f70e49bd8,2,6,0.32581313968973047,0.5334599166889213,0.20764677699919087,False,True,True,0,True
test,055cf2a6f9343f99acdb5e8f70e49bd8,3,6,0.32581313968973047,0.5844945915139368,0.2586814518242063,False,True,True,0,True
test,055cf2a6f9343f99acdb5e8f70e49bd8,4,6,0.32581313968973047,0.5844945915139368,0.2586814518242063,False,True,True,0,True
test,055cf2a6f9343f99acdb5e8f70e49bd8,5,6,0.32581313968973047,0.5844945915139368,0.2586814518242063,False,True,True,0,True
test,055cf2a6f9343f99acdb5e8f70e49bd8,6,6,0.32581313968973047,0.5844945915139368,0.2586814518242063,False,True,True,0,True
test,73eadd2f34b77806e8edd031b0bc427a,2,2,0.42680391470915036,0.679790974664839,0.2529870599556886,False,True,True,0,True
valid,52245a1eec5d9e4278acd0e934e3aa3e,2,3,0.422762598780976,0.612671540703644,0.18990894192266805,False,True,True,0,True
valid,52245a1eec5d9e4278acd0e934e3aa3e,3,3,0.422762598780976,0.6139951626371992,0.19123256385622323,False,True,True,0,True
test,e7edc87c7e9b1ae5ef04110fba7debf1,2,2,0.4665103169911953,0.6930935037882255,0.22658318679703027,True,True,False,8,False
test,23c8185c60bb06f217a2437ffc73e45f,2,2,0.41784092213354906,0.5706732853446812,0.15283236321113214,False,True,True,0,True
test,b00bb5cc3213f8b0ea13efd866f4e020,2,2,0.44050420820650193,0.6228580539396817,0.1823538457331798,True,True,False,0,True
valid,62721ddb070ffb1e00edd35d85a2f616,2,2,0.3815764965468863,0.5096706263516582,0.12809412980477186,False,True,True,0,True
test,ed273cdf7e2668c17d6cb199ad52d7c4,2,5,0.4424467691247742,0.5565403237776017,0.11409355465282744,True,True,False,0,True
test,ed273cdf7e2668c17d6cb199ad52d7c4,3,5,0.4424467691247742,0.5614062334802221,0.11895946435544791,True,True,False,0,True
test,ed273cdf7e2668c17d6cb199ad52d7c4,4,5,0.4424467691247742,0.5584767671791155,0.11602999805434133,True,True,False,0,True
test,ed273cdf7e2668c17d6cb199ad52d7c4,5,5,0.4424467691247742,0.5497013310642889,0.10725456193951466,True,True,False,0,True
test,808b7fff91e537a5df90717957ee5bb1,2,2,0.5072881227619302,0.6542866926727982,0.1469985699108679,True,True,False,0,True
test,b523ce1995c46d7ad970da56cbf867e1,2,2,0.4597418452832426,0.666496080016757,0.2067542347335144,True,True,False,7,False
test,180111fe748ab1e9a6bd88e0cf809f32,2,2,0.4218913959667615,0.6350777120949396,0.21318631612817807,False,True,True,0,True
valid,9c48af0db9cf0d3d5fde3bbf1b9381c7,2,2,0.45978463430978167,0.5804169702939663,0.12063233598418466,True,True,False,0,True
test,7704b08260c0c712a094d67e7320688c,2,2,0.3958118870684192,0.6179861944855356,0.2221743074171164,False,True,True,0,True
valid,df147d110784e81110ece3cae5fafee2,2,2,0.4561643042958259,0.518826060533033,0.06266175623720716,True,True,False,0,True
valid,cf788ee4258fde5130bb5651bda63918,2,2,0.5222890015703721,0.6077124556977704,0.08542345412739838,True,True,False,13,False
test,46a679ffe9f1dfbb33d7e6795a2ed65e,2,2,0.3635392791836701,0.5023508871062083,0.13881160792253822,False,True,True,0,True
test,3eee7c93497d482e7a3c335e325ea0ec,2,2,0.3797770352503519,0.5238947253709907,0.1441176901206388,False,True,True,1,False
test,b2675dfd21a0a28ce21911879651b4d8,2,4,0.44154925920448473,0.5366724368051476,0.09512317760066291,True,True,False,0,True
test,b2675dfd21a0a28ce21911879651b4d8,3,4,0.44154925920448473,0.6266461086815065,0.18509684947702176,True,True,False,7,False
test,b2675dfd21a0a28ce21911879651b4d8,4,4,0.44154925920448473,0.6266461086815065,0.18509684947702176,True,True,False,7,False
valid,ad2366f215c672f85bfba7336350ee8b,2,2,0.5065824296361745,0.620738972193086,0.11415654255691154,True,True,False,0,True
valid,8f6f263a5e96515d5534199b74cb7748,2,6,0.48160575381988635,0.5183182829909645,0.036712529171078145,True,True,False,0,True
valid,8f6f263a5e96515d5534199b74cb7748,3,6,0.48160575381988635,0.5942131115782676,0.11260735775838127,True,True,False,0,True
valid,8f6f263a5e96515d5534199b74cb7748,4,6,0.48160575381988635,0.6207992746026441,0.1391935207827577,True,True,False,0,True
valid,8f6f263a5e96515d5534199b74cb7748,5,6,0.48160575381988635,0.6207992746026441,0.1391935207827577,True,True,False,0,True
valid,8f6f263a5e96515d5534199b74cb7748,6,6,0.48160575381988635,0.6207992746026441,0.1391935207827577,True,True,False,0,True
test,47d7bd38284cac71afd4fb618c810b6b,2,5,0.4411975943412165,0.5343879205935632,0.09319032625234669,True,True,False,0,True
test,47d7bd38284cac71afd4fb618c810b6b,3,5,0.4411975943412165,0.5905927763928845,0.14939518205166802,True,True,False,0,True
test,47d7bd38284cac71afd4fb618c810b6b,4,5,0.4411975943412165,0.6156621185675737,0.17446452422635716,True,True,False,0,True
test,47d7bd38284cac71afd4fb618c810b6b,5,5,0.4411975943412165,0.6156621185675737,0.17446452422635716,True,True,False,0,True
valid,2545865a7855db1c3ffd110faf83261a,2,2,0.4613258980678403,0.6218184970151139,0.16049259894727363,True,True,False,7,False
valid,fbe0baec4dd1bdab2071fa89f4921473,2,2,0.4432173258967319,0.5631434027242321,0.11992607682750023,True,True,False,0,True
valid,89ba725dafc2f8bce0db73d323a687c2,2,2,0.5612771069546239,0.6962516193949386,0.13497451244031478,True,True,False,0,True
test,b9ba0d763542807cc21f8fcd54d80f6b,2,2,0.4905720098775268,0.6247522910041936,0.1341802811266668,True,True,False,1,False
valid,a64c966ded5ec513f096d9c253e03bea,2,2,0.41612629277144775,0.4446892847462359,0.028562991974788177,False,True,True,0,True
valid,1212c7b1c4195950e99e75fa6ec2a309,2,2,0.5037576372538675,0.7026208774391514,0.1988632401852839,True,True,False,0,True
test,dbf8b161073da5d187b1b739a7dc9b86,2,3,0.38452221235973905,0.4911375695072445,0.10661535714750547,False,True,True,0,True
test,dbf8b161073da5d187b1b739a7dc9b86,3,3,0.38452221235973905,0.5210505601729163,0.13652834781317724,False,True,True,0,True
test,eb0055f08e77f2000bff9a54e9d1b6fe,2,3,0.3647749130827044,0.48858403253226046,0.12380911944955608,False,True,True,0,True
test,eb0055f08e77f2000bff9a54e9d1b6fe,3,3,0.3647749130827044,0.5364850663139089,0.17171015323120453,False,True,True,0,True
test,2000818e65ff6ebca35463a38c0fb42a,2,2,0.4652136567071615,0.6166515960981882,0.15143793939102668,True,True,False,0,True
test,d249d420eb15829afbff9cc458eddcbd,2,2,0.378418918525093,0.5433714945508531,0.16495257602576008,False,True,True,0,True
valid,33bfe472174712c99483919c79e837cd,2,3,0.613786520508105,0.7049955512962296,0.09120903078812459,True,True,False,4,False
valid,33bfe472174712c99483919c79e837cd,3,3,0.613786520508105,0.6648796260730728,0.05109310556496782,True,True,False,4,False
test,0afd81117f1c67a42890fb705304cb8d,2,2,0.4973494526780411,0.5999180268775626,0.10256857419952148,True,True,False,0,True
test,a8f2de0bd364d148696276ada61777f7,2,2,0.6286273642270384,0.6640066126614785,0.03537924843444018,True,True,False,0,True
valid,094067c0f56b5d0a4dbad0aa60bd26a6,2,2,0.29935636923373543,0.39540891676809464,0.09605254753435921,False,False,False,8,False
valid,905cf34043925642f36abb99eea3f3d6,2,2,0.4717037458399239,0.5565343663346916,0.08483062049476764,True,True,False,0,True
test,8b531c937807bb67b6cfb0afa1be6ee3,2,2,0.501083761656208,0.5972069446052717,0.09612318294906363,True,True,False,0,True
test,12fb2d2b590f7359e3b473456bd1ca87,2,2,0.41807170851812614,0.5829653430134533,0.16489363449532712,False,True,True,0,True
test,607e1a17f3e649f24abe13bb0dd25abe,2,4,0.32101845138341667,0.5737710863812175,0.2527526349978009,False,True,True,0,True
test,607e1a17f3e649f24abe13bb0dd25abe,3,4,0.32101845138341667,0.5553577954075339,0.23433934402411727,False,True,True,0,True
test,607e1a17f3e649f24abe13bb0dd25abe,4,4,0.32101845138341667,0.5553577954075339,0.23433934402411727,False,True,True,0,True
valid,f26c31dc999a7994a4369c805f0bd029,2,6,0.5167530117329109,0.6893961435731033,0.17264313184019242,True,True,False,0,True
valid,f26c31dc999a7994a4369c805f0bd029,3,6,0.5167530117329109,0.7313832391399789,0.21463022740706805,True,True,False,0,True
valid,f26c31dc999a7994a4369c805f0bd029,4,6,0.5167530117329109,0.7257048514579298,0.20895183972501896,True,True,False,0,True
valid,f26c31dc999a7994a4369c805f0bd029,5,6,0.5167530117329109,0.7257048514579298,0.20895183972501896,True,True,False,0,True
valid,f26c31dc999a7994a4369c805f0bd029,6,6,0.5167530117329109,0.7257048514579298,0.20895183972501896,True,True,False,0,True
valid,ba35aab992c4504d63730c89ccc35613,2,3,0.30476130065545837,0.3762995866249862,0.07153828596952783,False,False,False,0,True
valid,ba35aab992c4504d63730c89ccc35613,3,3,0.30476130065545837,0.4085430822253572,0.10378178156989881,False,False,False,0,True
test,119da8fe76c893e189ee759f82bbc8d6,2,2,0.5977262378879382,0.6917545881058367,0.09402835021789846,True,True,False,8,False
test,5f8e6b43489b35766d4f7bb92eece010,2,2,0.41591379182578736,0.55445119571517,0.13853740388938263,False,True,True,0,True
valid,a230831f141fb1ecd55fad0ccf993ee6,2,2,0.3892294069788427,0.5251477216331835,0.1359183146543408,False,True,True,0,True
test,84c8e85801737b1626fa898ede7682b0,2,2,0.5476265254767392,0.6681191943285658,0.12049266885182663,True,True,False,8,False
valid,4f438e923ccae9cd39d299ecb138a4c0,2,3,0.3948119595387307,0.4787252296189227,0.083913270080192,False,True,True,10,False
valid,4f438e923ccae9cd39d299ecb138a4c0,3,3,0.3948119595387307,0.43127384010602476,0.03646188056729405,False,False,False,10,False
test,60c87cb052b29472f04df29bf16b2d47,2,2,0.38025726181822495,0.5473843244251866,0.16712706260696164,False,True,True,0,True
valid,8de1aae5083a3fd8914d84cfcf07dbbd,2,2,0.44857391660160784,0.5461669462927699,0.09759302969116201,True,True,False,5,False
test,1446ae966d68c3abad1ca3a3ce58033e,2,6,0.5830838021745418,0.6158459751421925,0.032762172967650716,True,True,False,0,True
test,1446ae966d68c3abad1ca3a3ce58033e,3,6,0.5830838021745418,0.6412092111399299,0.05812540896538809,True,True,False,0,True
test,1446ae966d68c3abad1ca3a3ce58033e,4,6,0.5830838021745418,0.6499146937684697,0.06683089159392785,True,True,False,0,True
test,1446ae966d68c3abad1ca3a3ce58033e,5,6,0.5830838021745418,0.6499146937684697,0.06683089159392785,True,True,False,0,True
test,1446ae966d68c3abad1ca3a3ce58033e,6,6,0.5830838021745418,0.6499146937684697,0.06683089159392785,True,True,False,0,True
valid,7b07cef881924b566432e1343e5dba8a,2,2,0.293164300464544,0.37543703874248335,0.08227273827793935,False,False,False,10,False
valid,f11cc2cb015566e4f853920015ae8cf0,2,2,0.3654664669597768,0.5257135118834827,0.1602470449237059,False,True,True,0,True
valid,4fc24c6e6c09b89f876806e55dc8fcda,2,2,0.34666528606521285,0.3389547493848981,-0.007710536680314739,False,False,False,0,True
valid,2b0fac8016e16d2f605fcaf2c3a8db95,2,2,0.2967887819878581,0.4742397469877744,0.1774509649999163,False,True,True,0,True
test,c1dcb1e220fb7a81105d999aac3e0b2f,2,2,0.40630780264308664,0.5993493549584425,0.1930415523153559,False,True,True,0,True
test,d76b164e4e70f560ba7c2d4f155b09d7,2,2,0.5119261384112943,0.6519246392927431,0.13999850088144883,True,True,False,0,True
test,cc386d88850ca6f0931002051ac835d8,2,2,0.5393026574238355,0.5768457398938718,0.03754308247003624,True,True,False,0,True
test,15513623d17d4fbfb1fc871c176e9f75,2,2,0.6131437582700343,0.594486815276523,-0.018656942993511283,True,True,False,0,True
valid,39730c5c34015c1ef1cc42708264b56d,2,3,0.38793388636967874,0.44610572189195197,0.05817183552227323,False,True,True,0,True
valid,39730c5c34015c1ef1cc42708264b56d,3,3,0.38793388636967874,0.4266777796543806,0.03874389328470185,False,False,False,0,True
test,1ce94e846b53c3ed9a075323a8dbe580,2,2,0.41924324070607677,0.5310987253407944,0.11185548463471762,False,True,True,0,True
test,e608a62334dc69f423bb65e0a232e064,2,4,0.5113374069436587,0.6452783199652363,0.13394091302157762,True,True,False,0,True
test,e608a62334dc69f423bb65e0a232e064,3,4,0.5113374069436587,0.6311761042106481,0.11983869726698937,True,True,False,0,True
test,e608a62334dc69f423bb65e0a232e064,4,4,0.5113374069436587,0.6311761042106481,0.11983869726698937,True,True,False,0,True
valid,275d92b213bfe10256116957faea6d60,2,2,0.4743343242428635,0.5660837390157171,0.09174941477285359,True,True,False,0,True
test,fcb8aa0e937269c1e87318bfc217d018,2,2,0.4034742300612607,0.5780825178868174,0.1746082878255567,False,True,True,0,True
valid,9adf7bcff8c641aa286f3dbb963148ab,2,2,0.4671045852034953,0.5774683453858459,0.11036376018235061,True,True,False,0,True
valid,cf937bac66a020cc0077490569f3465b,2,2,0.5285688115954339,0.6312530526446506,0.1026842410492167,True,True,False,8,False
test,8f95a252fcb4d9163d1f674ac0c746bb,2,2,0.7386468365561631,0.5567921089624334,-0.18185472759372978,True,True,False,7,False
test,914ccbb5110ed49b96c301b5fbf8d629,2,2,0.45451558181942375,0.6369564622188056,0.1824408803993819,True,True,False,0,True
test,f29b1fdd44f820a916d3f1946a88c333,2,2,0.4849193738563281,0.6330652138905013,0.1481458400341732,True,True,False,0,True
test,98c8ce34fb87be20f449264f5ff6fb35,2,4,0.43626056898635857,0.6344954569887394,0.19823488800238087,False,True,True,0,True
test,98c8ce34fb87be20f449264f5ff6fb35,3,4,0.43626056898635857,0.5862607075153226,0.150000138528964,False,True,True,0,True
test,98c8ce34fb87be20f449264f5ff6fb35,4,4,0.43626056898635857,0.5833740529493283,0.14711348396296975,False,True,True,0,True
test,daaa1175302ea22f08aede6bd5bee8bf,2,2,0.37455595758397997,0.5710883216957701,0.1965323641117901,False,True,True,0,True
valid,edc13c926d0553c5c63666905a3adb6b,2,4,0.25211814213820627,0.3547407701711609,0.10262262803295463,False,False,False,0,True
valid,edc13c926d0553c5c63666905a3adb6b,3,4,0.25211814213820627,0.37367928534608263,0.12156114320787637,False,False,False,0,True
valid,edc13c926d0553c5c63666905a3adb6b,4,4,0.25211814213820627,0.3729156350928561,0.12079749295464981,False,False,False,0,True
test,9fe00e9962846aa199d29a3c3d086afd,2,2,0.4163050852352017,0.6234269108413664,0.20712182560616466,False,True,True,0,True
test,96a8d065c3f2dbde8c6ff7fae00a2f35,2,2,0.5189057518159694,0.6394021088853112,0.12049635706934181,True,True,False,0,True
test,0782e07a7692b86e29c3fcec805b3bfc,2,2,0.44821111364355526,0.4088183850729855,-0.039392728570569746,True,False,False,7,False
test,5f0204c837c9b96a76c8da513f40ab17,2,2,0.6150620357117359,0.7409894336148363,0.12592739790310037,True,True,False,0,True
test,872b07190c0c9c0f13475d2141c4036a,2,2,0.2994595363103655,0.4971110896925105,0.19765155338214502,False,True,True,1,False
test,94e97965ecfd64dee3b0484fb3fc76d7,2,2,0.37630136109697077,0.6984108084320846,0.3221094473351138,False,True,True,7,False
valid,02556030d826438ef986ab5fd723a9a5,2,2,0.5332823144163554,0.642840811690194,0.1095584972738386,True,True,False,0,True
test,f3ac1ae368056ff22ec4aa00b35cf351,2,2,0.6614154129533683,0.5721566984293974,-0.08925871452397083,True,True,False,14,False
test,20cc317e80d8a478c61b30c26edd3f0b,2,2,0.4706270211122079,0.648015203639331,0.17738818252712307,True,True,False,5,False
test,50aee6309ac7a0d4fd5c78ac0d4e5404,2,2,0.3482173278064832,0.5337493217004735,0.18553199389399033,False,True,True,0,True
test,d79cac258c5e81fec5c9738f9b1d2204,2,2,0.64161484632581,0.6729922917295259,0.0313774454037159,True,True,False,0,True
test,a1ad06d866647a0b9ef51b831079fda4,2,2,0.45784999601033227,0.590473480595818,0.13262348458548567,True,True,False,0,True
valid,50fc570b5b9de1500a9e66edcc9d8525,2,6,0.5756019739312455,0.7095642285258413,0.13396225459459588,True,True,False,0,True
valid,50fc570b5b9de1500a9e66edcc9d8525,3,6,0.5756019739312455,0.6729201015913533,0.09731812766010783,True,True,False,0,True
valid,50fc570b5b9de1500a9e66edcc9d8525,4,6,0.5756019739312455,0.6729201015913533,0.09731812766010783,True,True,False,0,True
valid,50fc570b5b9de1500a9e66edcc9d8525,5,6,0.5756019739312455,0.6721357691878651,0.09653379525661965,True,True,False,0,True
valid,50fc570b5b9de1500a9e66edcc9d8525,6,6,0.5756019739312455,0.6721357691878651,0.09653379525661965,True,True,False,0,True
valid,43150008aa4569cfef4be756bd7dbdd3,2,2,0.39696398962973034,0.5288572523391388,0.1318932627094085,False,True,True,0,True
valid,80b8546dc40a96e03d6be3b166ceb025,2,2,0.3729995631129933,0.46078254567976507,0.08778298256677175,False,True,True,0,True
test,8db8ac0784a54cf5f37a83fdc88fa2fa,2,3,0.5188799577317276,0.6694890071194652,0.15060904938773767,True,True,False,4,False
test,8db8ac0784a54cf5f37a83fdc88fa2fa,3,3,0.5188799577317276,0.6410783661002022,0.12219840836847462,True,True,False,3,False
valid,b05c8cc769417646081f2cca46eb35a3,2,2,0.3561387957109685,0.3867509099217986,0.0306121142108301,False,False,False,0,True
test,9c424dd07b069caaaae3ee7fb41ba1d8,2,2,0.3367960814331885,0.5100338377937943,0.1732377563606058,False,True,True,0,True
test,d7d1d0e6c3f409480d2ea528b338e5ca,2,3,0.5040422674203616,0.7263581285591377,0.2223158611387761,True,True,False,9,False
test,d7d1d0e6c3f409480d2ea528b338e5ca,3,3,0.5040422674203616,0.7638091102090204,0.2597668427886588,True,True,False,9,False
test,09268d8b25dd31ae78b464efd453d069,2,2,0.7399827668777545,0.5658322167937264,-0.17415055008402813,True,True,False,12,False
test,5322755defeb2e8863500740172a082b,2,2,0.5844147255615808,0.70731147978353,0.12289675422194923,True,True,False,6,False
valid,19c8e37f78c41e2637545e34bda62bc1,2,2,0.55352109738441,0.6969882807542934,0.1434671833698834,True,True,False,0,True
valid,8aad4d43d259e1f1a9ca1786df7fddfe,2,3,0.5176666050898335,0.6094353368552097,0.09176873176537614,True,True,False,1,False
valid,8aad4d43d259e1f1a9ca1786df7fddfe,3,3,0.5176666050898335,0.6923451359466124,0.17467853085677887,True,True,False,6,False
valid,f1b2f741c002e0bf5f0f63e3b83c1a21,2,2,0.3355991246377644,0.4004398397898198,0.06484071515205536,False,False,False,0,True
test,720eebfd126b48c9ba768e0b74ed00d6,2,3,0.4579713751279082,0.6574532931886543,0.1994819180607461,True,True,False,0,True
test,720eebfd126b48c9ba768e0b74ed00d6,3,3,0.4579713751279082,0.6530208428654747,0.19504946773756648,True,True,False,0,True
valid,b2d779a12592e693ae93fcba3b3969be,2,2,0.4538993407056554,0.62028697684729,0.16638763614163454,True,True,False,0,True
test,6d45b70444c5898d019ee65973019ef7,2,2,0.4972470439931239,0.6148298046876031,0.11758276069447915,True,True,False,0,True
test,a5f860aaf6a3c35399495aefe92d363f,2,3,0.6428013208947287,0.48902346011074793,-0.1537778607839808,True,True,False,0,True
test,a5f860aaf6a3c35399495aefe92d363f,3,3,0.6428013208947287,0.5328217357127458,-0.10997958518198292,True,True,False,0,True
test,480fff17578e0142778efc96128ffab3,2,2,0.5014425880988275,0.683477638371527,0.1820350502726995,True,True,False,1,False
valid,93240f6a90ae9889c692787235e66a0c,2,4,0.41442174689492006,0.5216434784126811,0.10722173151776104,False,True,True,0,True
valid,93240f6a90ae9889c692787235e66a0c,3,4,0.41442174689492006,0.4811451776509753,0.06672343075605525,False,True,True,0,True
valid,93240f6a90ae9889c692787235e66a0c,4,4,0.41442174689492006,0.5889906023760169,0.1745688554810968,False,True,True,13,False
test,5afaa7b618c8776fad63ca23a14a8035,2,2,0.30251134633166454,0.42028905943057604,0.1177777130989115,False,False,False,0,True
test,e8fa22c3673b1dd17ea315021b1f0f61,2,10,0.5573885883527534,0.7549997480408841,0.1976111596881307,True,True,False,0,True
test,e8fa22c3673b1dd17ea315021b1f0f61,3,10,0.5573885883527534,0.7625800121217361,0.2051914237689827,True,True,False,0,True
test,e8fa22c3673b1dd17ea315021b1f0f61,4,10,0.5573885883527534,0.7638679751416277,0.20647938678887434,True,True,False,0,True
test,e8fa22c3673b1dd17ea315021b1f0f61,5,10,0.5573885883527534,0.7638679751416277,0.20647938678887434,True,True,False,0,True
test,e8fa22c3673b1dd17ea315021b1f0f61,6,10,0.5573885883527534,0.7638679751416277,0.20647938678887434,True,True,False,0,True
test,e8fa22c3673b1dd17ea315021b1f0f61,7,10,0.5573885883527534,0.7748296022663921,0.21744101391363868,True,True,False,0,True
test,e8fa22c3673b1dd17ea315021b1f0f61,8,10,0.5573885883527534,0.7794075899438063,0.22201900159105292,True,True,False,0,True
test,e8fa22c3673b1dd17ea315021b1f0f61,9,10,0.5573885883527534,0.8002942589383515,0.2429056705855981,True,True,False,0,True
test,e8fa22c3673b1dd17ea315021b1f0f61,10,10,0.5573885883527534,0.8002942589383515,0.2429056705855981,True,True,False,0,True
test,561f746a88df51356713157ec83fd020,2,2,0.45791454485378946,0.5709618419656337,0.11304729711184425,True,True,False,0,True
valid,d28b5d86a3eed220a736db5a42815270,2,2,0.44602384530997996,0.5547854819657144,0.10876163665573446,True,True,False,0,True
test,e42b66326781591510efdca88022604d,2,3,0.2794526273656708,0.396962614670773,0.1175099873051022,False,False,False,0,True
test,e42b66326781591510efdca88022604d,3,3,0.2794526273656708,0.4742588626517511,0.19480623528608032,False,True,True,0,True
valid,87d3fcab78e748d404ae59a9e90e7834,2,3,0.32626339207437904,0.4913857171389904,0.16512232506461133,False,True,True,0,True
valid,87d3fcab78e748d404ae59a9e90e7834,3,3,0.32626339207437904,0.5344984305234541,0.2082350384490751,False,True,True,0,True
test,0eeae75286b79b40f203057933fbb70b,2,2,0.5479085656595291,0.7489837392798626,0.20107517362033356,True,True,False,8,False
test,7cc93b2925f1d8b88fbcd410b02bc5b5,2,2,0.4985412518864435,0.6241082668704971,0.12556701498405365,True,True,False,0,True
test,56d77c57f5ca7c1b0142b3c86d5e1270,2,3,0.48639847139931325,0.6662798128276426,0.17988134142832934,True,True,False,0,True
test,56d77c57f5ca7c1b0142b3c86d5e1270,3,3,0.48639847139931325,0.701729650743586,0.2153311793442727,True,True,False,0,True
valid,f5370142612f3aa9c1a437ba6eb45b97,2,2,0.46196264200153025,0.6972316752698138,0.23526903326828352,True,True,False,10,False
test,11d963f9aaaf7e748ae831e7ad75775b,2,4,0.6157844171459169,0.5530628550701097,-0.06272156207580726,True,True,False,0,True
test,11d963f9aaaf7e748ae831e7ad75775b,3,4,0.6157844171459169,0.620080779956908,0.004296362810991106,True,True,False,0,True
test,11d963f9aaaf7e748ae831e7ad75775b,4,4,0.6157844171459169,0.6207320108939214,0.004947593748004464,True,True,False,0,True
test,777d025bd646af7e0278d6fb3c51a0f3,2,3,0.35211421084199335,0.4578296202276362,0.10571540938564283,False,True,True,0,True
test,777d025bd646af7e0278d6fb3c51a0f3,3,3,0.35211421084199335,0.5136299387677257,0.16151572792573232,False,True,True,0,True
test,131c6bd0b11c3fc93c3c8dbe45f317e6,2,3,0.4486122226254432,0.6488974079038743,0.2002851852784311,True,True,False,0,True
test,131c6bd0b11c3fc93c3c8dbe45f317e6,3,3,0.4486122226254432,0.6788834332526039,0.23027121062716072,True,True,False,0,True
test,40db427de195f02042ceecb84dfaa2f1,2,2,0.41358750156036306,0.5946506883505421,0.18106318679017908,False,True,True,0,True
test,070f721954fa2416856b2b30e3c3c341,2,2,0.4238084206818874,0.5967489896758279,0.1729405689939405,False,True,True,9,False
test,cef4e03348c70c1c8eee3647083675ab,2,3,0.6339795816289541,0.5820911440761825,-0.051888437552771616,True,True,False,0,True
test,cef4e03348c70c1c8eee3647083675ab,3,3,0.6339795816289541,0.6383542920345073,0.0043747104055532615,True,True,False,1,False
valid,fc124eec9edbb799119308d21bfaea54,2,2,0.4138291766827833,0.514838405790641,0.1010092291078577,False,True,True,0,True
test,e06fdebc12c0419b48541e02526f2292,2,2,0.4866027401601647,0.5991280529703219,0.11252531281015721,True,True,False,0,True
test,2ffc70ec1398e16897e15c034ea5812c,2,2,0.41179244362215206,0.5755113254491628,0.16371888182701078,False,True,True,0,True
test,83e24dbe6e1a79765dd6f8b91066ed00,2,2,0.6163635444807284,0.5555814561069866,-0.06078208837374177,True,True,False,0,True
valid,ff14a3e36b78f407a4e8402572e4edfe,2,4,0.3310475501870461,0.4208791105858629,0.08983156039881679,False,False,False,0,True
valid,ff14a3e36b78f407a4e8402572e4edfe,3,4,0.3310475501870461,0.4269455949992106,0.09589804481216446,False,False,False,0,True
valid,ff14a3e36b78f407a4e8402572e4edfe,4,4,0.3310475501870461,0.4269455949992106,0.09589804481216446,False,False,False,0,True
test,8f1b87d8fb573caa3a4f426564eb3e8d,2,2,0.39494056820569623,0.5174299274030585,0.12248935919736226,False,True,True,0,True
test,47c06c1588f9c9cb71462e6d39893f63,2,5,0.5438146576036296,0.4511626223237857,-0.09265203527984389,True,True,False,0,True
test,47c06c1588f9c9cb71462e6d39893f63,3,5,0.5438146576036296,0.5133005623333489,-0.030514095270280706,True,True,False,0,True
test,47c06c1588f9c9cb71462e6d39893f63,4,5,0.5438146576036296,0.5133005623333489,-0.030514095270280706,True,True,False,0,True
test,47c06c1588f9c9cb71462e6d39893f63,5,5,0.5438146576036296,0.5133005623333489,-0.030514095270280706,True,True,False,0,True
test,3481d4db89ea2b5d86728e8562da1317,2,2,0.5829347136841101,0.6883328840782514,0.10539817039414134,True,True,False,0,True
valid,1162cd6cea2c1d4d79492aef88f50618,2,2,0.3362189047664148,0.46617251026237505,0.12995360549596024,False,True,True,0,True
valid,d1175caace64414de4ca9404ab747e2e,2,2,0.45758959831497614,0.661958825241955,0.2043692269269789,True,True,False,11,False
test,df2c3731dcfbe2f0861182b341c71c82,2,5,0.48652301216435423,0.6850987891610506,0.19857577699669637,True,True,False,0,True
test,df2c3731dcfbe2f0861182b341c71c82,3,5,0.48652301216435423,0.6856573827657941,0.1991343706014399,True,True,False,0,True
test,df2c3731dcfbe2f0861182b341c71c82,4,5,0.48652301216435423,0.6856573827657941,0.1991343706014399,True,True,False,0,True
test,df2c3731dcfbe2f0861182b341c71c82,5,5,0.48652301216435423,0.6856573827657941,0.1991343706014399,True,True,False,0,True
test,6f238ec63bf03937a0f89a630c3dc1f5,2,2,0.5200088086755121,0.6790785423952734,0.1590697337197613,True,True,False,0,True
valid,6e29fafdff2b42dbeca7ed271dea0fc9,2,5,0.42901793285230494,0.5120247533087185,0.08300682045641361,False,True,True,0,True
valid,6e29fafdff2b42dbeca7ed271dea0fc9,3,5,0.42901793285230494,0.5232838206135801,0.0942658877612752,False,True,True,5,False
valid,6e29fafdff2b42dbeca7ed271dea0fc9,4,5,0.42901793285230494,0.5378123741311455,0.10879444127884053,False,True,True,0,True
valid,6e29fafdff2b42dbeca7ed271dea0fc9,5,5,0.42901793285230494,0.5289726263899088,0.09995469353760389,False,True,True,0,True
test,f7cc237b35aef540d178cf5c41095769,2,2,0.5996392774732616,0.6558855652974431,0.05624628782418151,True,True,False,0,True
valid,3e851df052741b8294183d372f0bf1a2,2,3,0.4498327560256765,0.6319534904019246,0.1821207343762481,True,True,False,0,True
valid,3e851df052741b8294183d372f0bf1a2,3,3,0.4498327560256765,0.628883444183576,0.17905068815789948,True,True,False,0,True
valid,a88ebb416476bb5c50111622847afcf8,2,2,0.42342681804766436,0.7158488386109337,0.2924220205632694,False,True,True,9,False
test,2d070e3a721ccc7ea881f090802680ea,2,2,0.37459119885422276,0.6311030698942908,0.256511871040068,False,True,True,11,False
test,e1a9073ab42d6cbd16dcf2aa7d695f6d,2,2,0.46129351818140574,0.5566234924212947,0.09532997423988898,True,True,False,0,True
test,a95233889b00b4d7f6e1469e15bbeb1d,2,2,0.7763019759830406,0.7783897414408805,0.002087765457839841,True,True,False,5,False
test,9c9519dbd0554cfc5c787fdc7fa8ff42,2,2,0.4074797946100608,0.724883960023884,0.3174041654138232,False,True,True,10,False
test,427ab04bb9a88ee00929a510651d77c2,2,3,0.4341907834325348,0.5539984101853401,0.11980762675280532,False,True,True,0,True
test,427ab04bb9a88ee00929a510651d77c2,3,3,0.4341907834325348,0.6204004322373012,0.18620964880476643,False,True,True,14,False
test,46ba2cde3624acc8577b0e45af4c67b9,2,2,0.7660724737132054,0.6542959820930241,-0.11177649162018133,True,True,False,14,False
test,1c7337cab00bdcc8c9aaa8b1c2671a85,2,2,0.43578580046238735,0.6692921139934345,0.23350631353104712,False,True,True,0,True
test,60c821245c90f135828d088e25c3ffb6,2,2,0.44986588896913426,0.6402506620993393,0.19038477313020508,True,True,False,0,True
test,cee3292f46ede6ea1dfabfcb200fcf47,2,2,0.5861413512737261,0.6178920103986518,0.031750659124925695,True,True,False,0,True
test,98889198028c9110a7e574e3969b96cd,2,2,0.5664736042705387,0.6999987466237432,0.13352514235320445,True,True,False,9,False
valid,d8337c037ad19b2a0b903ccfc3e06464,2,3,0.7421544864694871,0.7048186626649964,-0.03733582380449074,True,True,False,5,False
valid,d8337c037ad19b2a0b903ccfc3e06464,3,3,0.7421544864694871,0.7039150490421155,-0.03823943742737157,True,True,False,5,False
test,6369478ccc25c089500c88305545244b,2,2,0.4749167462037378,0.6028001098231444,0.12788336361940655,True,True,False,1,False
valid,161f105f25baba98c7604aad9b99d9a6,2,2,0.32124637335521733,0.47837214580311993,0.1571257724479026,False,True,True,0,True
test,7ff9920174c1d74237a6fcb73299c0a0,2,6,0.4262285031458346,0.5926151861804482,0.16638668303461357,False,True,True,0,True
test,7ff9920174c1d74237a6fcb73299c0a0,3,6,0.4262285031458346,0.6886910597027966,0.26246255655696205,False,True,True,0,True
test,7ff9920174c1d74237a6fcb73299c0a0,4,6,0.4262285031458346,0.7172522128011012,0.2910237096552666,False,True,True,0,True
test,7ff9920174c1d74237a6fcb73299c0a0,5,6,0.4262285031458346,0.7172522128011012,0.2910237096552666,False,True,True,0,True
test,7ff9920174c1d74237a6fcb73299c0a0,6,6,0.4262285031458346,0.7172522128011012,0.2910237096552666,False,True,True,0,True
test,40a0d43c361fd8433d1e982929fd635f,2,2,0.3825969867096414,0.5725654914365301,0.18996850472688875,False,True,True,0,True
test,dbea19894046e3141b3de68811a7c958,2,2,0.6263027157703605,0.6645909948762683,0.03828827910590782,True,True,False,0,True
valid,2b4d04cfb81d2dbb1ab48f9e2a7ac6b9,2,6,0.373915805888563,0.5101942897537075,0.13627848386514452,False,True,True,1,False
valid,2b4d04cfb81d2dbb1ab48f9e2a7ac6b9,3,6,0.373915805888563,0.4980447353875893,0.12412892949902632,False,True,True,1,False
valid,2b4d04cfb81d2dbb1ab48f9e2a7ac6b9,4,6,0.373915805888563,0.4980447353875893,0.12412892949902632,False,True,True,1,False
valid,2b4d04cfb81d2dbb1ab48f9e2a7ac6b9,5,6,0.373915805888563,0.5855072891617821,0.21159148327321908,False,True,True,0,True
valid,2b4d04cfb81d2dbb1ab48f9e2a7ac6b9,6,6,0.373915805888563,0.5855072891617821,0.21159148327321908,False,True,True,0,True
valid,4dae17135a98e9bd142551fd799f7b0f,2,2,0.3047358634999662,0.47632330363848696,0.17158744013852079,False,True,True,0,True
test,afe00f151e2a9c5924b2edb95736c11c,2,6,0.4227909773111105,0.5995145817342161,0.17672360442310564,False,True,True,0,True
test,afe00f151e2a9c5924b2edb95736c11c,3,6,0.4227909773111105,0.5831688280749108,0.1603778507638003,False,True,True,0,True
test,afe00f151e2a9c5924b2edb95736c11c,4,6,0.4227909773111105,0.5831688280749108,0.1603778507638003,False,True,True,0,True
test,afe00f151e2a9c5924b2edb95736c11c,5,6,0.4227909773111105,0.5710308143461172,0.14823983703500676,False,True,True,0,True
test,afe00f151e2a9c5924b2edb95736c11c,6,6,0.4227909773111105,0.5710308143461172,0.14823983703500676,False,True,True,0,True
valid,ff2a353ee8dfd97ba95c73cca4ed2636,2,2,0.5601864647065574,0.5706113768526253,0.010424912146067888,True,True,False,9,False
test,bb82809ea3ca9f3edbe589b60e14e0cb,2,6,0.4472204118077425,0.6124854951391578,0.16526508333141532,True,True,False,3,False
test,bb82809ea3ca9f3edbe589b60e14e0cb,3,6,0.4472204118077425,0.7097483583700597,0.26252794656231715,True,True,False,3,False
test,bb82809ea3ca9f3edbe589b60e14e0cb,4,6,0.4472204118077425,0.7097483583700597,0.26252794656231715,True,True,False,3,False
test,bb82809ea3ca9f3edbe589b60e14e0cb,5,6,0.4472204118077425,0.6821603325533651,0.23493992074562253,True,True,False,3,False
test,bb82809ea3ca9f3edbe589b60e14e0cb,6,6,0.4472204118077425,0.6917443207920559,0.24452390898431342,True,True,False,3,False
valid,c4a8606aecc96f014ba9ebac203d0e19,2,2,0.5440021384723686,0.7189457411592844,0.1749436026869159,True,True,False,0,True
test,3fed420f0e0d468c546de1be02bf7642,2,2,0.3784978790586937,0.7042133773499653,0.32571549829127155,False,True,True,10,False
test,743a2890a6d3f095530d9de1966c7434,2,2,0.3792871549059361,0.5760992086486105,0.1968120537426744,False,True,True,0,True
valid,0dca3fc331e8c1be1dd82ecb2689f3af,2,3,0.41788770083813487,0.6512082193041726,0.23332051846603774,False,True,True,0,True
valid,0dca3fc331e8c1be1dd82ecb2689f3af,3,3,0.41788770083813487,0.6813274500117483,0.26343974917361346,False,True,True,0,True
valid,c61762adaef391522b6b437cfe8a40bc,2,4,0.4413788926798946,0.5196048416589999,0.07822594897910529,True,True,False,0,True
valid,c61762adaef391522b6b437cfe8a40bc,3,4,0.4413788926798946,0.5289473100246649,0.08756841734477028,True,True,False,0,True
valid,c61762adaef391522b6b437cfe8a40bc,4,4,0.4413788926798946,0.5300423082888588,0.08866341560896418,True,True,False,0,True
test,e9e702d3e92379f53b4805d98c094bd7,2,2,0.38766590673521095,0.7372934190792447,0.3496275123440338,False,True,True,7,False
valid,a9db785c3c219acb88a8a8c594045493,2,3,0.4800810467653115,0.5662602343420173,0.08617918757670584,True,True,False,0,True
valid,a9db785c3c219acb88a8a8c594045493,3,3,0.4800810467653115,0.6248742784304175,0.14479323166510605,True,True,False,0,True
test,7d68f1da2ad6d6fa877e000788daf541,2,4,0.5465012976402802,0.6894805380942634,0.14297924045398314,True,True,False,9,False
test,7d68f1da2ad6d6fa877e000788daf541,3,4,0.5465012976402802,0.7543951198715507,0.2078938222312705,True,True,False,0,True
test,7d68f1da2ad6d6fa877e000788daf541,4,4,0.5465012976402802,0.7205320129621996,0.17403071532191938,True,True,False,9,False
valid,b0064e58c06714b8e6d9f3d5e713e416,2,4,0.38047879808881446,0.6506177936572677,0.2701389955684532,False,True,True,0,True
valid,b0064e58c06714b8e6d9f3d5e713e416,3,4,0.38047879808881446,0.684899367623995,0.3044205695351805,False,True,True,0,True
valid,b0064e58c06714b8e6d9f3d5e713e416,4,4,0.38047879808881446,0.684899367623995,0.3044205695351805,False,True,True,0,True
test,b83d3a21b98b819697f37668a420a43e,2,2,0.38886056570575256,0.5717055544304863,0.18284498872473376,False,True,True,7,False
test,293f1f31a342e210ff008a393e2955bd,2,3,0.37055010865052396,0.5160869338453229,0.14553682519479894,False,True,True,5,False
test,293f1f31a342e210ff008a393e2955bd,3,3,0.37055010865052396,0.5288704922409473,0.15832038359042333,False,True,True,5,False
valid,6adf9dc8f61973b774685e0a029ea267,2,2,0.41590041743740436,0.48450578820402757,0.06860537076662321,False,True,True,0,True
valid,a3fe72e4a708a8e7c2d2b686d3a457ac,2,2,0.4415056700854887,0.5545433599717107,0.11303768988622198,True,True,False,0,True
test,422582e02b67ce7dc6b05417796ee525,2,2,0.3130516872294372,0.5027244063138314,0.1896727190843942,False,True,True,0,True
valid,31a1db6df7cda3d38d977182b46e8b88,2,2,0.3638181583066189,0.44224595825594426,0.07842779994932536,False,True,True,0,True
test,ac65ff1f59ff445000702d333af9e1d1,2,3,0.5414575885252925,0.6898535328753574,0.14839594435006498,True,True,False,0,True
test,ac65ff1f59ff445000702d333af9e1d1,3,3,0.5414575885252925,0.7297584790491984,0.18830089052390597,True,True,False,0,True
test,f176421e9956528da385eb686f70b7c1,2,4,0.44097894926481407,0.6037097482379195,0.16273079897310538,True,True,False,5,False
test,f176421e9956528da385eb686f70b7c1,3,4,0.44097894926481407,0.505520550680782,0.06454160141596799,True,True,False,8,False
test,f176421e9956528da385eb686f70b7c1,4,4,0.44097894926481407,0.6431067958071628,0.20212784654234872,True,True,False,8,False
valid,6ab619528b4d0524453b2d39e45cbd57,2,2,0.4380004886767487,0.6269531811952667,0.18895269251851798,False,True,True,0,True
test,e756c16a8426f61eb4298bd6f590556b,2,2,0.3862396354602784,0.537009655417115,0.1507700199568366,False,True,True,0,True
test,c5bdd8ef3c0ec420232e668302179113,2,2,0.44221047860284135,0.7212755900180527,0.2790651114152114,True,True,False,11,False
test,bcbc83ec3dc71750aff96a593b9e280f,2,2,0.4758409365656925,0.6864145689217018,0.21057363235600934,True,True,False,1,False
test,a0e747c954a595b0e3458c87ab1a4958,2,5,0.5709394674061701,0.6479214113762036,0.07698194397003355,True,True,False,0,True
test,a0e747c954a595b0e3458c87ab1a4958,3,5,0.5709394674061701,0.6537586584927052,0.08281919108653513,True,True,False,0,True
test,a0e747c954a595b0e3458c87ab1a4958,4,5,0.5709394674061701,0.6694182727474358,0.09847880534126574,True,True,False,0,True
test,a0e747c954a595b0e3458c87ab1a4958,5,5,0.5709394674061701,0.6694182727474358,0.09847880534126574,True,True,False,0,True
test,dbcb89699a4736bcef1373eb9d8ae5d1,2,2,0.32130217025640184,0.48653432489607396,0.1652321546396721,False,True,True,0,True
test,21359e988a499d8217626005d16a61d6,2,2,0.44907512887716095,0.6304983650117901,0.18142323613462918,True,True,False,0,True
test,eb854e76ca9b5d2e3bbba2a72622fd27,2,2,0.4951172516082538,0.6757926626196202,0.18067541101136642,True,True,False,0,True
test,8cd448ae996563c19d5a2fc92c37a00b,2,2,0.5335995020808603,0.7094942639777785,0.17589476189691822,True,True,False,0,True
test,a1c6f504575eb7ce4a5194a3af7316e0,2,2,0.4222041540220377,0.5721052873664862,0.14990113334444854,False,True,True,4,False
valid,c8b09d2fb2d0f23332a7e6a4e5e43d66,2,2,0.3602474286745161,0.4917675458781785,0.1315201172036624,False,True,True,0,True
test,be79be86dd136655ce16f35875950995,2,2,0.40167873987279623,0.5551749748266718,0.15349623495387554,False,True,True,10,False
valid,6689c518166b603faf8f0bc048fae5eb,2,3,0.47114502011675663,0.5830620935724441,0.11191707345568747,True,True,False,0,True
valid,6689c518166b603faf8f0bc048fae5eb,3,3,0.47114502011675663,0.6364589234450289,0.16531390332827223,True,True,False,0,True
test,2efe3d3b0ddc295d2ce1c43f021078cb,2,6,0.4585920095240661,0.46504903517451013,0.006457025650444037,True,True,False,0,True
test,2efe3d3b0ddc295d2ce1c43f021078cb,3,6,0.4585920095240661,0.505710347283133,0.04711833775906693,True,True,False,0,True
test,2efe3d3b0ddc295d2ce1c43f021078cb,4,6,0.4585920095240661,0.5043840282004926,0.04579201867642646,True,True,False,0,True
test,2efe3d3b0ddc295d2ce1c43f021078cb,5,6,0.4585920095240661,0.4974228923341337,0.038830882810067635,True,True,False,0,True
test,2efe3d3b0ddc295d2ce1c43f021078cb,6,6,0.4585920095240661,0.4974228923341337,0.038830882810067635,True,True,False,0,True
valid,8d9bb53f1ee340156de88d6a3aa01344,2,2,0.4937290554604644,0.6203007873364088,0.1265717318759444,True,True,False,0,True
valid,d9a4f0796fafbfe369d8156189581cef,2,2,0.46263684281517814,0.6140990809206517,0.15146223810547355,True,True,False,0,True
test,5658e0c28f9e67db30ba9ec22888600e,2,2,0.4286613348943976,0.5927618577539612,0.16410052285956356,False,True,True,5,False
test,f863e4bc27681b1a4ed0bc88b1933fbb,2,2,0.6616463419615097,0.7305818415049712,0.06893549954346145,True,True,False,0,True
valid,f39bc55dec24e38807885e2edef78fb5,2,2,0.34983789979862934,0.466044650741262,0.11620675094263266,False,True,True,0,True
valid,8125fe0b0c7e59423a24402d9cb3ad85,2,4,0.4594071205871857,0.5983929871721689,0.13898586658498324,True,True,False,0,True
valid,8125fe0b0c7e59423a24402d9cb3ad85,3,4,0.4594071205871857,0.6402441888544452,0.18083706826725954,True,True,False,0,True
valid,8125fe0b0c7e59423a24402d9cb3ad85,4,4,0.4594071205871857,0.658143406263417,0.19873628567623136,True,True,False,0,True
test,20887fa4e0df7ed8c8d252ec5e9d4551,2,2,0.5872098045095959,0.6776820118602628,0.09047220735066686,True,True,False,0,True
valid,70b7e94ea46d3e8b5bc12a50186edaf0,2,3,0.5262493107553177,0.5215428341908566,-0.004706476564461104,True,True,False,10,False
valid,70b7e94ea46d3e8b5bc12a50186edaf0,3,3,0.5262493107553177,0.5368533187053057,0.010604007949988059,True,True,False,15,False
test,e838452caf63df94d1fc9a3253734414,2,5,0.7040241917478098,0.5587257881558669,-0.1452984035919429,True,True,False,12,False
test,e838452caf63df94d1fc9a3253734414,3,5,0.7040241917478098,0.6813311727852551,-0.022693018962554712,True,True,False,7,False
test,e838452caf63df94d1fc9a3253734414,4,5,0.7040241917478098,0.6830188023383874,-0.021005389409422426,True,True,False,7,False
test,e838452caf63df94d1fc9a3253734414,5,5,0.7040241917478098,0.5785698709530319,-0.12545432079477792,True,True,False,12,False
valid,59e88b7d3675e89aceaf86f372d3bc9a,2,2,0.48134128871933524,0.5386461848137409,0.0573048960944057,True,True,False,0,True
valid,ade2cfaa99535244a44133b4116c7f05,2,2,0.3879208768723168,0.45687713290690135,0.06895625603458455,False,True,True,0,True
test,466788a67857c13f5cda29829a296a92,2,2,0.42629238593433016,0.5971893162650499,0.17089693033071973,False,True,True,0,True
test,34f9adeb19b3048fe136cfc0fd8340a1,2,2,0.653797883680545,0.6403504290860529,-0.013447454594492148,True,True,False,0,True
valid,3d6002f122e72a5d6e07d4c54e79e3a4,2,4,0.47800272256474285,0.6126203603518052,0.13461763778706237,True,True,False,0,True
valid,3d6002f122e72a5d6e07d4c54e79e3a4,3,4,0.47800272256474285,0.6554861197591572,0.1774833971944143,True,True,False,0,True
valid,3d6002f122e72a5d6e07d4c54e79e3a4,4,4,0.47800272256474285,0.6527964099806058,0.17479368741586299,True,True,False,0,True
valid,e18ebd6286697a3f0f6fe267d8286cb2,2,2,0.5942656613340778,0.43510846773656986,-0.1591571935975079,True,False,False,17,False
valid,042e14b2dcf81a8468a49c14d28036c9,2,2,0.39015649421768817,0.5486547513000193,0.15849825708233112,False,True,True,0,True
test,77715dc96ea49747370a3a70f405f66c,2,2,0.4368620004251027,0.6086428091451732,0.1717808087200705,False,True,True,0,True
test,88116b0150974240461df371862faa33,2,4,0.45089258403844124,0.6350442905699343,0.18415170653149304,True,True,False,0,True
test,88116b0150974240461df371862faa33,3,4,0.45089258403844124,0.630282793298444,0.17939020926000282,True,True,False,0,True
test,88116b0150974240461df371862faa33,4,4,0.45089258403844124,0.630282793298444,0.17939020926000282,True,True,False,0,True
valid,2f8f7c6485b2474109aedb21aa766600,2,2,0.34367327957537297,0.45222050703320804,0.10854722745783507,False,True,True,0,True
test,b899a41fdae17968d357d705b073a5ce,2,2,0.36889336056672983,0.5688393026036471,0.1999459420369173,False,True,True,0,True
valid,3af9281b481b20ca510841d14e7e3138,2,2,0.4022234869369161,0.4847500237491136,0.08252653681219746,False,True,True,0,True
test,ac899f448f474ceb27b400ce38f25bc2,2,3,0.7310245996865237,0.5991196849523162,-0.1319049147342075,True,True,False,7,False
test,ac899f448f474ceb27b400ce38f25bc2,3,3,0.7310245996865237,0.67904995543499,-0.05197464425153364,True,True,False,7,False
test,44ca3a6e88412fa58bacabe95656aa63,2,6,0.4569482312225751,0.684126806197692,0.22717857497511684,True,True,False,0,True
test,44ca3a6e88412fa58bacabe95656aa63,3,6,0.4569482312225751,0.6976254066918705,0.24067717546929535,True,True,False,0,True
test,44ca3a6e88412fa58bacabe95656aa63,4,6,0.4569482312225751,0.6976254066918705,0.24067717546929535,True,True,False,0,True
test,44ca3a6e88412fa58bacabe95656aa63,5,6,0.4569482312225751,0.6927544795317626,0.2358062483091875,True,True,False,0,True
test,44ca3a6e88412fa58bacabe95656aa63,6,6,0.4569482312225751,0.6927544795317626,0.2358062483091875,True,True,False,0,True
valid,92560dc666cfdbb5594319d742457b6c,2,2,0.6225512472398868,0.6605513992073105,0.03800015196742379,True,True,False,0,True
test,4edb6ef70ac1110853f2faae2794ac6a,2,2,0.5776953702864644,0.6001860584687406,0.022490688182276175,True,True,False,0,True
valid,d04690bea446315563a9f2752ff88e9f,2,2,0.27924490859648565,0.2932888587302829,0.014043950133797223,False,False,False,0,True
test,e985c1050ad17116e8f5187e8ff1bf0b,2,3,0.3918922148126799,0.47025576609732134,0.07836355128464145,False,True,True,0,True
test,e985c1050ad17116e8f5187e8ff1bf0b,3,3,0.3918922148126799,0.4413697609131447,0.04947754610046484,False,True,True,0,True
valid,857dfb7747277538e123a9086b873cc7,2,2,0.5199819834077379,0.5885428082434311,0.06856082483569315,True,True,False,0,True
test,59c1a8b3cbb65f342ab100aedd060642,2,2,0.40690148888171884,0.5842019826693692,0.17730049378765034,False,True,True,0,True
valid,0f678c7e594e9fd0203bb134c9bdf778,2,2,0.40267254759298776,0.48523974459819963,0.08256719700521187,False,True,True,0,True
valid,8c2229deafefb723ff789527ab51be01,2,3,0.5641479511683374,0.5853021347279141,0.021154183559576767,True,True,False,9,False
valid,8c2229deafefb723ff789527ab51be01,3,3,0.5641479511683374,0.446372024900516,-0.11777592626782141,True,True,False,13,False
test,0c3d62f1aa70d604db3bc56082aee4ca,2,2,0.3790120817831135,0.5574634313445777,0.17845134956146413,False,True,True,0,True
valid,91ce0f04ca8d482871b98215199592f7,2,2,0.3200015000770904,0.4395479306298006,0.11954643055271019,False,False,False,0,True
valid,0a8bacdc71ec2a99fcc75baf60f64439,2,2,0.46386969721607074,0.5882076685702147,0.12433797135414393,True,True,False,0,True
test,16311a0494e6db86617bc4486d9f1e9e,2,3,0.3811014183279682,0.502161870403786,0.12106045207581784,False,True,True,1,False
test,16311a0494e6db86617bc4486d9f1e9e,3,3,0.3811014183279682,0.5218532488893426,0.1407518305613744,False,True,True,0,True
valid,4211e9c52967c6118ba50e4efde875a5,2,3,0.4053192659780033,0.4484945513282047,0.04317528535020143,False,True,True,0,True
valid,4211e9c52967c6118ba50e4efde875a5,3,3,0.4053192659780033,0.46216854400891094,0.05684927803090767,False,True,True,0,True
valid,30b3d49467327cdceed755f76dc8d3f1,2,2,0.5204974223561798,0.6703982860387865,0.1499008636826067,True,True,False,0,True
test,0d8b3fb610ae4ac24891052ed60e8a2a,2,2,0.7255043364980942,0.7740405664155463,0.0485362299174521,True,True,False,0,True
test,f38e0a45ef125f0214a3edaa9ea48098,2,2,0.41579590615586515,0.6014152347550854,0.18561932859922026,False,True,True,0,True
test,c49be9a11fd13933307cc6a19b03a895,2,6,0.37074517577774657,0.5452714188052359,0.17452624302748931,False,True,True,0,True
test,c49be9a11fd13933307cc6a19b03a895,3,6,0.37074517577774657,0.5643630831988742,0.1936179074211276,False,True,True,0,True
test,c49be9a11fd13933307cc6a19b03a895,4,6,0.37074517577774657,0.5794784442647449,0.20873326848699836,False,True,True,0,True
test,c49be9a11fd13933307cc6a19b03a895,5,6,0.37074517577774657,0.5794784442647449,0.20873326848699836,False,True,True,0,True
test,c49be9a11fd13933307cc6a19b03a895,6,6,0.37074517577774657,0.5794784442647449,0.20873326848699836,False,True,True,0,True
test,8a11d6c9768fa4f00f1243ebf56d268e,2,2,0.4048656598808148,0.49809295117416574,0.09322729129335094,False,True,True,0,True
valid,0008288aa423d2a3f00fcb17cd7d8719,2,2,0.364766732925747,0.44332190624941903,0.07855517332367201,False,True,True,0,True
test,f9d9904f1f957c0fd0bf82dc3568936b,2,2,0.517267203920921,0.7121988125881994,0.19493160866727843,True,True,False,10,False
test,51a6c901712ba9639464fa07a52b4fa2,2,2,0.44270237800293,0.5458319768901752,0.10312959888724516,True,True,False,0,True
test,9170186c3e28b22507dbc91c0da211ef,2,2,0.3406443563195882,0.5269157088891152,0.18627135256952698,False,True,True,0,True
test,b266a615d9ff23b8e03709df89329b1a,2,3,0.24932792954293792,0.5007453583343573,0.2514174287914194,False,True,True,11,False
test,b266a615d9ff23b8e03709df89329b1a,3,3,0.24932792954293792,0.523774995466533,0.27444706592359513,False,True,True,11,False
valid,76a095b03f5bf762b7cc1befb3e5badc,2,2,0.3733784176292517,0.41719718651302273,0.04381876888377101,False,False,False,1,False
test,38087366c0a89663a80cea26cc8c0aba,2,2,0.5037714856978208,0.647266577404471,0.1434950917066502,True,True,False,8,False
valid,64e5cb1dfa641be49d6baa62b8f41b9c,2,3,0.5824935973851071,0.5232886312068938,-0.05920496617821325,True,True,False,12,False
valid,64e5cb1dfa641be49d6baa62b8f41b9c,3,3,0.5824935973851071,0.4658968799004284,-0.1165967174846787,True,True,False,12,False
valid,54ba13fda17f8cf8f1f57095a2c7c026,2,2,0.3849192762031808,0.5363390285597394,0.15141975235655858,False,True,True,0,True
test,c51ed3d77baf76974358a156521bbd16,2,2,0.6422818914517656,0.6813087479530926,0.03902685650132698,True,True,False,0,True
test,ab463224aae0075d819f1a6a7d99e9ab,2,2,0.455555956646988,0.5738930173428878,0.11833706069589978,True,True,False,0,True
valid,b2cf020b24748745f3e8e4d06f9b988c,2,2,0.5191728916260333,0.6173917161406148,0.09821882451458153,True,True,False,0,True
test,0807b732c1e7621078473cec87389c8d,2,2,0.4387958998975041,0.6740646927304914,0.2352687928329873,False,True,True,3,False
test,61769896c818f7de2c326dfef69551a6,2,2,0.3535171181316874,0.45814803671562565,0.10463091858393825,False,True,True,0,True
test,9fe28378e5a0c6b3f55ed7be6edf9ff4,2,2,0.4600959278680875,0.6198478278423545,0.15975189997426698,True,True,False,0,True
test,e681b9d741ce6a1913e86b6351105a55,2,2,0.4192676425372399,0.6755568352580917,0.2562891927208518,False,True,True,0,True
test,c901aee1a796480fc91d75a1214eb170,2,2,0.4698943157117359,0.6309289093582231,0.1610345936464872,True,True,False,0,True
test,33d1c541fe62cc7e7de82f1a6f7209f1,2,3,0.41947427711840035,0.5630085419873512,0.14353426486895082,False,True,True,0,True
test,33d1c541fe62cc7e7de82f1a6f7209f1,3,3,0.41947427711840035,0.4910484108792432,0.07157413376084287,False,True,True,0,True
valid,05393e8d9957461611ec8c8d55b13c02,2,2,0.5018578628980885,0.6400303754893087,0.1381725125912202,True,True,False,0,True
test,d744f890bf27c2aa635c5d82b2ca0c8a,2,2,0.5456132414210872,0.5987703362996525,0.053157094878565236,True,True,False,13,False
test,cfded93c357af3d14aa46a32aeeb48db,2,2,0.4388416828835192,0.6181003804317865,0.1792586975482673,False,True,True,0,True
valid,bac84a37ff8746de71d3ba5a6aadecdd,2,2,0.46082084404256785,0.5912555805972515,0.13043473655468363,True,True,False,0,True
valid,8ed04b54dcdfc2f9daeafb5aa0411644,2,2,0.4817963846836426,0.5951808131328655,0.11338442844922292,True,True,False,0,True
test,bccbe20275c5ca847160e9ca42aa220d,2,2,0.6183269424720426,0.6828755900799851,0.06454864760794254,True,True,False,9,False
valid,0332758ed6bf8f4c1ffa5b6bf5b5725d,2,2,0.6155877607516255,0.721129394046156,0.10554163329453048,True,True,False,0,True
valid,219c7d529a76ebdffe8380819ee7aa24,2,2,0.5550384963465934,0.6999046683102517,0.14486617196365825,True,True,False,0,True
valid,ef389a7e5f6a3789e5db7366d2805c4a,2,2,0.47191280030832095,0.6511953219897486,0.17928252168142766,True,True,False,0,True
valid,7be469d9b115e2a08cf56be2d9250b8c,2,4,0.5538906204492574,0.5900242559621225,0.03613363551286508,True,True,False,11,False
valid,7be469d9b115e2a08cf56be2d9250b8c,3,4,0.5538906204492574,0.645637177085493,0.09174655663623554,True,True,False,11,False
valid,7be469d9b115e2a08cf56be2d9250b8c,4,4,0.5538906204492574,0.6648917259147951,0.11100110546553765,True,True,False,11,False
test,458c6e383ce04c24b3033392e56c9283,2,2,0.5171280147119336,0.718232949172639,0.20110493446070543,True,True,False,11,False
test,3a7944a49d196ebec0fc4e5058cab330,2,2,0.4982770618817468,0.6822252495945997,0.18394818771285293,True,True,False,0,True
test,e0820022dc8f9840abec5c1057054ba9,2,2,0.4106886697912919,0.544235747533824,0.13354707774253205,False,True,True,0,True
test,216b8ce59251043404cc3b15cff651fc,2,2,0.7293029869622822,0.6963695099946448,-0.03293347696763749,True,True,False,0,True
test,5bb5e53b117f231e116d1ff1f530c8ce,2,2,0.6045646243465133,0.5678493786026214,-0.036715245743891844,True,True,False,0,True
valid,e5acfcde950aab469e4885712a1cb69f,2,2,0.6155163526841285,0.7273559750201579,0.1118396223360294,True,True,False,1,False
test,df60585f4cb85bc7e7b6531f59920613,2,2,0.5692455453647312,0.7202977104416259,0.15105216507689478,True,True,False,0,True
valid,50920d4f86db370248f302f5bc12a9f6,2,4,0.33640839701368597,0.43270821902850065,0.09629982201481468,False,False,False,0,True
valid,50920d4f86db370248f302f5bc12a9f6,3,4,0.33640839701368597,0.46514343450887397,0.128735037495188,False,True,True,0,True
valid,50920d4f86db370248f302f5bc12a9f6,4,4,0.33640839701368597,0.49421293938296396,0.157804542369278,False,True,True,0,True
test,69eb180c9de9dcddefe8a3e8a7ce8016,2,2,0.6239688152162051,0.7221385420888048,0.09816972687259973,True,True,False,0,True
test,616105c9352a9668c38303ad44e056cd,2,2,0.5583008430435583,0.7041322765331811,0.1458314334896228,True,True,False,0,True
test,ab0ccee430e5206071c69ff52e7634c3,2,2,0.41376317286245845,0.5632424395778963,0.14947926671543788,False,True,True,6,False
test,398545ae905dad286c70f01c7e7311e1,2,2,0.48060586620040835,0.6824600064715236,0.20185414027111526,True,True,False,0,True
valid,f54790d8edca7a0fb56626c7a42e984a,2,2,0.28728905911958413,0.3973558889673281,0.11006682984774396,False,False,False,0,True
test,7ac0ea1aae0c98fd853d0baf7108099c,2,2,0.36656420311422067,0.590274232851498,0.22371002973727738,False,True,True,0,True
test,49e84824ae503af008a7cc379ebab409,2,2,0.36604480711241416,0.5466684791550185,0.18062367204260432,False,True,True,0,True
test,39dec6d69a6e574fcd86be266b2b0ee4,2,3,0.586207715525664,0.6026785572293027,0.016470841703638772,True,True,False,0,True
test,39dec6d69a6e574fcd86be266b2b0ee4,3,3,0.586207715525664,0.6305952966476571,0.04438758112199315,True,True,False,0,True
test,dd2a455f0d35a5d964808c72c38a36fd,2,2,0.4880901340169388,0.6023699936052757,0.11427985958833686,True,True,False,0,True
test,dc30763d1665f5167ab925fbb51202f9,2,3,0.4368073887765064,0.6098952990629043,0.17308791028639792,False,True,True,8,False
test,dc30763d1665f5167ab925fbb51202f9,3,3,0.4368073887765064,0.6471569213370417,0.21034953256053535,False,True,True,6,False
test,684f1a4b6559236d68102d69a63c5d45,2,2,0.511917160689485,0.6054638580855412,0.09354669739605614,True,True,False,13,False
test,0f758f5895563ce1892043bc8f17dda1,2,3,0.47481635799645283,0.6195737699523591,0.1447574119559063,True,True,False,0,True
test,0f758f5895563ce1892043bc8f17dda1,3,3,0.47481635799645283,0.6111595674663818,0.13634320946992895,True,True,False,0,True
test,ee55499a08fd5913d6231b4702964354,2,3,0.7454552833241597,0.6235089384777825,-0.12194634484637712,True,True,False,14,False
test,ee55499a08fd5913d6231b4702964354,3,3,0.7454552833241597,0.7565818957081849,0.011126612384025236,True,True,False,0,True
test,cdf7511b632d2a9b53d70b1e24a45e70,2,2,0.6474159132187347,0.6370466449786927,-0.010369268240042029,True,True,False,9,False
valid,4cc9bc748dac6becee93a5f6a4b3a447,2,2,0.37260136553170653,0.46078254567976507,0.08818118014805854,False,True,True,0,True
test,79e22f93f0543b4cc32f9aa333a6df5e,2,2,0.3520659240556898,0.4961807007998992,0.14411477674420936,False,True,True,0,True
test,a17b0f920f100411c57496d41de7aa12,2,2,0.38247809009131173,0.5552497641059894,0.17277167401467763,False,True,True,0,True
valid,08b7104ed7002c5ada9a6751b7a464da,2,2,0.43042270011701,0.47395321668931567,0.043530516572305666,False,True,True,0,True
test,ceb35b18f6b84c1c75f02859ce3160d9,2,3,0.7273674804611753,0.5513414723034387,-0.1760260081577366,True,True,False,17,False
test,ceb35b18f6b84c1c75f02859ce3160d9,3,3,0.7273674804611753,0.6301266900451106,-0.0972407904160647,True,True,False,17,False
test,b4501b36d5c7558b4364a961168f8bfd,2,2,0.5116061382236704,0.7073227425031829,0.19571660427951254,True,True,False,0,True
valid,1a8c121e292cdf1a297a0bfb45858d3a,2,2,0.48637640397892945,0.6352160585927692,0.14883965461383974,True,True,False,0,True
valid,61564e9addb1c6ffb1c964f076591618,2,2,0.6832470219295883,0.6032042380845735,-0.08004278384501484,True,True,False,5,False
valid,06be68018b6226b425f2a633f053b282,2,2,0.49532507272254256,0.6175645364808975,0.12223946375835493,True,True,False,0,True
test,9c7d732e52bedefceae52e7c45d13861,2,2,0.2149202601522736,0.522223727836729,0.3073034676844554,False,True,True,0,True
test,c37d41945512f0cfbcdd0f085bbd04d8,2,2,0.40205974106259623,0.612062096684158,0.21000235562156178,False,True,True,4,False
valid,0f6fb6d733b3a9e800c8aa92abf81584,2,2,0.39811560817189473,0.4344058775378389,0.03629026936594415,False,False,False,0,True
test,a807e37413ae762568568100e439cfb6,2,3,0.6805582758395223,0.7027739165607969,0.022215640721274577,True,True,False,0,True
test,a807e37413ae762568568100e439cfb6,3,3,0.6805582758395223,0.7447116330572787,0.06415335721775639,True,True,False,0,True
valid,4806c15e687faabdb46ca2643cfcfa6e,2,3,0.6729637160985181,0.8067241952176887,0.13376047911917055,True,True,False,0,True
valid,4806c15e687faabdb46ca2643cfcfa6e,3,3,0.6729637160985181,0.817678695422644,0.14471497932412591,True,True,False,0,True
test,e94de4ac53c1d7b914bf6cdb13fd9ce0,2,2,0.33513869543049346,0.4407734157837536,0.10563472035326016,False,True,True,0,True
test,22c05027bd97d6cf4376df52e0a7e5a2,2,2,0.41760846350567293,0.5476149516539799,0.13000648814830695,False,True,True,0,True
test,d7c88b34559c799b7170fb42a1222ab7,2,4,0.7298289969410038,0.7620388880957072,0.03220989115470341,True,True,False,0,True
test,d7c88b34559c799b7170fb42a1222ab7,3,4,0.7298289969410038,0.8042248820601563,0.07439588511915252,True,True,False,0,True
test,d7c88b34559c799b7170fb42a1222ab7,4,4,0.7298289969410038,0.8187268974742506,0.08889790053324687,True,True,False,0,True
test,b70c2a4797319570dbecddc366fb25c0,2,4,0.5812006527713456,0.5899154493175022,0.008714796546156589,True,True,False,6,False
test,b70c2a4797319570dbecddc366fb25c0,3,4,0.5812006527713456,0.6300470625022039,0.0488464097308583,True,True,False,7,False
test,b70c2a4797319570dbecddc366fb25c0,4,4,0.5812006527713456,0.6399956324273381,0.05879497965599256,True,True,False,6,False
test,d832359622f08c2364e168e1f01cc6e6,2,2,0.3896829706427186,0.5864491296666101,0.1967661590238915,False,True,True,8,False
test,efa184072cccb644c132d6e14a29bac3,2,2,0.4686180551101974,0.5539042620494214,0.08528620693922406,True,True,False,4,False
valid,6e0f64efb04a60cc8a5bff3e30663c02,2,3,0.3613441110865171,0.702811887922354,0.34146777683583696,False,True,True,9,False
valid,6e0f64efb04a60cc8a5bff3e30663c02,3,3,0.3613441110865171,0.5501992125152968,0.1888551014287797,False,True,True,0,True
test,002c9def9c9b951b1bec6d50753c9891,2,2,0.47147096112824416,0.6083741929953945,0.13690323186715037,True,True,False,0,True
test,cb1529a953c6df155505c4e2863b3b10,2,2,0.5142629156987499,0.6969968353579787,0.1827339196592288,True,True,False,0,True
test,d6bbf266d73e58c2d60b4421d8d7a193,2,2,0.32989312229687306,0.6336297845475133,0.3037366622506402,False,True,True,14,False
valid,ac3c62295b2d88214642ed7f7114d468,2,2,0.3455526757592723,0.3984031907800125,0.05285051502074023,False,False,False,7,False
test,fa21f82ef6bb86d2dbc878354e1df49d,2,3,0.5697989579075556,0.7121625110847867,0.14236355317723104,True,True,False,0,True
test,fa21f82ef6bb86d2dbc878354e1df49d,3,3,0.5697989579075556,0.7269411102094231,0.15714215230186745,True,True,False,0,True
test,09a83ffe176e7f00f3b93584ee9fb07c,2,2,0.43288542846791966,0.613087067752434,0.18020163928451438,False,True,True,0,True
test,17ca01c238bad17cd6c09179888b6d7f,2,6,0.3912235523768951,0.48936722802609955,0.09814367564920445,False,True,True,0,True
test,17ca01c238bad17cd6c09179888b6d7f,3,6,0.3912235523768951,0.5711208521331987,0.17989729975630364,False,True,True,0,True
test,17ca01c238bad17cd6c09179888b6d7f,4,6,0.3912235523768951,0.5882036724716203,0.1969801200947252,False,True,True,0,True
test,17ca01c238bad17cd6c09179888b6d7f,5,6,0.3912235523768951,0.5882036724716203,0.1969801200947252,False,True,True,0,True
test,17ca01c238bad17cd6c09179888b6d7f,6,6,0.3912235523768951,0.5882036724716203,0.1969801200947252,False,True,True,0,True
valid,f7923db0430587601c2aef15ec4b8af4,2,4,0.4554997881546001,0.5651795936008259,0.1096798054462258,True,True,False,0,True
valid,f7923db0430587601c2aef15ec4b8af4,3,4,0.4554997881546001,0.6140638028229473,0.15856401466834713,True,True,False,0,True
valid,f7923db0430587601c2aef15ec4b8af4,4,4,0.4554997881546001,0.6050853379358229,0.14958554978122274,True,True,False,0,True
valid,5c92575d54d9782d6f943b342d27646f,2,2,0.43746723096975826,0.5623574324961207,0.12489020152636243,False,True,True,0,True
test,a379a199737c91a626e5d746f9ca6b51,2,2,0.5864566049574907,0.743044282590589,0.15658767763309822,True,True,False,0,True
test,5410087995e1ebb53c26ce8e52ff29e0,2,4,0.45754906618228497,0.6099253143672707,0.15237624818498574,True,True,False,0,True
test,5410087995e1ebb53c26ce8e52ff29e0,3,4,0.45754906618228497,0.6469030048318655,0.1893539386495805,True,True,False,8,False
test,5410087995e1ebb53c26ce8e52ff29e0,4,4,0.45754906618228497,0.6606904146860981,0.20314134850381316,True,True,False,8,False
test,5adea766ca8f3521f957b27154b09761,2,2,0.3668862641568795,0.5693511872850485,0.202464923128169,False,True,True,2,False
test,ba9a7c92052d9666424a1c3cc395a5fb,2,2,0.4927572308371724,0.6707673516157346,0.17801012077856226,True,True,False,0,True
valid,15ae5aa73080f369ab385e40f2fd7957,2,2,0.44341478935958245,0.5406139441883828,0.09719915482880037,True,True,False,0,True
test,b05ccefa0dbc75b1e0307c4da1cdb772,2,3,0.5491460345619059,0.7628313888425495,0.2136853542806436,True,True,False,4,False
test,b05ccefa0dbc75b1e0307c4da1cdb772,3,3,0.5491460345619059,0.6191880116963483,0.07004197713444238,True,True,False,8,False
valid,54f18d2c10104fe74071a821eb92449d,2,2,0.3229170939098981,0.48002262430765663,0.15710553039775854,False,True,True,0,True
test,18fc9f8587ebe1c7f604cb74c9364dfa,2,3,0.6637897680602232,0.6040593950333111,-0.05973037302691209,True,True,False,0,True
test,18fc9f8587ebe1c7f604cb74c9364dfa,3,3,0.6637897680602232,0.6587357308189385,-0.005054037241284615,True,True,False,0,True
test,7daad55127fc91c7f63ae6bd53fe7187,2,3,0.3171779708274516,0.5847721101365497,0.26759413930909814,False,True,True,0,True
test,7daad55127fc91c7f63ae6bd53fe7187,3,3,0.3171779708274516,0.6081696499251301,0.29099167909767854,False,True,True,0,True
test,72705672ab6238e6354d9889c34ec409,2,2,0.33831149495112467,0.46561373366870484,0.12730223871758017,False,True,True,6,False
test,dae7f9d0e25515e268456f392f53751e,2,2,0.44132476266893716,0.5058260333146491,0.06450127064571198,True,True,False,0,True
valid,a5ab79112c78debd4b955110537a446c,2,2,0.47090766472837053,0.5448564817564197,0.07394881702804912,True,True,False,1,False
valid,0b48910785067fb42fce896aaaf7ce81,2,2,0.4253676078434224,0.5762028089968987,0.15083520115347626,False,True,True,4,False
test,0f38051157b7ad1d4e0b6c5d20de6ae7,2,4,0.4835320790309331,0.5935147619037093,0.10998268287277624,True,True,False,0,True
test,0f38051157b7ad1d4e0b6c5d20de6ae7,3,4,0.4835320790309331,0.7354579378865227,0.2519258588555896,True,True,False,11,False
test,0f38051157b7ad1d4e0b6c5d20de6ae7,4,4,0.4835320790309331,0.5831153128613396,0.09958323383040646,True,True,False,0,True
test,58028d410e59d118cb0db94a3b2ac293,2,2,0.5471087524478127,0.6699244616058727,0.12281570915806006,True,True,False,0,True
test,32744f120083b73a94a86096a61ca1c8,2,2,0.5842495347505474,0.8436158280844808,0.25936629333393335,True,True,False,3,False
test,189ba95d81c72d1250e45df72f8acaa4,2,2,0.36906977235645466,0.5552482157435337,0.186178443387079,False,True,True,0,True
valid,a7f50550b7c9925554fb9bda2d7d220a,2,2,0.4004028190107378,0.5621311490455133,0.1617283300347755,False,True,True,1,False
valid,6ef341a08828373038644f3749b9904e,2,2,0.35219309129967,0.4448882050223555,0.09269511372268546,False,True,True,0,True
valid,1f38d4b0b64e26e3aa96c3e8a4afe95e,2,2,0.3555722487031112,0.45494602724729805,0.09937377854418683,False,True,True,0,True
test,e34701c5837aa96777ab266393a51537,2,2,0.4743985692232958,0.6835143735208018,0.20911580429750598,True,True,False,0,True
valid,e15504d16c775034b44d4637a745a5a5,2,2,0.5240045773266757,0.7156065882584398,0.1916020109317641,True,True,False,1,False
test,3613892d0bff9156e733d4f86a1cd12b,2,6,0.5556431095382006,0.6666175039283426,0.110974394390142,True,True,False,0,True
test,3613892d0bff9156e733d4f86a1cd12b,3,6,0.5556431095382006,0.7097557839960404,0.15411267445783983,True,True,False,0,True
test,3613892d0bff9156e733d4f86a1cd12b,4,6,0.5556431095382006,0.7153189845082251,0.15967587497002445,True,True,False,0,True
test,3613892d0bff9156e733d4f86a1cd12b,5,6,0.5556431095382006,0.7153189845082251,0.15967587497002445,True,True,False,0,True
test,3613892d0bff9156e733d4f86a1cd12b,6,6,0.5556431095382006,0.7153189845082251,0.15967587497002445,True,True,False,0,True
valid,767ea088b6cc91e6b7631c6d30cb980c,2,2,0.42296927501500126,0.5406969110731696,0.11772763605816838,False,True,True,0,True
valid,259ed824424260153076008ccc088840,2,2,0.4545718906887818,0.6074118586412097,0.15283996795242794,True,True,False,0,True
valid,0f8ea8bf70adb55dcc5f8501984138ca,2,2,0.44461711185533626,0.5574635167666084,0.11284640491127218,True,True,False,0,True
test,9818f8bd7eef5b43fdb528e73bbd6f39,2,2,0.4700394071403733,0.6698513554091106,0.19981194826873727,True,True,False,4,False
valid,b0a2ec49c45ae3f6241044d9434ce3b2,2,3,0.36288928792318564,0.45970821389321126,0.09681892597002562,False,True,True,7,False
valid,b0a2ec49c45ae3f6241044d9434ce3b2,3,3,0.36288928792318564,0.4806244023714513,0.11773511444826568,False,True,True,8,False
valid,3c40398038e198e9e1636c1116378da8,2,2,0.38259025787646284,0.527899063428514,0.14530880555205117,False,True,True,0,True
test,33204aca443f9855e3b8451d179a81a5,2,2,0.48897830108170426,0.6425625963290373,0.15358429524733308,True,True,False,4,False
test,e73da43c03f39b4077ad8fc326cf6f4b,2,2,0.38296778979813517,0.42028667122734253,0.03731888142920736,False,False,False,0,True
test,4dd8dee86cb2c39cd3cbd25210a727e5,2,2,0.6255027473906218,0.6035321689441793,-0.021970578446442568,True,True,False,0,True
valid,1fc25ccd3bfe7f95431a9320df40e789,2,2,0.48699613055834556,0.6035566842561754,0.1165605536978298,True,True,False,6,False
test,ab589d1a6095c7f435a62f503146e1cf,2,2,0.4042257329286937,0.5719210001886645,0.16769526725997086,False,True,True,0,True
test,17912edc2f0d164527889f95392aab9c,2,2,0.4753089795243478,0.6327341313603838,0.157425151836036,True,True,False,0,True
test,5c0623ce8050c2cddeec3575bfbe0a53,2,2,0.7414168876871415,0.7084761248497206,-0.03294076283742098,True,True,False,5,False
test,594d1d0caf1a2bb2d2d95058d9e318cc,2,2,0.4560173680441223,0.684143399269626,0.22812603122550368,True,True,False,0,True
valid,25a178eea0cfa9b0489aa1d8294423bf,2,3,0.3733282978163295,0.4766190445682994,0.10329074675196992,False,True,True,0,True
valid,25a178eea0cfa9b0489aa1d8294423bf,3,3,0.3733282978163295,0.5351614834010114,0.16183318558468196,False,True,True,0,True
test,a59244db9c00a55a76803349b21f244d,2,2,0.4372270074903083,0.6689193778603306,0.23169237037002233,False,True,True,8,False
valid,5672fc8f50b8761ce7d2a3ec4ffc2b52,2,2,0.416339957554981,0.5652776462244518,0.14893768866947077,False,True,True,0,True
test,5351f503c54ee55d453e848ab9b922cc,2,5,0.4764626609141709,0.6921436907148668,0.21568102980069592,True,True,False,0,True
test,5351f503c54ee55d453e848ab9b922cc,3,5,0.4764626609141709,0.7153209487699973,0.2388582878558264,True,True,False,0,True
test,5351f503c54ee55d453e848ab9b922cc,4,5,0.4764626609141709,0.7153209487699973,0.2388582878558264,True,True,False,0,True
test,5351f503c54ee55d453e848ab9b922cc,5,5,0.4764626609141709,0.7153209487699973,0.2388582878558264,True,True,False,0,True
test,4b8e1bc1ffc144019ac363ecc5236493,2,2,0.3393401490198724,0.5338778165278564,0.19453766750798396,False,True,True,0,True
test,25c0c95ad63107ee2478a09c851a6a67,2,2,0.5391279476337238,0.6949249775136331,0.1557970298799093,True,True,False,0,True
valid,bf247f0c5b4e3a8993f0e0e1f0d4ff87,2,2,0.4655015068359647,0.421460814207814,-0.04404069262815069,True,False,False,0,True
test,2d5adcccaa6ce21103988fcb96940e78,2,2,0.48961095487970896,0.6115662967023632,0.12195534182265422,True,True,False,1,False
test,33f3b890664d602ed67bad1fbc454474,2,2,0.35984319041491286,0.6593666417616724,0.2995234513467595,False,True,True,0,True
test,23fe7e1e5139248d8e9e379e1a910860,2,2,0.35091752130340614,0.6043009778600912,0.25338345655668504,False,True,True,7,False
valid,a03ef580bd24d3cfaa7aa92e08ca6b58,2,3,0.5020397234553441,0.6410868897206654,0.13904716626532132,True,True,False,0,True
valid,a03ef580bd24d3cfaa7aa92e08ca6b58,3,3,0.5020397234553441,0.6738244320539875,0.17178470859864337,True,True,False,0,True
test,7865280b7f716318630d85eb2ea9cd17,2,2,0.41451696188351894,0.49659100477607465,0.08207404289255571,False,True,True,0,True
test,cd94ef4b0f9a66ee1a1cedbeb590e534,2,2,0.36206550049970687,0.5895757150234111,0.22751021452370424,False,True,True,0,True
test,935337c314d75668fe94f2a51ade79a3,2,3,0.7492664592693701,0.6051751704373116,-0.14409128883205846,True,True,False,9,False
test,935337c314d75668fe94f2a51ade79a3,3,3,0.7492664592693701,0.6466629954599121,-0.10260346380945795,True,True,False,9,False
valid,76b5a5fc007406c38125f8d12147093f,2,2,0.643727109844822,0.6417769498191799,-0.0019501600256420781,True,True,False,0,True
valid,853644e9a3512bf69d2461210f82b1ee,2,2,0.4548806827098909,0.46322569597244045,0.00834501326254955,True,True,False,0,True
test,2552ad5f4b7eb7bc0650f3e1a4a1d678,2,2,0.5741806161975767,0.7002025618054295,0.12602194560785285,True,True,False,8,False
test,66eb2e45baf0a88a06f8d17a1e756ff6,2,2,0.46567798459555454,0.5542136823108637,0.08853569771530911,True,True,False,9,False
test,fa752aebeda0a3f9a2626bc507550c3f,2,2,0.48758684950919196,0.6993093751117926,0.21172252560260063,True,True,False,0,True
test,3ae6c164f9e4222b57e95c67ce981118,2,3,0.6947042127717116,0.6265060750859455,-0.0681981376857661,True,True,False,6,False
test,3ae6c164f9e4222b57e95c67ce981118,3,3,0.6947042127717116,0.652588614728947,-0.042115598042764546,True,True,False,6,False
valid,96cc19379b58b51d6cae968d286bba81,2,2,0.7960001610600779,0.5844516004492704,-0.2115485606108075,True,True,False,5,False
test,47c65e2da8bf586e8d74fd1f0cfe7a68,2,2,0.5331402095757285,0.4131975021953893,-0.11994270738033919,True,False,False,0,True
test,be1f74dd8c9f6ab6066aa38f00c87d99,2,3,0.38685837892835595,0.5425476824503543,0.1556893035219984,False,True,True,0,True
test,be1f74dd8c9f6ab6066aa38f00c87d99,3,3,0.38685837892835595,0.544234876913377,0.15737649798502107,False,True,True,0,True
test,ee00fa5093eb96d8573403b382fb60a8,2,2,0.3085445378420205,0.502952257578845,0.19440771973682447,False,True,True,0,True
test,18f0e44c3101bf4288ae858b7be184af,2,2,0.3744432225845308,0.501266858225649,0.1268236356411182,False,True,True,0,True
test,29d0c2dcd3c5d5fc8737f0b81bea7304,2,2,0.6767032112517741,0.7417842540702377,0.06508104281846361,True,True,False,0,True
test,dbcb6cca18be698dc8022a2c700f84c0,2,2,0.46345954742551887,0.72775019845147,0.2642906510259512,True,True,False,5,False
test,41a48f4dc75f01b16dfa7e32cb456ebc,2,2,0.4774566237093435,0.6722594616131568,0.19480283790381325,True,True,False,10,False
valid,55c93866f8f79f873b99a401a7428a6c,2,2,0.3090476919091474,0.4340927583925689,0.1250450664834215,False,False,False,0,True
test,711526597d2e1f1b5ee9bf5c4af2c4cf,2,4,0.5431879828945655,0.6809402995636128,0.1377523166690473,True,True,False,4,False
test,711526597d2e1f1b5ee9bf5c4af2c4cf,3,4,0.5431879828945655,0.6728841435714636,0.12969616067689815,True,True,False,0,True
test,711526597d2e1f1b5ee9bf5c4af2c4cf,4,4,0.5431879828945655,0.7083083566463138,0.16512037375174826,True,True,False,4,False
valid,6ed043d494d076830babf38c25630d86,2,4,0.41058498324582005,0.48320932206740996,0.07262433882158992,False,True,True,0,True
valid,6ed043d494d076830babf38c25630d86,3,4,0.41058498324582005,0.4022254313103284,-0.00835955193549165,False,False,False,14,False
valid,6ed043d494d076830babf38c25630d86,4,4,0.41058498324582005,0.45589448994345405,0.045309506697634006,False,True,True,0,True
test,01235dc626dcf13283207ba7f36a959a,2,2,0.6215072984939389,0.5495547451399234,-0.07195255335401551,True,True,False,7,False
test,f943b276d9ffea1aee4b93c853ff1fd4,2,2,0.3610283080913317,0.579734575891039,0.21870626779970737,False,True,True,0,True
test,f15eda4eee582fbfebc330748f24e208,2,2,0.4688501192945215,0.6642814071282739,0.1954312878337524,True,True,False,8,False
valid,cc2d9c1811f602978ee856e76bff969a,2,2,0.5024555936806308,0.6839825231841564,0.18152692950352567,True,True,False,4,False
valid,6e0b28c14e19f98166a6c136548dab7b,2,4,0.4451922435415441,0.5503536500271635,0.10516140648561945,True,True,False,0,True
valid,6e0b28c14e19f98166a6c136548dab7b,3,4,0.4451922435415441,0.6050299950122187,0.15983775147067458,True,True,False,0,True
valid,6e0b28c14e19f98166a6c136548dab7b,4,4,0.4451922435415441,0.610869427424766,0.16567718388322195,True,True,False,0,True
test,2d78939bfc4d766dcab37fe477841c1a,2,2,0.5301833012170295,0.6997589103475332,0.16957560913050373,True,True,False,0,True
valid,3aa02c25c6bd28d27a4c961ce20c327a,2,2,0.40082948453757006,0.5153135295137921,0.114484044976222,False,True,True,0,True
test,6304164a7279cadbe75ba08fcf6357d6,2,2,0.5736211578859434,0.6955456290163791,0.1219244711304357,True,True,False,0,True
test,a4fe2ae99d3fcafacc6b88fb848d8eb4,2,2,0.5393750112835927,0.7726688672021635,0.23329385591857088,True,True,False,0,True
test,c651217322b400d1c7f2fb8230870721,2,2,0.37947418252164644,0.6296912586366556,0.2502170761150092,False,True,True,7,False
valid,cb52e15d9560e5dadaf5732671a919d1,2,2,0.47064911431347733,0.6289273111747554,0.1582781968612781,True,True,False,0,True
test,6826d3cfe92e5af877d3d2088f03d8c5,2,3,0.36275193919152904,0.5801406880747637,0.21738874888323467,False,True,True,0,True
test,6826d3cfe92e5af877d3d2088f03d8c5,3,3,0.36275193919152904,0.5882861114275282,0.22553417223599914,False,True,True,0,True
test,7c0c61f5d61aad026c439caf370a92f2,2,2,0.5245422958851433,0.5683062450656413,0.043763949180497974,True,True,False,0,True
valid,4155b1b0ef6538b1c18db62c4935b752,2,2,0.406491215572911,0.6279294376947271,0.22143822212181608,False,True,True,9,False
valid,b82c29ee4251028bd0891ef9e3fe53b9,2,2,0.4404002673228905,0.5338994125942029,0.09349914527131242,True,True,False,0,True
test,ec1fa684ca945b6c0f063f43d4506e9c,2,2,0.5644082942751838,0.655001176377267,0.09059288210208316,True,True,False,13,False
test,c6145367b8875991548124ffeb6d11d3,2,2,0.736953549178146,0.7274733630270664,-0.009480186151079595,True,True,False,6,False
valid,8ee92e454fa78d4960e68a1520891e9d,2,2,0.42020475160021487,0.529252459831974,0.10904770823175913,False,True,True,0,True
test,827440c00ada8331c87737e4c4fbcd2e,2,2,0.488660891509761,0.6597439935561461,0.1710831020463851,True,True,False,0,True
test,71f28f100b9563aab8eeba751790d889,2,3,0.46049168694731013,0.5765089444422968,0.1160172574949867,True,True,False,6,False
test,71f28f100b9563aab8eeba751790d889,3,3,0.46049168694731013,0.5394891779417563,0.0789974909944462,True,True,False,5,False
valid,c3ef338cafe4112c78da13998b641c56,2,2,0.3823955476753247,0.4764051918554193,0.09400964418009461,False,True,True,0,True
valid,74b4e28e0e0a0715ca63940014536bb7,2,2,0.36323981677758577,0.45087510256864427,0.0876352857910585,False,True,True,0,True
test,5f3ce710839dcf62389d5187ece2d4e8,2,2,0.661237693719746,0.623047158591337,-0.038190535128408976,True,True,False,1,False
test,b3dd5b90145b576a279167630eef9def,2,2,0.3591956598801105,0.5100016357574658,0.15080597587735534,False,True,True,1,False
test,4b302339bcd1d3aaeb9b3cde326326f2,2,2,0.4936088548434163,0.6519972777440691,0.1583884229006528,True,True,False,4,False
valid,0e4a4de1d15b6df8d4335fb2db61667a,2,4,0.6664709079079494,0.740720018242738,0.07424911033478865,True,True,False,0,True
valid,0e4a4de1d15b6df8d4335fb2db61667a,3,4,0.6664709079079494,0.7323316235428776,0.06586071563492824,True,True,False,0,True
valid,0e4a4de1d15b6df8d4335fb2db61667a,4,4,0.6664709079079494,0.7323316235428776,0.06586071563492824,True,True,False,0,True
test,fb8705064d6146e5fdc372b0fc2bf60a,2,2,0.3754663656557846,0.5565676342925021,0.1811012686367175,False,True,True,6,False
valid,1871b7e8d5edaa09867ed17d91b0d9e1,2,2,0.2968859445154469,0.39939389121850344,0.10250794670305652,False,False,False,0,True
test,853e167f64c749528b3b531bef12850c,2,2,0.4170949168467839,0.6401265114418513,0.22303159459506738,False,True,True,1,False
test,efe9725dbc15f09b8e8b95c6331655ba,2,2,0.3696243359142183,0.5683153459840249,0.1986910100698066,False,True,True,0,True
test,4e839b1ce670c701bd83a9d9aeb58969,2,2,0.3485310873401305,0.5291374254768689,0.18060633813673843,False,True,True,0,True
test,19dfd69e0181a3b819c8de433823ee61,2,2,0.40722152633573705,0.5644779455016136,0.15725641916587652,False,True,True,0,True
valid,931a7f45ef485e51b067265a84a19d58,2,4,0.4208137403558667,0.5509026292193366,0.13008888886346992,False,True,True,0,True
valid,931a7f45ef485e51b067265a84a19d58,3,4,0.4208137403558667,0.5952046312864221,0.17439089093055538,False,True,True,0,True
valid,931a7f45ef485e51b067265a84a19d58,4,4,0.4208137403558667,0.6179625303022586,0.19714878994639184,False,True,True,0,True
test,56e2e07e6e0f8e73a5f1c73bcb74f270,2,2,0.4008903416320412,0.5444632804618486,0.14357293882980737,False,True,True,0,True
valid,6f6ac7ec249334cdbb46329d2a381d81,2,2,0.6123546458997996,0.7044033931675286,0.09204874726772905,True,True,False,7,False
valid,873d881b77cf19f2dc893b76bb10eedb,2,2,0.5326392535594844,0.6601893169961097,0.12755006343662534,True,True,False,4,False
test,94a4c515439bdf79c3380fd5372f516c,2,2,0.7453521623582671,0.6662357431405415,-0.07911641921772561,True,True,False,0,True
test,986dae5bc78169ebbf74f5d5f79924ff,2,2,0.4495183946755621,0.6343094732502513,0.18479107857468924,True,True,False,0,True
valid,4ac61ca13c944e7c498a7b0a65f8dcc3,2,3,0.38106710380157394,0.4903102424924234,0.10924313869084945,False,True,True,0,True
valid,4ac61ca13c944e7c498a7b0a65f8dcc3,3,3,0.38106710380157394,0.44781727575625085,0.06675017195467692,False,True,True,0,True
valid,c546b3619cf94e3bfdffe96c5431122a,2,2,0.4016190123572586,0.5568461066625385,0.15522709430527992,False,True,True,0,True
test,96acc057158c055d3508b8379df12cea,2,3,0.7063413670719936,0.6581506872472821,-0.04819067982471148,True,True,False,4,False
test,96acc057158c055d3508b8379df12cea,3,3,0.7063413670719936,0.713226851133448,0.006885484061454394,True,True,False,4,False
test,c5b8e6bc67cded6cf23ac6fe3ba57d02,2,2,0.435109844027043,0.6087354782072186,0.17362563418017563,False,True,True,0,True
valid,ebf78ae12a9ecd09503c7d2f5c46e77b,2,2,0.451355808623745,0.5241905181655417,0.07283470954179672,True,True,False,6,False
test,80a516f4d571d5fce4d688cc931b106f,2,2,0.48333246140399155,0.5792804001507319,0.09594793874674035,True,True,False,0,True
test,338be6220254203898339bb8b6021138,2,2,0.41636288566098345,0.5616778267215167,0.14531494106053322,False,True,True,0,True
valid,0a9716da94d89975e6637874280aadad,2,2,0.4262038001690981,0.5245297061700284,0.09832590600093027,False,True,True,0,True
test,aaa6f66c3f76dbaecfc60183d6a248ed,2,2,0.44048800056085147,0.7643971366440302,0.32390913608317873,True,True,False,8,False
valid,fe0972da0b118700eb5b1a5063476738,2,2,0.5242843763102016,0.6019338840552053,0.07764950774500368,True,True,False,0,True
valid,62e8878bf54a37544cf066414f3a2c72,2,2,0.5349257674079271,0.6541828990751974,0.11925713166727037,True,True,False,0,True
test,62c2d78676c10f5c78087b70543d2b16,2,3,0.37895982183595034,0.5222996534041829,0.1433398315682326,False,True,True,0,True
test,62c2d78676c10f5c78087b70543d2b16,3,3,0.37895982183595034,0.6116015862961954,0.2326417644602451,False,True,True,0,True
valid,c9078b2ce6167917416ddd9b7c40b5f5,2,3,0.5715120832246194,0.6641797958072571,0.09266771258263762,True,True,False,0,True
valid,c9078b2ce6167917416ddd9b7c40b5f5,3,3,0.5715120832246194,0.6507922947328398,0.0792802115082204,True,True,False,0,True
test,482e206fff82661add35d3aeab19fd93,2,2,0.45240519847659766,0.628790334428746,0.17638513595214833,True,True,False,0,True
valid,5bc4d0aa53124192dd06058bdf74a6a7,2,2,0.5363129721875177,0.6890442272537364,0.15273125506621865,True,True,False,0,True
test,5f9f506121fbb5873e965264b8dd76bc,2,2,0.4801892059551284,0.6320315775422115,0.15184237158708314,True,True,False,0,True
valid,68d1af4ddb903ed2dc66559f1d6ccb6d,2,2,0.3687666826861439,0.5310203273780756,0.1622536446919317,False,True,True,0,True
test,6dfce09652603d20237e1bc7caf8fd38,2,5,0.4140305849816015,0.5779817318366876,0.16395114685508605,False,True,True,0,True
test,6dfce09652603d20237e1bc7caf8fd38,3,5,0.4140305849816015,0.5882757925809684,0.1742452075993669,False,True,True,0,True
test,6dfce09652603d20237e1bc7caf8fd38,4,5,0.4140305849816015,0.602800953324199,0.18877036834259753,False,True,True,0,True
test,6dfce09652603d20237e1bc7caf8fd38,5,5,0.4140305849816015,0.602800953324199,0.18877036834259753,False,True,True,0,True
test,0ea7c4f19490b13285f00729f7f9b276,2,2,0.5702592441012315,0.6749233554300412,0.1046641113288097,True,True,False,7,False
valid,08c30c203ecbdda69311c1dba85abfa6,2,3,0.442742650830268,0.48638432344098437,0.04364167261071639,True,True,False,0,True
valid,08c30c203ecbdda69311c1dba85abfa6,3,3,0.442742650830268,0.3983016700008526,-0.04444098082941539,True,False,False,0,True
test,c37cb17f3802e061e745a83732cb1503,2,2,0.3875783950792574,0.44779239911578395,0.06021400403652655,False,True,True,0,True
test,92067448c4d19cbdc8e0f8dd683e63b8,2,4,0.5060167276342769,0.5905855104814051,0.08456878284712821,True,True,False,0,True
test,92067448c4d19cbdc8e0f8dd683e63b8,3,4,0.5060167276342769,0.6228031529602595,0.1167864253259826,True,True,False,0,True
test,92067448c4d19cbdc8e0f8dd683e63b8,4,4,0.5060167276342769,0.6422776923171618,0.13626096468288496,True,True,False,0,True
test,8c942d6d0cb6781e00df7a3fafc8ef86,2,2,0.507524329593456,0.6337857940764693,0.12626146448301334,True,True,False,0,True
test,0ced505a94fa52355ca31070c281df6e,2,2,0.6443832365450527,0.6544740428491869,0.01009080630413417,True,True,False,0,True
test,56703a55199f4784c80fe5e5de71c532,2,2,0.4307819494041575,0.5795127579156809,0.14873080851152343,False,True,True,8,False
test,564389e5695ed5402107bccb414d99c0,2,2,0.3605285447232215,0.48627534147066587,0.12574679674744438,False,True,True,0,True
test,abbc0add533d31e83195d03eebe028f8,2,2,0.4571182457620293,0.6451909136691001,0.18807266790707078,True,True,False,0,True
valid,962d7424fa1ac4663ef72969ce322fd8,2,2,0.4039815578621546,0.4999370270608655,0.0959554691987109,False,True,True,0,True
test,431e70e0fb93448af0d2e42e6af75e96,2,2,0.5688543022545951,0.7287421996883321,0.159887897433737,True,True,False,0,True
valid,a04b6ad9c324577c000835fca4587931,2,2,0.3724925968500147,0.4487937098263489,0.07630111297633424,False,True,True,0,True
valid,357faf30d677dbe3c31a345f7026a6bb,2,3,0.43255177133570066,0.6634153350768235,0.23086356374112282,False,True,True,12,False
valid,357faf30d677dbe3c31a345f7026a6bb,3,3,0.43255177133570066,0.6779738388924139,0.24542206755671325,False,True,True,12,False
test,6b6691a02fbc1d93db80af20e602b8e9,2,2,0.4097543642961361,0.5248177415886128,0.11506337729247673,False,True,True,0,True
test,3cc57d3144ae8df639a05eb5783f872f,2,2,0.3650921434567941,0.5953610837806784,0.23026894032388434,False,True,True,0,True
valid,ca376f8f4042e61688af8cfd32d4e80e,2,2,0.3686071032013415,0.5247460263774103,0.1561389231760688,False,True,True,0,True
valid,fae98fd8dd9729af2c8c95e16f3719a0,2,2,0.2507169328568889,0.4796198115982794,0.22890287874139048,False,True,True,0,True
test,0fa61e1ac47c12200902e1f9d6b0e6ad,2,2,0.40457703286246893,0.5593403738603391,0.15476334099787015,False,True,True,0,True
valid,384b106622904903b1b9425b14f7dd0c,2,2,0.3347051090402543,0.39072150849776743,0.05601639945751313,False,False,False,0,True
valid,c33c7bd863246588e74b5371477857ff,2,2,0.40962791622113315,0.5332841135959339,0.12365619737480071,False,True,True,1,False
test,4bdb3af7b8d5db206e5ea7b4f964ba4c,2,2,0.5705138915429023,0.7638824745329028,0.19336858299000048,True,True,False,8,False
test,aead5f6413ef9943082b3d3cfd37ccbe,2,3,0.3823460792182968,0.4481749763862094,0.06582889716791263,False,True,True,0,True
test,aead5f6413ef9943082b3d3cfd37ccbe,3,3,0.3823460792182968,0.49770234954997994,0.11535627033168316,False,True,True,0,True
test,45d529cd3cced900c59bb90bd0a19ea1,2,2,0.42997922940138356,0.6526431398291115,0.22266391042772793,False,True,True,12,False
valid,4f8c25939ba36d08d148252e8b3846f1,2,2,0.34381556479671316,0.4685720519976615,0.12475648720094834,False,True,True,0,True
test,897bec88b385ac71b7a32e9d9097164a,2,3,0.4806836875047791,0.5996037305665809,0.11892004306180182,True,True,False,1,False
test,897bec88b385ac71b7a32e9d9097164a,3,3,0.4806836875047791,0.6152532407383944,0.1345695532336153,True,True,False,1,False
valid,1916e2d2cdf16f040d6dc7ca1da2f710,2,2,0.5705537277873918,0.690018045996326,0.11946431820893422,True,True,False,0,True
test,427bdcc4eb03caf53fde12f57a84d443,2,3,0.47068390511030367,0.5386414840171887,0.06795757890688503,True,True,False,0,True
test,427bdcc4eb03caf53fde12f57a84d443,3,3,0.47068390511030367,0.561995306970171,0.0913114018598673,True,True,False,0,True
valid,3d062cd73698941c34fd1917e8f39482,2,4,0.4247271099801251,0.5321081072482182,0.10738099726809314,False,True,True,0,True
valid,3d062cd73698941c34fd1917e8f39482,3,4,0.4247271099801251,0.5596904750283485,0.13496336504822337,False,True,True,0,True
valid,3d062cd73698941c34fd1917e8f39482,4,4,0.4247271099801251,0.5596904750283485,0.13496336504822337,False,True,True,0,True
test,68a688be62a4e82e6f8450c215d3fdae,2,2,0.3713651085746732,0.5892587550280128,0.21789364645333964,False,True,True,6,False
valid,e46e94a05d2d44bd56759d2e056649ea,2,2,0.42853179170876476,0.5176131619947671,0.08908137028600238,False,True,True,0,True
valid,30ecf79cda763f44c9cec9c8a4bc5870,2,2,0.41412446927846225,0.4736162372067848,0.05949176792832256,False,True,True,0,True
test,ff701a7c869ad21de22a6994237c8a00,2,2,0.30184896135765726,0.5280119002533635,0.22616293889570627,False,True,True,0,True
test,72720cd963d6632b6d378ca9baca8963,2,3,0.47772849433367415,0.6921054297228335,0.21437693538915936,True,True,False,0,True
test,72720cd963d6632b6d378ca9baca8963,3,3,0.47772849433367415,0.7230194364691823,0.24529094213550817,True,True,False,0,True
test,c844fe47e745e3199e1f985e6dec1618,2,2,0.4405156471356636,0.619589905645318,0.17907425850965442,True,True,False,0,True
test,a7708ffa8966514c098d15e1abfa6417,2,2,0.4960305867100363,0.4927523133902134,-0.0032782733198228886,True,True,False,10,False
test,64ccc97757023bd10bf48bed7f1e14e3,2,2,0.45715708902288577,0.6150222440588269,0.15786515503594112,True,True,False,11,False
test,1620281609b2789ef7989b3265834051,2,2,0.3901143703868164,0.4590964220838898,0.06898205169707339,False,True,True,0,True
test,e35e63b98848e494f75ce91dbef9cf11,2,3,0.4273413654593088,0.6512010775967894,0.22385971213748057,False,True,True,11,False
test,e35e63b98848e494f75ce91dbef9cf11,3,3,0.4273413654593088,0.6685221013782255,0.24118073591891676,False,True,True,11,False
test,4ca93a3dd92c3b6871bd6ebad444a518,2,2,0.3928105944124445,0.6074773700531513,0.2146667756407068,False,True,True,0,True
test,8d23fb4e17833d8bf866d3ae3481a3cd,2,2,0.4217990893882433,0.6370399108616063,0.215240821473363,False,True,True,0,True
test,0ab14c7f000642be91d882357d38b8cd,2,2,0.4014944127259935,0.6508129799772625,0.249318567251269,False,True,True,0,True
test,e682e9539c5643a19c747047530825e6,2,2,0.4552755445876051,0.6239605094868884,0.1686849648992833,True,True,False,0,True
valid,21746a2a0ab90a9d0916af6e1026fd24,2,4,0.4725517376329823,0.6231176020059661,0.1505658643729838,True,True,False,0,True
valid,21746a2a0ab90a9d0916af6e1026fd24,3,4,0.4725517376329823,0.6686117856681759,0.1960600480351936,True,True,False,0,True
valid,21746a2a0ab90a9d0916af6e1026fd24,4,4,0.4725517376329823,0.677778933105065,0.20522719547208268,True,True,False,0,True
test,a0b862a69020ac0160aabd2acb06f8e7,2,2,0.3748363060027632,0.5610547992882229,0.1862184932854597,False,True,True,6,False
valid,4013aca81e3b0b07dc5b15549beae602,2,2,0.4942900307174418,0.6505911375273103,0.15630110680986853,True,True,False,0,True
test,2eb868f2f7abdf4284337d1cdeb7399b,2,2,0.428308430441929,0.5309485938370951,0.10264016339516613,False,True,True,8,False
valid,04127548fb3634e50ad03765c05cdc68,2,2,0.5008390533155499,0.5499154602782224,0.04907640696267246,True,True,False,0,True
test,166029aa4dc1bed21f0d50ebdb4ef286,2,5,0.6489761658808835,0.6866046220327067,0.0376284561518232,True,True,False,0,True
test,166029aa4dc1bed21f0d50ebdb4ef286,3,5,0.6489761658808835,0.6972316957949147,0.04825552991403126,True,True,False,0,True
test,166029aa4dc1bed21f0d50ebdb4ef286,4,5,0.6489761658808835,0.7058425527953602,0.05686638691447676,True,True,False,0,True
test,166029aa4dc1bed21f0d50ebdb4ef286,5,5,0.6489761658808835,0.7058425527953602,0.05686638691447676,True,True,False,0,True
valid,64607b4e862b1084d71a7ee6d8b2622d,2,2,0.5378879183683691,0.7060179804937624,0.16813006212539328,True,True,False,7,False
valid,6ebb39e4d90eff5c1099de688d9b4f94,2,2,0.4159161119212996,0.4960875372954495,0.0801714253741499,False,True,True,4,False
test,d9715bd8635503e2e6bf01a078df8c10,2,2,0.3978723542525219,0.5240618897900405,0.12618953553751866,False,True,True,1,False
valid,f04e5abb2044dbb28bbdd9aa470e4e8a,2,2,0.3622768936264078,0.5818052675890089,0.21952837396260105,False,True,True,0,True
test,b1a7bd6a9d10076c91e88bc510406b46,2,2,0.5859463316527881,0.6073111863443648,0.021364854691576673,True,True,False,3,False
test,6ac81ce742f436d1d7de699cb7355a81,2,2,0.4855429794707323,0.6194084217124094,0.13386544224167707,True,True,False,0,True
test,334c65aeb7365a6d5acee2e43ab3b2d2,2,2,0.30358539171098187,0.45752304964383805,0.1539376579328562,False,True,True,0,True
valid,7dad3e4c9e11293ca4d3722f21378aca,2,2,0.38142624835440087,0.40791174811004594,0.02648549975564507,False,False,False,14,False
test,44f9bb85e9dfb3f106dd017fbd8b8006,2,2,0.42632286799613395,0.58821802112878,0.16189515313264602,False,True,True,0,True
test,ee07e83c0d2cc891e7ff4f5472475ffc,2,2,0.43216467941042414,0.6463096850173349,0.21414500560691074,False,True,True,0,True
test,0bf144db6ca7ef970a25b6a720947622,2,2,0.49597464533568447,0.62314063131906,0.12716598598337547,True,True,False,0,True
valid,5f476a80b69ebf2744c36c282812abd5,2,2,0.4281887689639794,0.46666722543932826,0.038478456475348866,False,True,True,0,True
valid,72bd20539e6d9960af5e49e9c7d70896,2,2,0.4638432501559825,0.5629842287898341,0.09914097863385163,True,True,False,0,True
test,51ec62622b0b1e86fc4a3098424576ea,2,2,0.6247076420756714,0.7511281208122323,0.12642047873656093,True,True,False,0,True
test,c4a8083dac0f37da8bdc5db37c89bdcd,2,2,0.6565181929679067,0.6775218569668102,0.02100366399890352,True,True,False,0,True
test,068b6cedb09dad00249cb7fc310bc067,2,2,0.47084223652425794,0.6619887278801555,0.19114649135589756,True,True,False,0,True
valid,e4ebdc36e9be01cc621e8e30394d3eb0,2,2,0.6816740947562328,0.5281209397768967,-0.15355315497933608,True,True,False,14,False
test,621d22173590d292319c7a2f72ce76f6,2,2,0.5232704896745136,0.6814571761860011,0.15818668651148748,True,True,False,7,False
test,7618b897317b5a4fc4f1b15666f3e24b,2,2,0.6138880645994756,0.6411476203629094,0.02725955576343375,True,True,False,0,True
test,be049b6fa688493e1676db5fafc0bbb3,2,2,0.4811053253680061,0.6354083312745558,0.15430300590654966,True,True,False,0,True
test,3b981944c4d2df767cc524ebcb06d7e9,2,3,0.471234119507396,0.6219407738408809,0.15070665433348485,True,True,False,0,True
test,3b981944c4d2df767cc524ebcb06d7e9,3,3,0.471234119507396,0.6730040800502468,0.2017699605428508,True,True,False,0,True
test,2b2e646f2556658e3d06c53ee0465153,2,3,0.583483850056844,0.59785448497066,0.01437063491381596,True,True,False,8,False
test,2b2e646f2556658e3d06c53ee0465153,3,3,0.583483850056844,0.7151513253639928,0.13166747530714884,True,True,False,0,True
valid,3acbf8d525d03b71546282c532a3dc6b,2,2,0.4372451390275307,0.5889564047540836,0.1517112657265529,False,True,True,4,False
test,c6f232800bcc02894a679417a1a93822,2,2,0.37990975407836824,0.5428396058723771,0.16292985179400887,False,True,True,0,True
test,f89be3ed1cd9bd6531cff9ffea1c8546,2,2,0.38222518923669746,0.6426846336288085,0.260459444392111,False,True,True,3,False
valid,f5068e06e9de577bdbfcb519ff9fb5c5,2,3,0.5666705795810869,0.6998496268363019,0.133179047255215,True,True,False,0,True
valid,f5068e06e9de577bdbfcb519ff9fb5c5,3,3,0.5666705795810869,0.6943873379294243,0.1277167583483374,True,True,False,0,True
test,063f2375ecf74934d05e78a476f92cb5,2,2,0.33817824637164773,0.4856739605355018,0.1474957141638541,False,True,True,2,False
test,daece90b61801c766fe21e0922574566,2,2,0.7372937846225454,0.5508123737635522,-0.18648141085899317,True,True,False,7,False
valid,a8c403407745aac434946d5058faa6a6,2,3,0.4743092171192532,0.5681477675222524,0.09383855040299915,True,True,False,7,False
valid,a8c403407745aac434946d5058faa6a6,3,3,0.4743092171192532,0.664488398218111,0.19017918109885779,True,True,False,9,False
test,69840aae60642aee7093192b37961c08,2,6,0.33703545619891195,0.6067798595081368,0.2697444033092249,False,True,True,8,False
test,69840aae60642aee7093192b37961c08,3,6,0.33703545619891195,0.6855790400544077,0.3485435838554958,False,True,True,8,False
test,69840aae60642aee7093192b37961c08,4,6,0.33703545619891195,0.7073331788305703,0.3702977226316584,False,True,True,8,False
test,69840aae60642aee7093192b37961c08,5,6,0.33703545619891195,0.7073331788305703,0.3702977226316584,False,True,True,8,False
test,69840aae60642aee7093192b37961c08,6,6,0.33703545619891195,0.5337783367570834,0.19674288055817146,False,True,True,0,True
valid,ab98ff74321e38f5374c79cd84819ec8,2,4,0.3785596189726027,0.6065227769366811,0.2279631579640784,False,True,True,0,True
valid,ab98ff74321e38f5374c79cd84819ec8,3,4,0.3785596189726027,0.6382873084416025,0.2597276894689998,False,True,True,0,True
valid,ab98ff74321e38f5374c79cd84819ec8,4,4,0.3785596189726027,0.6519509009173392,0.2733912819447365,False,True,True,0,True
valid,d23640d83f7d582c4328ffd875e14966,2,2,0.5025695917864827,0.5985779557110424,0.09600836392455969,True,True,False,0,True
valid,f1ea8b66e6bceacb9d56a84505f36dd1,2,2,0.6800462117772279,0.5958984533415854,-0.08414775843564248,True,True,False,10,False
test,47ffc77abb4af7886ed6c2e0871040ae,2,3,0.5259999496814001,0.6679786514878869,0.14197870180648686,True,True,False,7,False
test,47ffc77abb4af7886ed6c2e0871040ae,3,3,0.5259999496814001,0.6703542008529433,0.1443542511715432,True,True,False,5,False
test,4d0b1ea51ea051ef9f4765df8148c0cd,2,3,0.4747021538958488,0.6611603550234246,0.18645820112757583,True,True,False,0,True
test,4d0b1ea51ea051ef9f4765df8148c0cd,3,3,0.4747021538958488,0.6468489021674955,0.17214674827164667,True,True,False,0,True
test,f23a721a16f4bf4439daf9d03ed9d1df,2,2,0.6635432409479214,0.6887526199976841,0.025209379049762726,True,True,False,0,True
test,f911adf78cd1ef94a8412126ab558e81,2,2,0.42097894992452045,0.5097184292963219,0.08873947937180149,False,True,True,0,True
test,f5d97c18a8bda6c516e7c61c9d1a6a27,2,2,0.41689608258265287,0.6498462694577329,0.23295018687508007,False,True,True,0,True
valid,70633832cd39706672d40a47536c2387,2,2,0.33120812156701007,0.4812907255904386,0.15008260402342855,False,True,True,0,True
valid,3f1f171acadae2240a8927ff0867af9a,2,2,0.5232263106236329,0.6769608267963405,0.1537345161727076,True,True,False,4,False
test,312be9a2f296750320ccfc0223531b30,2,2,0.28923549188368347,0.49381337231833067,0.2045778804346472,False,True,True,0,True
test,e0f57f06590a2aee981778faa5b7c80c,2,2,0.4910936003170512,0.609240252779799,0.1181466524627478,True,True,False,0,True
test,5c455e9a6d56d30c1652aea99d744e5c,2,2,0.5289132237341532,0.6700015905297081,0.14108836679555492,True,True,False,12,False
valid,8f8634cbfb1b971fbea53d83c59105b0,2,2,0.40864484559102243,0.4686438325817356,0.059998986990713155,False,True,True,0,True
valid,3c5aa0dc3566dd7512023da4920de6d3,2,2,0.4418766009524836,0.4913793625736802,0.0495027616211966,True,True,False,14,False
test,de5b9ed8a33e27633d1c4a31445dddd1,2,2,0.49691309707911113,0.6508350638802851,0.15392196680117398,True,True,False,0,True
valid,87d65accbbf482b8a87bd13bb444cf6d,2,5,0.49112072458111955,0.664722026959103,0.17360130237798344,True,True,False,0,True
valid,87d65accbbf482b8a87bd13bb444cf6d,3,5,0.49112072458111955,0.7147110692495493,0.22359034466842975,True,True,False,0,True
valid,87d65accbbf482b8a87bd13bb444cf6d,4,5,0.49112072458111955,0.7088205560874339,0.21769983150631433,True,True,False,0,True
valid,87d65accbbf482b8a87bd13bb444cf6d,5,5,0.49112072458111955,0.7088205560874339,0.21769983150631433,True,True,False,0,True
valid,737b058d8c4d513ed09b9615e3e0dbba,2,2,0.34018886881769805,0.41686004727813486,0.0766711784604368,False,False,False,0,True
test,249a42ab6064b9a21179bf1ba421b69c,2,2,0.3852114289022852,0.5804538243203032,0.19524239541801802,False,True,True,0,True
test,5f1b02bb30db18d2091666741c05684a,2,2,0.5601191765893327,0.738401730159937,0.1782825535706043,True,True,False,0,True
valid,21a5a6a3ba44669b781dde94b19a361a,2,2,0.43098113829117735,0.7018646808560389,0.2708835425648616,False,True,True,15,False
test,43900dda470fa7bbf2a0bcae68491435,2,2,0.378570712399809,0.5978807779675819,0.21931006556777288,False,True,True,0,True
test,fd0a7f56ae1f27e542b1e79d763c0a75,2,3,0.525549962245083,0.6727928552188123,0.14724289297372928,True,True,False,0,True
test,fd0a7f56ae1f27e542b1e79d763c0a75,3,3,0.525549962245083,0.6475965644173559,0.12204660217227292,True,True,False,0,True
test,32c89e20288914a5f7feb879cbb0fac1,2,3,0.46243161441544633,0.6044943649489748,0.14206275053352846,True,True,False,0,True
test,32c89e20288914a5f7feb879cbb0fac1,3,3,0.46243161441544633,0.6047195326400885,0.14228791822464215,True,True,False,0,True
valid,30cf02a409922ad0e5c0f683ad9c45f0,2,2,0.57250754527044,0.6923044931516242,0.11979694788118422,True,True,False,4,False
test,b086c1a7c7ed350b2faeb2869ac483ec,2,2,0.4467020153857403,0.5442595657464004,0.09755755036066016,True,True,False,0,True
valid,3a272f742a03e6f800cdc955ef4c173e,2,2,0.3931238718559573,0.6832635515749959,0.29013967971903853,False,True,True,9,False
test,ddb33b0aa1ca6227208f0ca0564f0696,2,4,0.5534562386186501,0.7211730338148722,0.16771679519622207,True,True,False,9,False
test,ddb33b0aa1ca6227208f0ca0564f0696,3,4,0.5534562386186501,0.657509379628821,0.10405314101017082,True,True,False,9,False
test,ddb33b0aa1ca6227208f0ca0564f0696,4,4,0.5534562386186501,0.7032597644712234,0.14980352585257328,True,True,False,9,False
valid,8304cd42545c641d13b9165c7028c85a,2,2,0.5744716807078738,0.6683136783455408,0.09384199763766699,True,True,False,7,False
valid,51063a05b43c7e0a5f2314dc6f3790fd,2,2,0.5112101144483152,0.6140051056770404,0.10279499122872515,True,True,False,1,False
test,3263e5243c28ebe706f7500cf88054ad,2,6,0.6523175021563168,0.6155829328310871,-0.03673456932522967,True,True,False,0,True
test,3263e5243c28ebe706f7500cf88054ad,3,6,0.6523175021563168,0.6916234495834422,0.039305947427125454,True,True,False,10,False
test,3263e5243c28ebe706f7500cf88054ad,4,6,0.6523175021563168,0.7007027489023447,0.048385246746027955,True,True,False,10,False
test,3263e5243c28ebe706f7500cf88054ad,5,6,0.6523175021563168,0.6755626017958429,0.023245099639526146,True,True,False,0,True
test,3263e5243c28ebe706f7500cf88054ad,6,6,0.6523175021563168,0.7007027489023447,0.048385246746027955,True,True,False,10,False
test,9b75cdaf2d85857ef023980e15d01546,2,2,0.4485135254050152,0.6156603819468398,0.1671468565418246,True,True,False,1,False
valid,770ad5eec9763dbf6201f544768ed27b,2,2,0.38573332893358836,0.5749242068694039,0.18919087793581557,False,True,True,8,False
test,e221ce99afbfcb8f74f80a788755f32a,2,3,0.40091438649391853,0.5675494889330608,0.16663510243914226,False,True,True,8,False
test,e221ce99afbfcb8f74f80a788755f32a,3,3,0.40091438649391853,0.6196736171624118,0.21875923066849323,False,True,True,0,True
test,3db2043174db8823618e67b7e2c8c3e1,2,2,0.42161514064722816,0.6107784587279916,0.18916331808076348,False,True,True,0,True
test,cbb7f51e60703b11747df0c449934468,2,3,0.548214445985391,0.720192313547009,0.17197786756161793,True,True,False,0,True
test,cbb7f51e60703b11747df0c449934468,3,3,0.548214445985391,0.692148572177245,0.14393412619185397,True,True,False,0,True
test,9a3682ac52b77c26f1d7a700b59ed9f7,2,2,0.42520033771112464,0.615136338057267,0.18993600034614233,False,True,True,0,True
test,665d84d48d4c7c497117465e6f02f92f,2,2,0.5330845663084058,0.6055649809199932,0.07248041461158738,True,True,False,0,True
test,a7d16178d0bd9c68a2ad17d3f7b15238,2,2,0.5791082156562217,0.5401062487448312,-0.03900196691139057,True,True,False,0,True
test,0753ba0519dd531e78e0abdedb16be35,2,2,0.5650923524739717,0.7021808565008418,0.13708850402687012,True,True,False,2,False
valid,9afc3cb01a0ea4182843faafb5e9239b,2,2,0.44259929706696177,0.558687148932064,0.11608785186510218,True,True,False,0,True
valid,c4b0818ccad06843a0ea1e2c13ea8584,2,2,0.4076130234823826,0.5068623969581997,0.09924937347581708,False,True,True,0,True
test,ecb9b15795b8962c43e024cc97611605,2,4,0.4436050010878716,0.5905787093334705,0.14697370824559886,True,True,False,0,True
test,ecb9b15795b8962c43e024cc97611605,3,4,0.4436050010878716,0.6767415577480577,0.23313655666018607,True,True,False,9,False
test,ecb9b15795b8962c43e024cc97611605,4,4,0.4436050010878716,0.6223021775356186,0.17869717644774696,True,True,False,0,True
test,052a5969146f40fe550f442f52f302b7,2,2,0.5093527799265027,0.6050162455875285,0.09566346566102579,True,True,False,6,False
test,11156cbbd16c21d0f876588915098a28,2,2,0.4000577212332088,0.6166544413848982,0.2165967201516894,False,True,True,11,False
test,c3717b0f82c27845bd10cc82caf863f9,2,2,0.5523681249105813,0.6986238962673763,0.14625577135679502,True,True,False,0,True
test,11ff5f9ab62000ad8044352a96ad4ebf,2,4,0.38284983460442557,0.5630817093942135,0.18023187478978797,False,True,True,0,True
test,11ff5f9ab62000ad8044352a96ad4ebf,3,4,0.38284983460442557,0.5660999140451156,0.18325007944069005,False,True,True,0,True
test,11ff5f9ab62000ad8044352a96ad4ebf,4,4,0.38284983460442557,0.5660999140451156,0.18325007944069005,False,True,True,0,True
test,0f9a932982d1a4ee6f2b4d9a874a5fd0,2,2,0.40713444105631713,0.5744621896214797,0.16732774856516253,False,True,True,1,False
valid,8067c5e4834f3c0a3c8a4e921d65c5b1,2,2,0.44032342105699296,0.4725161451123864,0.03219272405539342,True,True,False,0,True
valid,43b68bc17b7182a73f19829a1cbd4333,2,2,0.4504582944505803,0.47737567966184036,0.02691738521126008,True,True,False,9,False
valid,c0c735876359d7431dbd45a8fb0e238b,2,3,0.5303807023288238,0.6302111389780363,0.09983043664921243,True,True,False,0,True
valid,c0c735876359d7431dbd45a8fb0e238b,3,3,0.5303807023288238,0.6547116611410234,0.12433095881219958,True,True,False,0,True
valid,097d716d21f2b46bb265aacacb716dc8,2,2,0.5025334238714536,0.63404016601815,0.13150674214669644,True,True,False,0,True
valid,1f4afb6af12ea20394e93372d90fb7f6,2,3,0.4606273718527779,0.5762262897362271,0.11559891788344923,True,True,False,0,True
valid,1f4afb6af12ea20394e93372d90fb7f6,3,3,0.4606273718527779,0.6148133235141435,0.15418595166136562,True,True,False,0,True
valid,24437ca1637e1b4d98a85138eeaae838,2,2,0.6682536420294274,0.7247251272757935,0.05647148524636614,True,True,False,0,True
valid,1a537f94e57acdda6cfad59696759417,2,5,0.3575611807741188,0.49460139932264746,0.13704021854852866,False,True,True,0,True
valid,1a537f94e57acdda6cfad59696759417,3,5,0.3575611807741188,0.5143422228236805,0.15678104204956167,False,True,True,0,True
valid,1a537f94e57acdda6cfad59696759417,4,5,0.3575611807741188,0.5143422228236805,0.15678104204956167,False,True,True,0,True
valid,1a537f94e57acdda6cfad59696759417,5,5,0.3575611807741188,0.505466352305516,0.14790517153139715,False,True,True,0,True
test,ad5d83949a78b7f4a88b59f991bce882,2,2,0.631689053174979,0.6869651926604611,0.055276139485482045,True,True,False,3,False
valid,7e441aaf6e4a5f2985bbe36be6e59208,2,2,0.3285319077010639,0.3923785119659182,0.06384660426485433,False,False,False,0,True
valid,cb31d6a654b3b6be3168cdb05fee80ee,2,2,0.4278261117871993,0.5447359055359322,0.1169097937487329,False,True,True,0,True
test,3010db5aa9feaeb7bf56382abccca96f,2,2,0.39627363967194673,0.5469107421249113,0.15063710245296458,False,True,True,0,True
valid,f37977715eac869c24d6402da2b7a3ac,2,2,0.39514528206937505,0.47070181756553553,0.07555653549616048,False,True,True,9,False
test,1c4a92d82c1b0dec18bef12da3fa7756,2,3,0.621411718120815,0.6678735929601032,0.04646187483928821,True,True,False,6,False
test,1c4a92d82c1b0dec18bef12da3fa7756,3,3,0.621411718120815,0.6744231050259099,0.05301138690509488,True,True,False,11,False
test,43331248a781e8394ddf4779ca2e664f,2,2,0.5461094868393009,0.6796360257881138,0.13352653894881283,True,True,False,0,True
test,0c89556cf6859f7e4b104f2883aa1b97,2,2,0.41014656201062505,0.5734669603349716,0.16332039832434653,False,True,True,0,True
test,b9f687bd75452f5a9050f0445c27b724,2,6,0.4836825759036921,0.5651154128913766,0.08143283698768444,True,True,False,0,True
test,b9f687bd75452f5a9050f0445c27b724,3,6,0.4836825759036921,0.6527832139404062,0.16910063803671405,True,True,False,0,True
test,b9f687bd75452f5a9050f0445c27b724,4,6,0.4836825759036921,0.6575584498193994,0.17387587391570725,True,True,False,0,True
test,b9f687bd75452f5a9050f0445c27b724,5,6,0.4836825759036921,0.6575584498193994,0.17387587391570725,True,True,False,0,True
test,b9f687bd75452f5a9050f0445c27b724,6,6,0.4836825759036921,0.6575584498193994,0.17387587391570725,True,True,False,0,True
test,0690b2d9b983cf580f407531575622c5,2,2,0.5006634840324125,0.6372757069660588,0.1366122229336464,True,True,False,0,True
test,879a1b657dd0ac822411797d57cfe29f,2,2,0.5851866086131796,0.7844602202440079,0.19927361163082824,True,True,False,8,False
test,7e6ae85d806fd4563f0e68f5521321cc,2,2,0.7320139685805214,0.7184278835697404,-0.013586085010780957,True,True,False,8,False
valid,adf281b98295b5c27f37e402ed781595,2,2,0.4128000920091456,0.5047866596973807,0.0919865676882351,False,True,True,0,True
test,d4112b98adfb1a788d4c6205903eaa39,2,2,0.24813968077436255,0.5409898407076941,0.2928501599333315,False,True,True,15,False
test,30a18df212b45e1322b6d81521786ec4,2,3,0.34542554971583983,0.49516600858536153,0.1497404588695217,False,True,True,0,True
test,30a18df212b45e1322b6d81521786ec4,3,3,0.34542554971583983,0.5626791001330876,0.2172535504172478,False,True,True,0,True
valid,d746b7265b49f240491cad6ed27e20be,2,4,0.44072823945537676,0.620907525525844,0.1801792860704673,True,True,False,0,True
valid,d746b7265b49f240491cad6ed27e20be,3,4,0.44072823945537676,0.5961766778643922,0.15544843840901545,True,True,False,0,True
valid,d746b7265b49f240491cad6ed27e20be,4,4,0.44072823945537676,0.5961766778643922,0.15544843840901545,True,True,False,0,True
valid,0068c109948b9a1dfb8530d1978acef3,2,2,0.49202911176837516,0.6459737177268059,0.15394460595843074,True,True,False,0,True
test,d1d768d42cf0f3a2effce95ea71e111a,2,2,0.47352992335306754,0.594352815143157,0.12082289179008943,True,True,False,0,True
test,b7dccfff8a209f34ea09e32b844a0c4e,2,2,0.3916042655429759,0.5929395889459796,0.20133532340300375,False,True,True,0,True
valid,c6981eae927738695c85c3528192c98b,2,2,0.4029441007491291,0.4979103148388203,0.09496621408969119,False,True,True,0,True
test,9446826a31cabe320b77ce398b32a40d,2,2,0.4119362598370365,0.6349572907828491,0.2230210309458126,False,True,True,0,True
valid,9cfee74db86dd5914edd7fdfd39559de,2,2,0.4220904065166905,0.49659706479264565,0.07450665827595515,False,True,True,0,True
valid,17f124568e4923bc842f832fe7fa758a,2,2,0.4635732035270911,0.5305608448369299,0.06698764130983881,True,True,False,0,True
test,9d37855b28af22217050bb2877da8d3e,2,2,0.45260726307439236,0.6071119650047385,0.15450470193034616,True,True,False,1,False
test,abba74619f268802c3e98234e1d2deac,2,4,0.3807512132967229,0.5244698887145134,0.1437186754177905,False,True,True,0,True
test,abba74619f268802c3e98234e1d2deac,3,4,0.3807512132967229,0.5770659923906498,0.19631477909392692,False,True,True,0,True
test,abba74619f268802c3e98234e1d2deac,4,4,0.3807512132967229,0.60113305965604,0.22038184635931712,False,True,True,0,True
test,3927ccce3a002f3ee410b40acac817b4,2,2,0.4915756684526357,0.637866542187742,0.1462908737351063,True,True,False,0,True
valid,c34a43c027fa7de5cb6c02735ada2ffd,2,2,0.5349183862783247,0.6571938152240604,0.12227542894573573,True,True,False,0,True
test,d62c659d70b5d48e0533f60fc47d6791,2,2,0.5385235771852532,0.7780134084213564,0.23948983123610312,True,True,False,0,True
test,e6c4a6f6dd627304bc8f832080958a32,2,2,0.29282954651924076,0.4647288075306172,0.17189926101137643,False,True,True,0,True
valid,6296cd93e0540917385ff96f03f3ad92,2,2,0.34627334476311356,0.40747677649572533,0.06120343173261178,False,False,False,0,True
valid,32fea6db74ff9bb6c713d23f7328bfd3,2,3,0.48803112967317896,0.5976503994056404,0.10961926973246139,True,True,False,0,True
valid,32fea6db74ff9bb6c713d23f7328bfd3,3,3,0.48803112967317896,0.6351602939307395,0.1471291642575605,True,True,False,0,True
test,569845b2e86bae348e1de3d79305e647,2,4,0.4493026277800771,0.610943461243406,0.16164083346332891,True,True,False,0,True
test,569845b2e86bae348e1de3d79305e647,3,4,0.4493026277800771,0.7087840148389183,0.25948138705884116,True,True,False,0,True
test,569845b2e86bae348e1de3d79305e647,4,4,0.4493026277800771,0.7296314367878314,0.28032880900775425,True,True,False,0,True
valid,7c952ad04bbf75547b59e530fa2a30d3,2,2,0.31852189137078124,0.6399570357512496,0.3214351443804684,False,True,True,14,False
valid,9735a2f9279006018ed254377240bf4c,2,2,0.3694405054858724,0.5405923964138335,0.17115189092796113,False,True,True,0,True
test,ac51a8c8ea39e6dfa53f10bdc73d531d,2,4,0.5869820533559607,0.7235328057708315,0.1365507524148708,True,True,False,0,True
test,ac51a8c8ea39e6dfa53f10bdc73d531d,3,4,0.5869820533559607,0.7173874287708999,0.13040537541493924,True,True,False,0,True
test,ac51a8c8ea39e6dfa53f10bdc73d531d,4,4,0.5869820533559607,0.7173874287708999,0.13040537541493924,True,True,False,0,True
valid,cadea13175cc1434c96265941592ab7b,2,2,0.4757032943913432,0.611039623237527,0.13533632884618385,True,True,False,0,True
test,df36d28de846593cdbc153e28f195cd5,2,7,0.6427791048456183,0.49205815861076496,-0.15072094623485333,True,True,False,5,False
test,df36d28de846593cdbc153e28f195cd5,3,7,0.6427791048456183,0.5627707050435758,-0.08000839980204244,True,True,False,5,False
test,df36d28de846593cdbc153e28f195cd5,4,7,0.6427791048456183,0.5908074690779964,-0.05197163576762187,True,True,False,5,False
test,df36d28de846593cdbc153e28f195cd5,5,7,0.6427791048456183,0.5908074690779964,-0.05197163576762187,True,True,False,5,False
test,df36d28de846593cdbc153e28f195cd5,6,7,0.6427791048456183,0.5908074690779964,-0.05197163576762187,True,True,False,5,False
test,df36d28de846593cdbc153e28f195cd5,7,7,0.6427791048456183,0.6043293063670064,-0.03844979847861185,True,True,False,5,False
test,618b0dccb6cd114a77a84daef8d565c4,2,2,0.7413327582878546,0.6420828041091245,-0.09924995417873006,True,True,False,8,False
valid,5ac65ba68cda958dff42081b70fe905e,2,2,0.7052818995931296,0.7108909687346714,0.0056090691415418,True,True,False,0,True
valid,bf727ca6dd2dd84c2edcbebf0a33b4c9,2,2,0.4533167023216086,0.5583059914583559,0.10498928913674732,True,True,False,0,True
test,299372a2c0a08ae166a4dd2a2467dfec,2,3,0.6206838186569479,0.7723618681409866,0.15167804948403873,True,True,False,0,True
test,299372a2c0a08ae166a4dd2a2467dfec,3,3,0.6206838186569479,0.7836383527798159,0.16295453412286798,True,True,False,0,True
valid,d66cd5f088e61b54931e6a5fd6b53198,2,5,0.3479615308846098,0.4095124987985269,0.06155096791391712,False,False,False,0,True
valid,d66cd5f088e61b54931e6a5fd6b53198,3,5,0.3479615308846098,0.5141573273089617,0.1661957964243519,False,True,True,0,True
valid,d66cd5f088e61b54931e6a5fd6b53198,4,5,0.3479615308846098,0.5427787453436567,0.19481721445904687,False,True,True,0,True
valid,d66cd5f088e61b54931e6a5fd6b53198,5,5,0.3479615308846098,0.5427787453436567,0.19481721445904687,False,True,True,0,True
valid,6df3204d235cde9188ca8235366848b7,2,2,0.3539081892579461,0.5091078766350445,0.15519968737709844,False,True,True,0,True
valid,5e72e690a237d037ac0c7cec81dec909,2,2,0.40701604815872516,0.45342328954362554,0.04640724138490038,False,True,True,0,True
test,c024f07f4e10b8bb319211ee4bdd27de,2,2,0.4486984799757835,0.5283983294138739,0.07969984943809039,True,True,False,14,False
test,484e56ded428e884844b504d37d0fbca,2,2,0.6537545550553839,0.683536712064954,0.029782157009570098,True,True,False,0,True
test,da0f19a3cdfb165aec35e395bf5406ea,2,2,0.7363955044754074,0.7807661507736529,0.0443706462982455,True,True,False,0,True
test,d416e69ac2b8a56d17f9b3ad10bb37b0,2,2,0.41233444120689056,0.524467285912883,0.1121328447059925,False,True,True,0,True
test,0be2a2a52adfb0963b9bb86b3b668b90,2,3,0.6065394992014013,0.7381389229236217,0.13159942372222044,True,True,False,0,True
test,0be2a2a52adfb0963b9bb86b3b668b90,3,3,0.6065394992014013,0.7080289255304136,0.10148942632901237,True,True,False,0,True
test,5d7ac6a387319785f60ff58860a82e7e,2,2,0.44334866301851206,0.556204469048998,0.11285580603048595,True,True,False,0,True
test,9b2ed38884a6f4e144ec6ad371ac4112,2,3,0.5819390308814805,0.5271417129812594,-0.05479731790022102,True,True,False,0,True
test,9b2ed38884a6f4e144ec6ad371ac4112,3,3,0.5819390308814805,0.540937723538249,-0.041001307343231486,True,True,False,0,True
test,26c084716c9bc79a4c2991046075e05a,2,2,0.6400860409431999,0.5400480754632865,-0.1000379654799134,True,True,False,0,True
test,110d5bc31762806d51b736cb4b58ad75,2,2,0.4233362836892487,0.6248796779640585,0.20154339427480983,False,True,True,0,True
test,b3b2e969016ca4d8afc0421f0d63b864,2,2,0.7149972596583025,0.7488731483540597,0.033875888695757195,True,True,False,0,True
test,e680246ff33f65fe221f0e11128a4778,2,2,0.3657499087412054,0.5350213942199193,0.16927148547871396,False,True,True,0,True
valid,7829b2091dbfa41a6b5731cbdbdffe1f,2,2,0.43645344807345254,0.5529375227379979,0.11648407466454536,False,True,True,0,True
valid,201af9cf2734e443cdf1ad037eed3639,2,2,0.5730976034142139,0.6377477763254917,0.06465017291127784,True,True,False,8,False
valid,95820ac4fd93f004aa579562aa61bb55,2,3,0.39820132615605786,0.43991041829740274,0.04170909214134488,False,False,False,6,False
valid,95820ac4fd93f004aa579562aa61bb55,3,3,0.39820132615605786,0.49935177341730075,0.10115044726124289,False,True,True,15,False
test,873148516ea6e3bc8c008d756a2a228f,2,3,0.5972551461858278,0.6702290274154215,0.0729738812295937,True,True,False,7,False
test,873148516ea6e3bc8c008d756a2a228f,3,3,0.5972551461858278,0.5555461543336468,-0.04170899185218091,True,True,False,0,True
test,15ccd9465465614391948bdd2d3b4da0,2,2,0.5611585339937912,0.7275227490737279,0.1663642150799367,True,True,False,12,False
valid,c9d34829925a92b0d2d385e3f87c9e93,2,2,0.34203365609895575,0.4371037395039772,0.09507008340502143,False,False,False,0,True
valid,e11d8c8f1891edccae172ab330782a34,2,2,0.4880326750503827,0.67314578118903,0.1851131061386473,True,True,False,0,True
valid,6ca4871d007ce3c4a6173f53028c28fb,2,2,0.5330011004584467,0.5051103218775925,-0.027890778580854203,True,True,False,8,False
test,597233a841339cc9249ce67709f68574,2,6,0.4025181833590552,0.5929113016350516,0.19039311827599636,False,True,True,0,True
test,597233a841339cc9249ce67709f68574,3,6,0.4025181833590552,0.6302304200042135,0.22771223664515827,False,True,True,0,True
test,597233a841339cc9249ce67709f68574,4,6,0.4025181833590552,0.6302304200042135,0.22771223664515827,False,True,True,0,True
test,597233a841339cc9249ce67709f68574,5,6,0.4025181833590552,0.640849894843804,0.23833171148474874,False,True,True,0,True
test,597233a841339cc9249ce67709f68574,6,6,0.4025181833590552,0.640849894843804,0.23833171148474874,False,True,True,0,True
test,987cfe3348684fc007a1e9a4825eadb4,2,2,0.4574217796053547,0.6298101421182467,0.17238836251289202,True,True,False,0,True
valid,4f8d15bb2a3dda4bd3ce42216c330059,2,2,0.42480933076064964,0.49819368075512815,0.07338434999447851,False,True,True,0,True
valid,c852ec0ec6e1f9cc2219fbccac02a688,2,2,0.40685106006501215,0.5266629445327113,0.11981188446769919,False,True,True,0,True
test,97c1ad9812910864f063fcc01544976b,2,2,0.40468212261608516,0.5251608365935417,0.12047871397745658,False,True,True,7,False
valid,1ee0a17c69232d18d8fe9d63045bd6f5,2,2,0.5639824710053523,0.6700037401482937,0.10602126914294141,True,True,False,0,True
test,5bd5cb539a3f28ce071d1b269f342f0b,2,3,0.5175014879149542,0.6843721018285895,0.16687061391363534,True,True,False,0,True
test,5bd5cb539a3f28ce071d1b269f342f0b,3,3,0.5175014879149542,0.7295298330167994,0.2120283451018452,True,True,False,0,True
test,92b675d76f091290310bf9078366b8fb,2,2,0.7663906015460256,0.7114081235289865,-0.05498247801703904,True,True,False,7,False
test,738d6dc61c6c4ddc88d8996cec5dadae,2,2,0.4564483319623359,0.630767982350253,0.17431965038791708,True,True,False,0,True
test,ada9fa782c2b09e429a3075016e025c2,2,3,0.5008563591888788,0.632370410124957,0.13151405093607815,True,True,False,0,True
test,ada9fa782c2b09e429a3075016e025c2,3,3,0.5008563591888788,0.584373775378519,0.08351741618964015,True,True,False,0,True
test,27f9cf9d843287e332dcd815a0feda60,2,3,0.4429809637754789,0.6591491259702036,0.21616816219472468,True,True,False,0,True
test,27f9cf9d843287e332dcd815a0feda60,3,3,0.4429809637754789,0.6282019875105482,0.18522102373506932,True,True,False,0,True
test,8b7b9c6bbef1d12f004035806f43996a,2,2,0.4649661425389412,0.5900119283019478,0.12504578576300662,True,True,False,9,False
valid,2d28ab17a7a4eaa06618d69734143c37,2,2,0.6072017786309296,0.5221587781663656,-0.08504300046456403,True,True,False,0,True
test,fb7d6ea70e823cfb1afca3524282cbf9,2,5,0.48182493948904115,0.6808063113234657,0.19898137183442455,True,True,False,0,True
test,fb7d6ea70e823cfb1afca3524282cbf9,3,5,0.48182493948904115,0.7345841709953702,0.25275923150632906,True,True,False,0,True
test,fb7d6ea70e823cfb1afca3524282cbf9,4,5,0.48182493948904115,0.752627219805102,0.2708022803160609,True,True,False,0,True
test,fb7d6ea70e823cfb1afca3524282cbf9,5,5,0.48182493948904115,0.752627219805102,0.2708022803160609,True,True,False,0,True
valid,1e7daa50f3b5b4b0325e1467947249f1,2,2,0.5347000986467298,0.5543998602895142,0.019699761642784308,True,True,False,12,False
test,fc325d6bae67acedec72848583cc6d27,2,2,0.4118188775840965,0.5862643238406121,0.1744454462565156,False,True,True,0,True
test,d08bba6d656adbdc54eaf30b29532e89,2,2,0.4266474398908524,0.5821921541424926,0.15554471425164018,False,True,True,14,False
test,86df5fa6306829eeeab1906b3f7ad102,2,2,0.3477622185305449,0.5636461438043876,0.2158839252738427,False,True,True,0,True
valid,e435bbf238549cbb883e87ec7957aadb,2,2,0.36522486274347055,0.5169140785633357,0.15168921581986516,False,True,True,0,True
valid,69a2e27fe34392681b7b5ab9c5aea437,2,2,0.36357167139109337,0.49526713645913734,0.13169546506804397,False,True,True,8,False
test,6f6141eab1bb4e6c11c31e631b60443a,2,2,0.4717667881571296,0.6375630555321735,0.16579626737504394,True,True,False,0,True
test,d5cda33c87a415a696188f2f71799fe0,2,2,0.4522027836641894,0.631304201092289,0.1791014174280996,True,True,False,0,True
test,f55550ceb7e4387a3fc606d19e6461b5,2,2,0.664364006060834,0.649246538569249,-0.015117467491585046,True,True,False,5,False
test,ffd6f465cab015b452d398ac1f5d978a,2,3,0.5738494069371884,0.7725886494417127,0.19873924250452424,True,True,False,0,True
test,ffd6f465cab015b452d398ac1f5d978a,3,3,0.5738494069371884,0.7868806008559703,0.2130311939187819,True,True,False,0,True
test,4620d9ef6b668ab50248cec23ba52f89,2,3,0.5678774090376979,0.7518750049476597,0.1839975959099618,True,True,False,11,False
test,4620d9ef6b668ab50248cec23ba52f89,3,3,0.5678774090376979,0.7442625914576428,0.17638518241994494,True,True,False,0,True
valid,7b0e8a1996764645b732cc1916a504c6,2,3,0.4799728554054795,0.47642187666033975,-0.0035509787451397656,True,True,False,0,True
valid,7b0e8a1996764645b732cc1916a504c6,3,3,0.4799728554054795,0.5758043535555611,0.09583149815008163,True,True,False,0,True
valid,3e269d8ec37b0e8f74c0aaac57c8b059,2,4,0.5670750573022676,0.6960794151357728,0.12900435783350517,True,True,False,0,True
valid,3e269d8ec37b0e8f74c0aaac57c8b059,3,4,0.5670750573022676,0.6813834532738285,0.11430839597156095,True,True,False,0,True
valid,3e269d8ec37b0e8f74c0aaac57c8b059,4,4,0.5670750573022676,0.6813834532738285,0.11430839597156095,True,True,False,0,True
valid,682da741766046a2d5bb0e924158bc73,2,3,0.5253061145753417,0.647267378389639,0.12196126381429728,True,True,False,0,True
valid,682da741766046a2d5bb0e924158bc73,3,3,0.5253061145753417,0.6606352498027441,0.13532913522740242,True,True,False,0,True
test,85b1e09d7a230790544ffb86902bf77b,2,2,0.48302968725281314,0.6329112447511632,0.14988155749835008,True,True,False,0,True
test,deb9ebf182337ea635032e7f0336b27c,2,2,0.4718472994156072,0.6183570827916929,0.14650978337608567,True,True,False,0,True
test,ac13d782734edd6b595ba54850c1431f,2,3,0.5209543434277251,0.7032176380259583,0.1822632945982332,True,True,False,0,True
test,ac13d782734edd6b595ba54850c1431f,3,3,0.5209543434277251,0.7254621394981562,0.20450779607043112,True,True,False,0,True
test,743277e5089af7df0cbd543c93e5d852,2,2,0.36916692595853173,0.5581063059602798,0.18893938000174804,False,True,True,0,True
test,ffb2c3a5bb149a2f860e5d057096201f,2,4,0.5234696225576939,0.6932769669873978,0.1698073444297039,True,True,False,0,True
test,ffb2c3a5bb149a2f860e5d057096201f,3,4,0.5234696225576939,0.7302897428407993,0.20682012028310537,True,True,False,0,True
test,ffb2c3a5bb149a2f860e5d057096201f,4,4,0.5234696225576939,0.7414121683662785,0.21794254580858463,True,True,False,0,True
test,53c6881417e68018f3caf8efba6a72d5,2,2,0.5819562974078352,0.4250903622975163,-0.15686593511031888,True,False,False,0,True
test,3396c76572477649afb42b741f245a12,2,2,0.40461321074372414,0.4807168783371001,0.07610366759337595,False,True,True,0,True
test,7ae97f48d1e1624e8baae4a3faee4837,2,2,0.45455411570945914,0.5714325371010416,0.11687842139158244,True,True,False,0,True
test,3ac72d6b4d6ecee25955544a54657e3b,2,3,0.38651202020766584,0.6122437807090231,0.22573176050135724,False,True,True,0,True
test,3ac72d6b4d6ecee25955544a54657e3b,3,3,0.38651202020766584,0.5831663903750834,0.1966543701674176,False,True,True,0,True
valid,797834b0b8c2be7b7033838ffead123a,2,2,0.4551504982385969,0.5109107042080743,0.055760205969477394,True,True,False,0,True
valid,a4da095fd83534c9f86f28e6f7eea0e5,2,2,0.41122915156041606,0.47043573540290295,0.05920658384248689,False,True,True,0,True
test,a27544b4fea081b6353b05318c2d7944,2,5,0.36176148067737446,0.5351319174279426,0.17337043675056818,False,True,True,0,True
test,a27544b4fea081b6353b05318c2d7944,3,5,0.36176148067737446,0.6265545800336263,0.26479309935625184,False,True,True,0,True
test,a27544b4fea081b6353b05318c2d7944,4,5,0.36176148067737446,0.6522548269296538,0.2904933462522793,False,True,True,0,True
test,a27544b4fea081b6353b05318c2d7944,5,5,0.36176148067737446,0.6522548269296538,0.2904933462522793,False,True,True,0,True
test,2d3b53a594f674cb7c476510f364c430,2,2,0.2719533582853346,0.5701130978741233,0.2981597395887887,False,True,True,0,True
test,407fe646704ea7828e324c8ef7e7e616,2,3,0.4720005481409252,0.6398680043629517,0.16786745622202648,True,True,False,13,False
test,407fe646704ea7828e324c8ef7e7e616,3,3,0.4720005481409252,0.6781291464175484,0.20612859827662322,True,True,False,13,False
valid,4396b37f55a457b870dcd9137cf07e84,2,2,0.34130520470627,0.5559043505350056,0.21459914582873563,False,True,True,0,True
test,a731c3a7a6915d1e0a711b745f73bc49,2,2,0.35907358127014977,0.7016141953941764,0.3425406141240266,False,True,True,12,False
test,f86672be5bf85864e88a08f231b43c2d,2,2,0.7558836596753304,0.6667209993256766,-0.08916266034965381,True,True,False,8,False
test,695bdd39d2b8c25bb80207a161ed8086,2,2,0.46428406454951865,0.6354401369835665,0.17115607243404785,True,True,False,0,True
valid,3a73fa58ac16869d242abd0320be97cf,2,2,0.3596257694989383,0.40488870746743066,0.045262937968492345,False,False,False,3,False
test,e1628b041fbaf3d0df5f995d0ad91cbc,2,2,0.46868500901808885,0.6326874131629543,0.16400240414486544,True,True,False,0,True
valid,45390ff93f092f0de1524d486a172c33,2,2,0.2917533817768174,0.4145905196725149,0.1228371378956975,False,False,False,1,False
test,0cf6d9903d24cb0d6ef8817a9612fbfd,2,5,0.3815579692986292,0.6151357172710475,0.23357774797241837,False,True,True,0,True
test,0cf6d9903d24cb0d6ef8817a9612fbfd,3,5,0.3815579692986292,0.6289154371601482,0.24735746786151902,False,True,True,0,True
test,0cf6d9903d24cb0d6ef8817a9612fbfd,4,5,0.3815579692986292,0.6500818622846611,0.26852389298603196,False,True,True,0,True
test,0cf6d9903d24cb0d6ef8817a9612fbfd,5,5,0.3815579692986292,0.6500818622846611,0.26852389298603196,False,True,True,0,True
test,027bc78621f14cf45a7ce8dd83bf6516,2,2,0.4041901108386363,0.5763959617207259,0.17220585088208962,False,True,True,0,True
test,8e4614fbf9caf0cbe6bb3d1ac53d4f82,2,2,0.5906290413760773,0.5445488986489331,-0.046080142727144224,True,True,False,0,True
test,4c1beae7711b189eeb2b75d2e689a9c8,2,2,0.4386058634100135,0.6024648529015129,0.16385898949149935,False,True,True,0,True
valid,33caef2ad890ad9d024fb272d1b14bc5,2,3,0.3643451800917872,0.4966531210135038,0.1323079409217166,False,True,True,0,True
valid,33caef2ad890ad9d024fb272d1b14bc5,3,3,0.3643451800917872,0.6073497473704712,0.24300456727868402,False,True,True,0,True
test,a74a66237984e5fbc84b4900fb3cd430,2,2,0.3702005010883771,0.5773782054223812,0.20717770433400406,False,True,True,0,True
valid,28c723236c59abdde8cca758e1afd07a,2,2,0.7437151800590937,0.6797952183883853,-0.06391996167070835,True,True,False,8,False
valid,4eefdd4c3ea96c1f7ac1bac3a9485072,2,2,0.43759654509347523,0.550061096693615,0.1124645516001398,False,True,True,0,True
valid,728416b0db65935dbf78a0cc03e8d6f8,2,4,0.44854505854505033,0.5722010212872579,0.12365596274220758,True,True,False,0,True
valid,728416b0db65935dbf78a0cc03e8d6f8,3,4,0.44854505854505033,0.6118483973928299,0.1633033388477796,True,True,False,0,True
valid,728416b0db65935dbf78a0cc03e8d6f8,4,4,0.44854505854505033,0.6318921297687643,0.18334707122371396,True,True,False,0,True
valid,91073b9465875bcedff77d6df7b681a1,2,2,0.34857954970931315,0.4788469610266789,0.13026741131736574,False,True,True,0,True
test,645779176d5d254b38d767ba3712cfaf,2,2,0.4517704297659776,0.5670442966884204,0.11527386692244279,True,True,False,6,False
test,44c536f6ba15a4faf44a3b9aa9ee803b,2,6,0.4536135326582642,0.6558876612371369,0.20227412857887273,True,True,False,0,True
test,44c536f6ba15a4faf44a3b9aa9ee803b,3,6,0.4536135326582642,0.6970050432788741,0.24339151062060993,True,True,False,0,True
test,44c536f6ba15a4faf44a3b9aa9ee803b,4,6,0.4536135326582642,0.7085982193404032,0.25498468668213903,True,True,False,0,True
test,44c536f6ba15a4faf44a3b9aa9ee803b,5,6,0.4536135326582642,0.7085982193404032,0.25498468668213903,True,True,False,0,True
test,44c536f6ba15a4faf44a3b9aa9ee803b,6,6,0.4536135326582642,0.7085982193404032,0.25498468668213903,True,True,False,0,True
valid,a78d3e0dd36caaa19d8b61e8de27ad1a,2,2,0.33549312791116004,0.4483495557666328,0.11285642785547279,False,True,True,0,True
test,036091098bdc85e780fc3594006276b7,2,2,0.5074654479347077,0.616820020219134,0.10935457228442624,True,True,False,0,True
valid,fa26763c58fa3379d19525e7381fbdff,2,2,0.4945639501057272,0.6193586128551326,0.12479466274940543,True,True,False,0,True
valid,969791845aebad4fe9d49530189384b9,2,4,0.35671719338903884,0.3755618949608097,0.018844701571770872,False,False,False,0,True
valid,969791845aebad4fe9d49530189384b9,3,4,0.35671719338903884,0.4068511785040727,0.05013398511503386,False,False,False,0,True
valid,969791845aebad4fe9d49530189384b9,4,4,0.35671719338903884,0.4249579683719088,0.06824077498286996,False,False,False,0,True
valid,f75af398a39ffa0d9488c740a4b259cb,2,3,0.43279264683666197,0.5572139913394486,0.12442134450278663,False,True,True,0,True
valid,f75af398a39ffa0d9488c740a4b259cb,3,3,0.43279264683666197,0.594034287588662,0.16124164075199998,False,True,True,0,True
valid,a439a8612081437ade41c9820aa46aa6,2,2,0.2932322049814201,0.34624950101383833,0.053017296032418226,False,False,False,0,True
test,f92433147728892c780115a18706574a,2,2,0.4274030514998025,0.6062856857116472,0.1788826342118447,False,True,True,0,True
test,01cce1175ac3c4a450e3a0f856d02734,2,2,0.40875600013492197,0.5868833895723897,0.17812738943746775,False,True,True,11,False
test,1905071c46575209972c8c3e9e8d2ee8,2,2,0.4025354549466066,0.5410528784954882,0.13851742354888164,False,True,True,0,True
test,c32e3ab33d96cb52eb3981e6dfc3f9c4,2,2,0.5532207660591577,0.7041135799551427,0.15089281389598497,True,True,False,7,False
valid,e98fdad1f9ba500a9aecfaa90e1662cd,2,3,0.5742463491534155,0.6485676834010082,0.07432133424759269,True,True,False,0,True
valid,e98fdad1f9ba500a9aecfaa90e1662cd,3,3,0.5742463491534155,0.6820697802795381,0.10782343112612258,True,True,False,0,True
test,9d6467a1178784a5748e266e3425c170,2,6,0.49970734043830056,0.6844196127031568,0.1847122722648562,True,True,False,0,True
test,9d6467a1178784a5748e266e3425c170,3,6,0.49970734043830056,0.7163076529553942,0.21660031251709366,True,True,False,0,True
test,9d6467a1178784a5748e266e3425c170,4,6,0.49970734043830056,0.7163076529553942,0.21660031251709366,True,True,False,0,True
test,9d6467a1178784a5748e266e3425c170,5,6,0.49970734043830056,0.7163076529553942,0.21660031251709366,True,True,False,0,True
test,9d6467a1178784a5748e266e3425c170,6,6,0.49970734043830056,0.7163076529553942,0.21660031251709366,True,True,False,0,True
valid,52acad099b2a57fc90af92b1078c1cb3,2,2,0.3416682589876945,0.434790578522129,0.0931223195344345,False,False,False,0,True
test,b38fbed274a7c384e5f97ea88cc40741,2,2,0.39701163651531923,0.5720943080628837,0.17508267154756452,False,True,True,0,True
test,3171f1efdad00e249ba4ba19af1726eb,2,2,0.3861450000475125,0.5899652724363491,0.2038202723888366,False,True,True,13,False
test,9bddf07b813124e63282b716df591c36,2,3,0.4276536712327117,0.6258617904565889,0.19820811922387715,False,True,True,0,True
test,9bddf07b813124e63282b716df591c36,3,3,0.4276536712327117,0.6271321745958605,0.19947850336314876,False,True,True,0,True
valid,f6934b4bd0acebc64b144b12066942c5,2,3,0.45422717779399024,0.5830493466813542,0.12882216888736397,True,True,False,0,True
valid,f6934b4bd0acebc64b144b12066942c5,3,3,0.45422717779399024,0.5995438969888705,0.1453167191948802,True,True,False,0,True
test,d364ed074343c683a974cfa900a9d4c9,2,2,0.7564640225761059,0.6665168096423899,-0.08994721293371599,True,True,False,10,False
valid,d43703ed017fdf31282e58bc07edb65f,2,2,0.509813438148752,0.6100199429461359,0.10020650479738391,True,True,False,0,True
test,62ce4e3989a3477928510bb4d1064cc4,2,6,0.3648011494116603,0.6975773880428585,0.3327762386311982,False,True,True,11,False
test,62ce4e3989a3477928510bb4d1064cc4,3,6,0.3648011494116603,0.7372904836235148,0.3724893342118545,False,True,True,10,False
test,62ce4e3989a3477928510bb4d1064cc4,4,6,0.3648011494116603,0.5702992129999485,0.20549806358828815,False,True,True,0,True
test,62ce4e3989a3477928510bb4d1064cc4,5,6,0.3648011494116603,0.5702992129999485,0.20549806358828815,False,True,True,0,True
test,62ce4e3989a3477928510bb4d1064cc4,6,6,0.3648011494116603,0.7460740990133616,0.3812729496017013,False,True,True,10,False
test,bb645512c737c47f7bb875b67153b3f4,2,2,0.3070706855755172,0.56595251577505,0.2588818301995328,False,True,True,0,True
test,1a57108394169c0b47d8f876acc9ba2d,2,2,0.38372999528240825,0.5764000738686196,0.19267007858621132,False,True,True,0,True
test,1166c0cee90e165a1b3cf275339be6cc,2,2,0.48724024497415663,0.6560279308640189,0.16878768588986226,True,True,False,0,True
test,47e395802e5caea991cb407fead78614,2,2,0.3403981111339557,0.5887921758601122,0.24839406472615655,False,True,True,0,True
test,d054d1dbbf0ebf14005e7cdedf8dc96d,2,3,0.5378327068622892,0.6918225124905621,0.1539898056282729,True,True,False,0,True
test,d054d1dbbf0ebf14005e7cdedf8dc96d,3,3,0.5378327068622892,0.7283789028296965,0.1905461959674073,True,True,False,0,True
test,d1eeb7258c6971ef8e350b3cf74bb7cf,2,2,0.46930391564519847,0.5939558404391643,0.12465192479396581,True,True,False,0,True
test,957422760905270c48cddad7bb2b3c63,2,2,0.46451569365010126,0.6298548980044942,0.16533920435439298,True,True,False,0,True
test,2e0900f25a11a9802bc76d2613b1144c,2,2,0.5123690881439933,0.6934911643479182,0.18112207620392495,True,True,False,0,True
test,736e1922ae60d0d6a89247b851902527,2,4,0.5223476969831812,0.7378006580645762,0.215452961081395,True,True,False,0,True
test,736e1922ae60d0d6a89247b851902527,3,4,0.5223476969831812,0.7669560559423119,0.2446083589591307,True,True,False,0,True
test,736e1922ae60d0d6a89247b851902527,4,4,0.5223476969831812,0.7795873244217459,0.25723962743856477,True,True,False,0,True
test,f45b5f54393b15cb48be3cbac8dd536f,2,2,0.6297017761464057,0.6030236108088934,-0.026678165337512216,True,True,False,8,False
valid,57497f963890881878c6c1e61af37960,2,2,0.3853028648529233,0.47250301956219454,0.08720015470927123,False,True,True,1,False
test,48e70325bb404002e8ab78b3cf46a5fb,2,2,0.350034756702736,0.5151452153937514,0.16511045869101537,False,True,True,0,True
test,3bc480522832a0e93da7aeced8fcd9a1,2,3,0.4646163240010128,0.665083280835314,0.20046695683430116,True,True,False,0,True
test,3bc480522832a0e93da7aeced8fcd9a1,3,3,0.4646163240010128,0.6909938304490778,0.22637750644806498,True,True,False,0,True
test,5b43fbc291ca14497fcffc16d301365e,2,2,0.5863304335432228,0.7572345707211335,0.17090413717791075,True,True,False,0,True
test,c1ff65479834ffeb424c5a78cd65ce4c,2,3,0.4455045226136617,0.6158383723029381,0.17033384968927645,True,True,False,3,False
test,c1ff65479834ffeb424c5a78cd65ce4c,3,3,0.4455045226136617,0.670922655993886,0.22541813338022432,True,True,False,1,False
test,71faacf7cbbbe99af405624f55e3bfca,2,2,0.40044153122966175,0.6305555628361559,0.23011403160649413,False,True,True,0,True
test,d8fa73e826d6e93ef59e9ebb19e2c08a,2,3,0.37200940220347256,0.5861237190777839,0.21411431687431137,False,True,True,0,True
test,d8fa73e826d6e93ef59e9ebb19e2c08a,3,3,0.37200940220347256,0.6328493415539824,0.26083993935050986,False,True,True,0,True
test,2d13edfc9500d7a00b30da501d70359b,2,2,0.6628683880151015,0.640275360440494,-0.02259302757460746,True,True,False,0,True
test,193a665b822ac18f6b67b7705da3d66c,2,5,0.5303230310257956,0.5386032222171176,0.008280191191322062,True,True,False,0,True
test,193a665b822ac18f6b67b7705da3d66c,3,5,0.5303230310257956,0.5797195685114267,0.04939653748563111,True,True,False,0,True
test,193a665b822ac18f6b67b7705da3d66c,4,5,0.5303230310257956,0.5797195685114267,0.04939653748563111,True,True,False,0,True
test,193a665b822ac18f6b67b7705da3d66c,5,5,0.5303230310257956,0.5797195685114267,0.04939653748563111,True,True,False,0,True
valid,26cc9c222792e6af792575ab34ee3ecc,2,2,0.6533467900122424,0.5373081571303484,-0.11603863288189398,True,True,False,9,False
valid,c7e3603d9e577642558373a0e3eed860,2,2,0.41969191740251555,0.5562280123284082,0.1365360949258927,False,True,True,0,True
valid,153a0c506e50c26d2279e2ba4187f892,2,2,0.7225463832170007,0.6490510382099055,-0.0734953450070952,True,True,False,11,False
valid,cc3c4543672fb8402491897f7ad1af33,2,2,0.347394547508017,0.44440700887192663,0.09701246136390962,False,True,True,0,True
test,07f56da421233e467768e579872a0a9b,2,2,0.6608974064913626,0.6618977286036283,0.0010003221122656392,True,True,False,0,True
test,22dd3a753c65e7fcfd78f61a4ad7b32e,2,2,0.6851058198495446,0.5440884983493552,-0.1410173215001893,True,True,False,8,False
valid,159071a1852cacb075d31e4ae77aa7a3,2,2,0.389518710109779,0.3234832834557617,-0.06603542665401729,False,False,False,10,False
valid,3e3a94885730f7e2aa4da0a98a4180e0,2,2,0.2321412081744274,0.35647795286722883,0.12433674469280143,False,False,False,1,False
test,194f1c2a129a89001a71ac255d239fff,2,2,0.3029421815756177,0.38157115138558007,0.07862896980996237,False,False,False,0,True
test,7d2f60154f0f8219ade132f874d2e500,2,2,0.5248153733362342,0.7506849763218835,0.2258696029856493,True,True,False,8,False
test,7f9e3a613e4d2212870577798bc8965a,2,3,0.4255030974912495,0.5762951970775303,0.15079209958628081,False,True,True,0,True
test,7f9e3a613e4d2212870577798bc8965a,3,3,0.4255030974912495,0.5950343038678727,0.16953120637662322,False,True,True,0,True
test,f3b74114022a0413aff30103cdea2cd9,2,2,0.4341356480294375,0.6058557716333424,0.17172012360390487,False,True,True,5,False
test,d80b473a1e39c2640618ae7d6e181f4d,2,2,0.40232602074705104,0.5084733898484273,0.10614736910137623,False,True,True,0,True
valid,1a46be998b91e96ff9bdd066816556d7,2,2,0.5146799114859817,0.6293271275531465,0.11464721606716477,True,True,False,0,True
test,dc20ddee58064808944cd819f518dcc1,2,2,0.42834168743257206,0.6005013400308501,0.17215965259827803,False,True,True,0,True
test,6653526158fc41798fd489f9b3c86b56,2,2,0.4646734435951757,0.7171232656795542,0.2524498220843785,True,True,False,6,False
test,bd53eaf563a119c58bdf9a9d5b8cd012,2,2,0.5481045874448405,0.6560996437288924,0.10799505628405193,True,True,False,0,True
test,e7938bd84b6b7a281bce96a5bc2340f8,2,2,0.5629325461472432,0.7334250149330608,0.17049246878581759,True,True,False,0,True
valid,89be631fd4bcaeb41bbc2f969b37aecf,2,2,0.5416036943392474,0.576711017823434,0.03510732348418666,True,True,False,0,True
test,3ef3c91a36437f7a1e4d4556a0543004,2,2,0.2790857263207699,0.5556257556100335,0.2765400292892636,False,True,True,0,True
test,a8f5ea0830ac9ffd1d2864434bcddb70,2,2,0.4785083011940111,0.771208815793954,0.29270051459994284,True,True,False,14,False
valid,6c34149971656b37763f96b5827de8dd,2,3,0.4581855146487156,0.5204754524278437,0.06228993777912806,True,True,False,0,True
valid,6c34149971656b37763f96b5827de8dd,3,3,0.4581855146487156,0.5491032369299229,0.09091772228120731,True,True,False,0,True
test,d80bc8900db383324d145cfb1c1aa854,2,3,0.4011358058854806,0.6020861339865196,0.20095032810103897,False,True,True,0,True
test,d80bc8900db383324d145cfb1c1aa854,3,3,0.4011358058854806,0.6364070169253906,0.23527121103991,False,True,True,0,True
test,1030193a05167a7f359eac22342727c7,2,2,0.38645930449302535,0.5524836027455859,0.1660242982525606,False,True,True,0,True
valid,fbdefc6748a086900f96b1713c6bb1ea,2,3,0.4695247799658828,0.5900022606007449,0.12047748063486208,True,True,False,0,True
valid,fbdefc6748a086900f96b1713c6bb1ea,3,3,0.4695247799658828,0.6162508501712716,0.14672607020538875,True,True,False,0,True
test,5c12f254446ca6ab5edd195f6ca79d22,2,2,0.5135402019635169,0.6284698050790178,0.11492960311550093,True,True,False,0,True
valid,9dcef670d743a0deba5b2598d7121679,2,2,0.4677457055926668,0.5234866234077851,0.05574091781511825,True,True,False,0,True
valid,85c467a504e5796387bb68fe2adcc256,2,2,0.3572893103046173,0.46999819578913626,0.11270888548451896,False,True,True,0,True
valid,4fc7fe1bc9c28e87c8d77a28aefb97f4,2,2,0.4154725119049685,0.5309964427515834,0.11552393084661494,False,True,True,0,True
test,421bc5d68665463cbb939db50847894d,2,2,0.47005587903919355,0.7150755666984814,0.24501968765928783,True,True,False,0,True
test,d1ab8de1e279bd8a55e4135f83d5c599,2,3,0.35702259840333384,0.4523920559877166,0.09536945758438276,False,True,True,10,False
test,d1ab8de1e279bd8a55e4135f83d5c599,3,3,0.35702259840333384,0.4979670656581173,0.1409444672547835,False,True,True,6,False
test,2a713182dbde7d2e65a7202532650f44,2,2,0.4102876943171063,0.5453503629619872,0.13506266864488092,False,True,True,0,True
valid,dd936caa925da4ddcfc308b3c788f643,2,2,0.451108836014396,0.528232712776058,0.07712387676166199,True,True,False,0,True
test,eef2a734891eb6818c0c74bce088a982,2,2,0.40249525854212664,0.6029021670122783,0.20040690847015163,False,True,True,0,True
test,f1aae2e4d1a714c4204f8fbfa09ea9b1,2,3,0.5081489925915414,0.6850372813854078,0.1768882887938663,True,True,False,0,True
test,f1aae2e4d1a714c4204f8fbfa09ea9b1,3,3,0.5081489925915414,0.7211378221780312,0.2129888295864898,True,True,False,0,True
valid,8af5834451865606adcc31b165d6ae54,2,3,0.4422710002303777,0.6008844035245295,0.15861340329415186,True,True,False,4,False
valid,8af5834451865606adcc31b165d6ae54,3,3,0.4422710002303777,0.5683281801167354,0.12605717988635767,True,True,False,4,False
valid,003f201cdd39cdd59b6447cff2195456,2,2,0.33622390839547467,0.39066665520399657,0.0544427468085219,False,False,False,0,True
valid,cdc165621bae221dc3a5f8788166a412,2,2,0.35777932318615346,0.4231118180046909,0.06533249481853742,False,False,False,0,True
valid,ac8a7a5a2eb68fd70147207a05c5e9d9,2,5,0.4939121626294851,0.6222112294045341,0.128299066775049,True,True,False,0,True
valid,ac8a7a5a2eb68fd70147207a05c5e9d9,3,5,0.4939121626294851,0.6708429098214268,0.17693074719194168,True,True,False,0,True
valid,ac8a7a5a2eb68fd70147207a05c5e9d9,4,5,0.4939121626294851,0.6708429098214268,0.17693074719194168,True,True,False,0,True
valid,ac8a7a5a2eb68fd70147207a05c5e9d9,5,5,0.4939121626294851,0.6808866055670681,0.18697444293758303,True,True,False,0,True
test,cf37a6688914645a71144b349992b4d9,2,2,0.34218444025853334,0.5390003396234725,0.19681589936493915,False,True,True,0,True
test,fa01cb3e41fcdf8cf3c55e01a5477d46,2,3,0.45389688325335353,0.5592230759380221,0.10532619268466858,True,True,False,0,True
test,fa01cb3e41fcdf8cf3c55e01a5477d46,3,3,0.45389688325335353,0.6362420462756369,0.18234516302228332,True,True,False,0,True
valid,814ea040061a40f0e1c8e5decbc2f507,2,2,0.4435496042873772,0.533009057399592,0.08945945311221482,True,True,False,8,False
test,2da8bce3611134cc95cb5d33bf1e2d3b,2,2,0.8035430513597923,0.6264793882517435,-0.17706366310804877,True,True,False,7,False
test,107e9841427111622a645103d621ffeb,2,2,0.4457965660495262,0.5316879949648463,0.08589142891532009,True,True,False,0,True
valid,1a87026789a452cfc4547ee851e606a8,2,2,0.3433616045451868,0.7100004736488885,0.3666388691037017,False,True,True,12,False
test,f4bc8c5c2d0700575efaf3a5f913bc65,2,2,0.5548092293637432,0.6849588503668267,0.13014962100308347,True,True,False,0,True
valid,9fc10bcc93ad640d50e93cf996487104,2,2,0.4254976816349686,0.5275946295848388,0.10209694794987023,False,True,True,0,True
test,88834299d278c558dc9d76e61f0c2388,2,2,0.36606512179464135,0.4803919251800236,0.11432680338538226,False,True,True,0,True
test,63691fa9c900687fdba06cdfee1b0ffd,2,2,0.5283506228253172,0.677586772747157,0.14923614992183976,True,True,False,8,False
test,fd0d8a359529c8fc086392d5b309d9ba,2,2,0.35804029613963373,0.5896409348081206,0.2316006386684869,False,True,True,12,False
test,b07ccdfa28017f65163b05eaa308ff97,2,2,0.426978822389102,0.5946227746400118,0.16764395225090978,False,True,True,5,False
valid,29ae0692b28230c48573dd73920619c2,2,2,0.41714825520664245,0.525359595295486,0.10821134008884359,False,True,True,0,True
valid,9cf68a98289ead1bb2175c2323255969,2,3,0.43533972931406895,0.5313629201477438,0.09602319083367483,False,True,True,0,True
valid,9cf68a98289ead1bb2175c2323255969,3,3,0.43533972931406895,0.5985734633105269,0.1632337339964579,False,True,True,0,True
valid,746aa06bf2958c834fce5348ecc31ed2,2,2,0.31336074861660523,0.43108309021024227,0.11772234159363704,False,False,False,0,True
test,380a3824a3077f718ff3e99534666bda,2,2,0.35131853137206204,0.5592197715350533,0.20790124016299127,False,True,True,0,True
test,167a89d17687b40764e54424ec1f9afd,2,2,0.7660684290651631,0.6276287660239709,-0.13843966304119226,True,True,False,10,False
valid,ed63d1955429b2d9b6172c755b4fa1b2,2,2,0.39509624859763126,0.624705531294531,0.22960928269689973,False,True,True,11,False
test,a0b393aaf1085966f34beb2d95817462,2,3,0.5099618693135566,0.6316995674558012,0.12173769814224467,True,True,False,0,True
test,a0b393aaf1085966f34beb2d95817462,3,3,0.5099618693135566,0.6466113620414293,0.13664949272787275,True,True,False,0,True
test,9991f93b8033efb6a155363142504f5a,2,2,0.42259492331199366,0.6139265359447881,0.1913316126327944,False,True,True,0,True
valid,ab30f399d360ddf62897051d813f887d,2,2,0.5169587582502975,0.6405358032875397,0.1235770450372422,True,True,False,1,False
test,89e7c89d4642d0f6de33b1314a209e96,2,2,0.4107611023790443,0.6071078793698483,0.19634677699080405,False,True,True,0,True
valid,3ad2e13d56e3d1d5078077f694885efd,2,2,0.3625357583947272,0.46572106838896066,0.10318530999423348,False,True,True,0,True
valid,66b9c991ee308f9342f6a7f63bb68251,2,2,0.5187740080461467,0.6717478759322075,0.15297386788606082,True,True,False,0,True
test,6a93b0cb6a5a2c7732677334a4535a1d,2,2,0.47224841958258423,0.6914579838034373,0.21920956422085303,True,True,False,3,False
test,371ed9cae9680ffd6905f4e51f6a469b,2,2,0.39283237984161623,0.5773644198422972,0.18453204000068102,False,True,True,0,True
valid,4a473906f11c8fe0749d47d07c24d13f,2,2,0.5271306739247313,0.6017451543902752,0.07461448046554386,True,True,False,1,False
valid,55f8a030ae34836632355176608c7314,2,3,0.5176992482486888,0.6478023512418543,0.1301031029931654,True,True,False,9,False
valid,55f8a030ae34836632355176608c7314,3,3,0.5176992482486888,0.7047988241571317,0.18709957590844284,True,True,False,0,True
valid,16f4c47c722704ef26d0f086cb75d213,2,2,0.5168354654725882,0.6411081163823761,0.1242726509097879,True,True,False,0,True
test,abccdfc385eeac64f4e5147bc7d9191c,2,3,0.45156913236764906,0.582694962278528,0.13112582991087895,True,True,False,10,False
test,abccdfc385eeac64f4e5147bc7d9191c,3,3,0.45156913236764906,0.5875599626022258,0.1359908302345767,True,True,False,0,True
test,7287b2de6dc6c20b794e9a068815314b,2,2,0.3963232079686788,0.579913471956947,0.18359026398826817,False,True,True,9,False
test,075e94be744f3e28a18d6ea444785f45,2,2,0.3614428059314545,0.5528173434811221,0.1913745375496676,False,True,True,0,True
valid,1a792d35aa2e9abd1036092085f00549,2,2,0.3592739073331134,0.5574248529091378,0.19815094557602442,False,True,True,0,True
test,b79a7395d3911e77688dfe966105a683,2,2,0.5073310562069081,0.6758184601001552,0.16848740389324712,True,True,False,0,True
test,3177d42193cdca823f8c5d96008a4c7b,2,4,0.48209034213496016,0.6821524035164945,0.20006206138153437,True,True,False,0,True
test,3177d42193cdca823f8c5d96008a4c7b,3,4,0.48209034213496016,0.7054266080831504,0.22333626594819023,True,True,False,0,True
test,3177d42193cdca823f8c5d96008a4c7b,4,4,0.48209034213496016,0.7195551396973883,0.2374647975624281,True,True,False,0,True
test,d6af6233aac78108f824d75f4461fa14,2,3,0.3522278452131061,0.6146726651146471,0.262444819901541,False,True,True,0,True
test,d6af6233aac78108f824d75f4461fa14,3,3,0.3522278452131061,0.6360974373411431,0.283869592128037,False,True,True,0,True
test,35b0513eaf7a477cdb93469b7b4a3d6c,2,2,0.5202895350327947,0.6580599911509699,0.13777045611817518,True,True,False,0,True
test,5af5569e61eae15d683a20b707882e60,2,2,0.46529478115583167,0.6427884113456438,0.17749363018981212,True,True,False,0,True
test,35990049382e07dba1a9ef3550cad655,2,6,0.49971950337269544,0.6412820568238138,0.14156255345111834,True,True,False,0,True
test,35990049382e07dba1a9ef3550cad655,3,6,0.49971950337269544,0.678123741466194,0.1784042380934986,True,True,False,0,True
test,35990049382e07dba1a9ef3550cad655,4,6,0.49971950337269544,0.6880815498581252,0.18836204648542976,True,True,False,0,True
test,35990049382e07dba1a9ef3550cad655,5,6,0.49971950337269544,0.6880815498581252,0.18836204648542976,True,True,False,0,True
test,35990049382e07dba1a9ef3550cad655,6,6,0.49971950337269544,0.6880815498581252,0.18836204648542976,True,True,False,0,True
test,2bedc0d7231e504d0476c606108e7e73,2,3,0.2800841168074655,0.46639958351396993,0.18631546670650445,False,True,True,0,True
test,2bedc0d7231e504d0476c606108e7e73,3,3,0.2800841168074655,0.4797946024778673,0.19971048567040184,False,True,True,5,False
test,442c441e8e8588cbf0f462423f7d864b,2,2,0.45163443734579556,0.584476308162375,0.1328418708165794,True,True,False,0,True
valid,b30b24f06aaf93a002acff534e7bddff,2,2,0.36671117225994143,0.33776361758027396,-0.028947554679667475,False,False,False,3,False
valid,d5a0ba4a296ed948a8c9536f557cedb7,2,3,0.5051300554910354,0.6076223239224084,0.10249226843137305,True,True,False,0,True
valid,d5a0ba4a296ed948a8c9536f557cedb7,3,3,0.5051300554910354,0.6350580628651525,0.12992800737411714,True,True,False,0,True
valid,5be6381ed661b90ec9f7cfe2b7042955,2,2,0.3283789662259049,0.4199133760731123,0.0915344098472074,False,False,False,0,True
test,5486a5d84a1d6dcc94887f6f2821a4be,2,2,0.46571526865016655,0.5800467413776862,0.11433147272751965,True,True,False,0,True
test,60b570df9018c6b6441017314a2dd081,2,6,0.6371481376831956,0.7052094264526667,0.06806128876947115,True,True,False,0,True
test,60b570df9018c6b6441017314a2dd081,3,6,0.6371481376831956,0.7237428169975515,0.08659467931435594,True,True,False,0,True
test,60b570df9018c6b6441017314a2dd081,4,6,0.6371481376831956,0.7369115600264361,0.09976342234324054,True,True,False,0,True
test,60b570df9018c6b6441017314a2dd081,5,6,0.6371481376831956,0.7369115600264361,0.09976342234324054,True,True,False,0,True
test,60b570df9018c6b6441017314a2dd081,6,6,0.6371481376831956,0.7369115600264361,0.09976342234324054,True,True,False,0,True
test,60f108ddf1ead83be4c845987f20738c,2,2,0.36247571712590343,0.5447318431092989,0.18225612598339547,False,True,True,0,True
test,0725ad25260ef550bc00be1179252efe,2,2,0.4378206857236393,0.4487542779439657,0.010933592220326416,False,True,True,0,True
test,c3b1312808b5e55eda5efa7fcb111b00,2,2,0.3844682985098341,0.6498981615274079,0.26542986301757376,False,True,True,0,True
test,4ce5781581782e1783fb9ed718ab6053,2,2,0.49180373937152555,0.6769339794666394,0.1851302400951138,True,True,False,0,True
valid,3e22c141d2861860889375c6fd7b89b3,2,2,0.535231782856942,0.7084619621146082,0.17323017925766626,True,True,False,7,False
test,5bcc22a5b7883bf37424018f8068c511,2,2,0.41910083297195,0.5581833213378093,0.13908248836585935,False,True,True,0,True
valid,8293cb6241edbf2b03ae13125b6b334a,2,3,0.41028198490029244,0.5085595306479442,0.0982775457476518,False,True,True,0,True
valid,8293cb6241edbf2b03ae13125b6b334a,3,3,0.41028198490029244,0.5744926381424659,0.16421065324217343,False,True,True,0,True
test,71ff7ff9c86023f13d546d2e953d531b,2,2,0.4038012369286498,0.6485175727433864,0.24471633581473662,False,True,True,0,True
valid,c57fbb30efb2a0170ccc3db897839462,2,2,0.3492616393620459,0.4527146551690455,0.10345301580699962,False,True,True,0,True
test,0cb709ce376d73c096eac3e210ebd5d6,2,2,0.4869080271644196,0.523590031818727,0.036682004654307376,True,True,False,0,True
valid,2bb0df7d50a3815dfdb6a617ce3d5325,2,2,0.680831230276948,0.637198589622042,-0.04363264065490602,True,True,False,0,True
valid,745e2506fb647deca4669e1c88ce9783,2,4,0.7491366349697859,0.7197052274883392,-0.02943140748144668,True,True,False,5,False
valid,745e2506fb647deca4669e1c88ce9783,3,4,0.7491366349697859,0.7517099614267153,0.0025733264569294256,True,True,False,5,False
valid,745e2506fb647deca4669e1c88ce9783,4,4,0.7491366349697859,0.7607713460203887,0.011634711050602764,True,True,False,5,False
test,9d39d357291a0e87c2c2816dabc0b23a,2,4,0.4268573436573958,0.7286323020957441,0.30177495843834834,False,True,True,13,False
test,9d39d357291a0e87c2c2816dabc0b23a,3,4,0.4268573436573958,0.6295932776553732,0.2027359339979774,False,True,True,4,False
test,9d39d357291a0e87c2c2816dabc0b23a,4,4,0.4268573436573958,0.6364445951177566,0.20958725146036083,False,True,True,4,False
valid,dd4cd6ebc3cef5658a5a0b35c7d5e417,2,5,0.46218209045094416,0.6638824572208415,0.20170036676989733,True,True,False,0,True
valid,dd4cd6ebc3cef5658a5a0b35c7d5e417,3,5,0.46218209045094416,0.6394026487324228,0.17722055828147865,True,True,False,0,True
valid,dd4cd6ebc3cef5658a5a0b35c7d5e417,4,5,0.46218209045094416,0.6366569747146549,0.17447488426371072,True,True,False,0,True
valid,dd4cd6ebc3cef5658a5a0b35c7d5e417,5,5,0.46218209045094416,0.6433792838183805,0.18119719336743634,True,True,False,0,True
valid,3e08aa33483ffe505b5de4748dc70c7f,2,2,0.391184897619567,0.5877710528270292,0.19658615520746225,False,True,True,0,True
valid,6e28c34a895e831db6c3bca247819453,2,2,0.32789116742692825,0.44940831938858716,0.12151715196165891,False,True,True,4,False
test,11052b4dd49ca81b1e7c63d562759b40,2,2,0.3655965731295604,0.5037087098513778,0.13811213672181744,False,True,True,1,False
valid,aee18d60fc803049a82d81af5f2a75ab,2,2,0.5245365870510321,0.6615705562658505,0.13703396921481836,True,True,False,4,False
test,8a56602a95563e5b2a038fc31b9a5d7a,2,2,0.3164776636399689,0.5643649189042457,0.2478872552642768,False,True,True,0,True
test,012b3f6ab7776a8ab3443a4ad7bef2e6,2,2,0.7177320071868338,0.7736880958847592,0.055956088697925344,True,True,False,0,True
test,186ff84d5b5b50a2d790cabc5800b9d1,2,2,0.34572690979075227,0.5284629885063429,0.1827360787155906,False,True,True,0,True
test,a96d3bc5d1e3315554ccd38f27ff5ef3,2,3,0.45291861186090754,0.6096979402194566,0.15677932835854902,True,True,False,0,True
test,a96d3bc5d1e3315554ccd38f27ff5ef3,3,3,0.45291861186090754,0.671717906370906,0.21879929450999847,True,True,False,0,True
test,2109de10cb751b43648fd8c1ebbb1d0f,2,3,0.3918089610340306,0.5400962082670684,0.14828724723303777,False,True,True,0,True
test,2109de10cb751b43648fd8c1ebbb1d0f,3,3,0.3918089610340306,0.5986726955465549,0.20686373451252427,False,True,True,0,True
test,2b302d95360eac2ba6fcfc99c8d247a9,2,3,0.5173903754012578,0.6664923339946303,0.1491019585933725,True,True,False,0,True
test,2b302d95360eac2ba6fcfc99c8d247a9,3,3,0.5173903754012578,0.6981180743591907,0.18072769895793295,True,True,False,0,True
test,800447e795f2bcf1009e0b2a88d05bbe,2,4,0.5747028449128829,0.5480031713682734,-0.02669967354460956,True,True,False,0,True
test,800447e795f2bcf1009e0b2a88d05bbe,3,4,0.5747028449128829,0.6156262520512825,0.04092340713839959,True,True,False,0,True
test,800447e795f2bcf1009e0b2a88d05bbe,4,4,0.5747028449128829,0.6156262520512825,0.04092340713839959,True,True,False,0,True
test,3ba4434655efde991569fe475dd0e688,2,2,0.4290892133693883,0.6073598442494434,0.17827063088005513,False,True,True,0,True
test,df5097a15b08e55f820169e963f6fd2c,2,2,0.4459382712638713,0.6539057183483254,0.20796744708445414,True,True,False,0,True
test,accc1fd1e3c84881e0a9b27f8b611386,2,2,0.5865583872425113,0.7429331576068469,0.15637477036433556,True,True,False,0,True
valid,dd6f0c8e93a1d569d6353f78319a340f,2,3,0.461288201560056,0.6555476026950724,0.19425940113501639,True,True,False,4,False
valid,dd6f0c8e93a1d569d6353f78319a340f,3,3,0.461288201560056,0.6052746604508795,0.1439864588908235,True,True,False,0,True
test,4c66bf9c016db115ad9cffa6300cb809,2,2,0.4572840781876153,0.6460635261826981,0.18877944799508284,True,True,False,0,True
test,ff632bc583a94f23c59db4cbaa0ba2ab,2,2,0.45471174405214854,0.6173524297380113,0.16264068568586276,True,True,False,1,False
test,abaf92b4832d365e4314a162aecdb2cc,2,2,0.5135753963938341,0.6514899039243917,0.13791450753055756,True,True,False,4,False
valid,f59f19205098bc544feb263fcdc667d9,2,3,0.6068121107312312,0.7016285940245848,0.09481648329335357,True,True,False,0,True
valid,f59f19205098bc544feb263fcdc667d9,3,3,0.6068121107312312,0.7039498630762111,0.0971377523449799,True,True,False,0,True
test,03f51c9adce893f63936c5146701aa2f,2,2,0.42610816871675794,0.5558353138314414,0.12972714511468342,False,True,True,0,True
valid,3afad8990c0e0d946e5a8903ed1764da,2,2,0.4122547380738245,0.5028366229323492,0.0905818848585247,False,True,True,0,True
test,7a0ec92566b936a1e15fcf8b9f934f2c,2,2,0.562664970902909,0.6452682845554631,0.08260331365255413,True,True,False,0,True
test,5be92ef6cf4a42ece07ad8bc3c00c70b,2,2,0.3814936577510747,0.5686934301868541,0.18719977243577945,False,True,True,0,True
valid,686809116cd16f0b805804aefb0102a4,2,2,0.539397247247378,0.6646213605234097,0.12522411327603167,True,True,False,5,False
test,e664de6693c1c46a03c7a561518546a6,2,2,0.6846186319454199,0.6050935384213598,-0.07952509352406012,True,True,False,0,True
valid,0c433b41ac4f5739f4c65e19bbdc8208,2,2,0.46179284172309043,0.5936920433481592,0.13189920162506874,True,True,False,7,False
test,d79454599de55e5f2f3bbf01e51f6cd5,2,2,0.37973951171244,0.6193831811415537,0.23964366942911364,False,True,True,4,False
test,d7e46fa6ab3491ceca084b0552086f93,2,2,0.4294932429653866,0.580120655148116,0.15062741218272935,False,True,True,0,True
test,805559bf950cf417d71f74d0d92b4302,2,2,0.6263126804196323,0.7773918857431044,0.15107920532347208,True,True,False,0,True
test,73f9e828566dd0de47c067e6ec94c989,2,2,0.6750557546693734,0.6218070086576781,-0.05324874601169527,True,True,False,0,True
test,b7f955dbe116a63ae780222ad1b1da01,2,2,0.42040783393688386,0.47837936419673255,0.05797153025984869,False,True,True,0,True
test,b72a28958acaa4abcff7b24c1b517c42,2,2,0.4205382018995141,0.6870366653239097,0.26649846342439565,False,True,True,15,False
valid,b33f9582323f5ebe1c82f0ab04b03734,2,2,0.4082385933475533,0.5065197020092006,0.0982811086616473,False,True,True,0,True
test,92a507a7a3a1fa4b94cdeb6699913e0d,2,2,0.4518161539239004,0.5306314183706772,0.07881526444677678,True,True,False,0,True
valid,43cc1b49644de5e13af22777e83a7808,2,3,0.38898334889665187,0.4623085390989825,0.07332519020233064,False,True,True,0,True
valid,43cc1b49644de5e13af22777e83a7808,3,3,0.38898334889665187,0.45716546340479947,0.0681821145081476,False,True,True,0,True
test,40a6bf502702fa0bfaee3ae436b554ed,2,2,0.547360043885973,0.7008044266989422,0.15344438281296913,True,True,False,0,True
test,371a5e62da258e95c3cf015f28350f06,2,2,0.4189581920519838,0.5165946244726346,0.09763643242065079,False,True,True,1,False
test,c7b73b6c33cd593cf69c46d0dca48375,2,2,0.6421786101812537,0.6625893090808549,0.020410698899601232,True,True,False,0,True
test,be8f81fbf4bdf643e1f5548aa269bbef,2,2,0.6398894429726243,0.6735485923452889,0.033659149372664565,True,True,False,0,True
valid,d6c757b6e40610f380a0b29c11c2fd9f,2,2,0.4376089998815398,0.5700898549593358,0.13248085507779606,False,True,True,0,True
valid,6d481d5204319959780a50031fedfb48,2,2,0.4331946415594413,0.6328727777599676,0.19967813620052632,False,True,True,0,True
valid,725eca9f9dda0b6d31796735ae596bb7,2,2,0.27992520089641815,0.4255454748588172,0.14562027396239907,False,False,False,4,False
test,3f331b00c595c7954cd8f704b2f74056,2,2,0.4831482401865609,0.6072907471372122,0.12414250695065132,True,True,False,4,False
test,40e4b27fe658a1c1e627e503b29ef734,2,3,0.574142675318887,0.39834997848171694,-0.17579269683717003,True,False,False,0,True
test,40e4b27fe658a1c1e627e503b29ef734,3,3,0.574142675318887,0.577340789925354,0.0031981146064670174,True,True,False,10,False
test,d4a72eff3bfdb6ff7667bef4119283e9,2,2,0.51076249022313,0.6654017554676316,0.15463926524450156,True,True,False,0,True
test,8f82857f5a738c96bb40a551c4c0bb40,2,2,0.5341943639504232,0.6886985119483926,0.1545041479979694,True,True,False,7,False
test,e3d1d37007a4d31d2269ba250664f6b2,2,2,0.42553733538477134,0.5975426468641651,0.1720053114793938,False,True,True,0,True
test,b306fb3d8bca1a1605f5be5108fefdea,2,2,0.6674127435207268,0.7103615204347481,0.042948776914021325,True,True,False,0,True
test,6def446d620c67c66889bf68e0552870,2,4,0.45504673387300665,0.6357486844325702,0.1807019505595635,True,True,False,0,True
test,6def446d620c67c66889bf68e0552870,3,4,0.45504673387300665,0.678856818195291,0.22381008432228433,True,True,False,0,True
test,6def446d620c67c66889bf68e0552870,4,4,0.45504673387300665,0.7049517919817643,0.24990505810875763,True,True,False,0,True
test,5ae50807e27aa5da76c61f26abd3a04b,2,2,0.41110709246688004,0.6327458449301189,0.22163875246323883,False,True,True,0,True
test,cd1cc0b0cb5310080ed8f448be24d90d,2,2,0.46324479825696796,0.51124356235858,0.04799876410161208,True,True,False,9,False
test,0e439875ab5824a65c5c2402b6302f3f,2,2,0.354560702741046,0.534497217693755,0.17993651495270901,False,True,True,0,True
test,4b75f705b345b06e009842c77701f7cd,2,2,0.41637991621546366,0.5846341382859641,0.16825422207050045,False,True,True,0,True
test,198d8b83646f4c7c43be3a2e59364f1a,2,2,0.5359552351854493,0.675229915811866,0.13927468062641668,True,True,False,0,True
test,f08e7cbe4ee33176122952f10c7128b6,2,2,0.669676358109719,0.7076631698702156,0.037986811760496564,True,True,False,0,True
valid,b5b0b49d9903b852bf6c638643a89dc3,2,2,0.4662420430920795,0.5278305566797845,0.06158851358770501,True,True,False,0,True
valid,4652e6a9e9b65b2e3304630e1f185939,2,2,0.31450966599453434,0.3962351977396652,0.08172553174513086,False,False,False,0,True
valid,a574693e67b5acd2879ac5d182122fee,2,2,0.43534208796983465,0.6050704678044032,0.16972837983456857,False,True,True,0,True
valid,f89440ab0466dfe5ec50d419efd332a5,2,2,0.4443245275811867,0.6276504050376837,0.18332587745649698,True,True,False,0,True
test,4173b7694f9c23cfbbaa1bfb2f9593b3,2,2,0.4177168749722797,0.5953362461059795,0.17761937113369974,False,True,True,0,True
valid,009905140e9f8cc35d5be897937381db,2,2,0.5111871412846481,0.6308454356593071,0.11965829437465891,True,True,False,0,True
test,620d254bc4b9c32cda7b908de600926a,2,3,0.43426885170826446,0.6155052670458199,0.1812364153375554,False,True,True,0,True
test,620d254bc4b9c32cda7b908de600926a,3,3,0.43426885170826446,0.6615383700305324,0.22726951832226794,False,True,True,0,True
test,95ef5243238e7b30c38c33fcdf05331e,2,2,0.4501558821267043,0.6544446256670912,0.20428874354038684,True,True,False,0,True
test,bc03012724b4db8837684e376b6eeacd,2,2,0.4547754694470745,0.6285723897677248,0.1737969203206503,True,True,False,0,True
test,866c3d690461371bdd01676cccd0dfa3,2,2,0.5581088385212107,0.7046205762809026,0.14651173775969184,True,True,False,0,True
test,c1d124970fcaa7b1b9cabc82418f7fb0,2,2,0.43869208260450077,0.6322296421619902,0.1935375595574894,False,True,True,0,True
test,8e39302e6b4d08eec0f5a5ac3274f338,2,2,0.29560509330401996,0.44764331554353,0.15203822223951002,False,True,True,0,True
valid,9d241238f3827aced623154ace551dd9,2,2,0.4499331798616546,0.5178180607315757,0.06788488086992106,True,True,False,0,True
test,589208c4bf8d3e9c613ee4b6de49c568,2,2,0.46752513584649347,0.6675457581175792,0.20002062227108575,True,True,False,0,True
test,b4600c38e204525370a517e69341d3c4,2,2,0.611362244659715,0.394484303349686,-0.21687794131002902,True,False,False,9,False
test,fd7eb2117233aa5ac29e94a28e082077,2,2,0.36777419495437325,0.5391869847326658,0.17141278977829255,False,True,True,5,False
test,c187d987adeda75b5ab837e11d253eab,2,2,0.3880461661937432,0.46388158531966683,0.07583541912592362,False,True,True,0,True
test,e5c83b9d7049d45d07109c42cb808281,2,2,0.4569117129914446,0.5593692101266151,0.1024574971351705,True,True,False,0,True
valid,faf18cecda32bcf685059fb419574421,2,2,0.5101640555499869,0.6127529736619344,0.10258891811194748,True,True,False,0,True
test,d17a342bb9f94d40c3b6df4a600b5cee,2,2,0.6568111863521127,0.6010393012667785,-0.05577188508533415,True,True,False,0,True
valid,6e4465d771f02e4fe335225de3c6c043,2,3,0.4966077568925855,0.6418612918112041,0.1452535349186186,True,True,False,0,True
valid,6e4465d771f02e4fe335225de3c6c043,3,3,0.4966077568925855,0.6252680217093477,0.12866026481676218,True,True,False,0,True
test,9d8a3b882eccfedffcd196e7d1e4cf20,2,3,0.6313431221394028,0.715993962558519,0.08465084041911619,True,True,False,12,False
test,9d8a3b882eccfedffcd196e7d1e4cf20,3,3,0.6313431221394028,0.7001176203980266,0.0687744982586238,True,True,False,0,True
valid,e34e1db7516bb12cd9985fe66fe2d323,2,3,0.5407568777597207,0.675417174418373,0.1346602966586523,True,True,False,0,True
valid,e34e1db7516bb12cd9985fe66fe2d323,3,3,0.5407568777597207,0.705444828139369,0.16468795037964834,True,True,False,0,True
test,e332eda82fe7ca4e86daf4f71ca785df,2,7,0.5183647663577964,0.6184050973084136,0.10004033095061726,True,True,False,0,True
test,e332eda82fe7ca4e86daf4f71ca785df,3,7,0.5183647663577964,0.6893812799254797,0.17101651356768333,True,True,False,0,True
test,e332eda82fe7ca4e86daf4f71ca785df,4,7,0.5183647663577964,0.7127464608243897,0.19438169446659337,True,True,False,0,True
test,e332eda82fe7ca4e86daf4f71ca785df,5,7,0.5183647663577964,0.7127464608243897,0.19438169446659337,True,True,False,0,True
test,e332eda82fe7ca4e86daf4f71ca785df,6,7,0.5183647663577964,0.7127464608243897,0.19438169446659337,True,True,False,0,True
test,e332eda82fe7ca4e86daf4f71ca785df,7,7,0.5183647663577964,0.7265109536299037,0.20814618727210732,True,True,False,0,True
test,4ae00507ab69f40106a7c87aa6a1531f,2,2,0.49086192933994666,0.7016296808973159,0.21076775155736927,True,True,False,5,False
valid,be7f750bcb350e7e289e828efc763466,2,2,0.3658393624974018,0.4938765619032133,0.12803719940581149,False,True,True,5,False
test,07bca5c8ae457c75c959c5e26fc04e3f,2,2,0.37580101526225984,0.571111929375276,0.19531091411301615,False,True,True,8,False
valid,6c682aa3032d2639e12a64b3c2a907b7,2,2,0.39096348330201414,0.5470160581143406,0.15605257481232648,False,True,True,0,True
valid,17763f2297211e949e3925cfb2d30cdb,2,2,0.3662088555299128,0.6072320073735005,0.2410231518435877,False,True,True,1,False
test,c6b0115592f584f15795ca244bd83fb2,2,2,0.47677762584913985,0.6403759925658665,0.16359836671672667,True,True,False,0,True
test,2dd30e05504d2714a28029f29ea95d80,2,2,0.4482210462391256,0.5912417660812815,0.14302071984215592,True,True,False,1,False
test,783063a2c412e7e731cb43a35fa4b8b1,2,2,0.4997316656720703,0.5111034470878852,0.011371781415814963,True,True,False,14,False
valid,4513bfce86e880a4bb2d4fe606045ca1,2,2,0.43016879444713596,0.7568153635175215,0.3266465690703856,False,True,True,8,False
valid,0e0abe27977ea1d66568d6ee7d310217,2,2,0.5583759884686745,0.6191131412341191,0.06073715276544456,True,True,False,0,True
valid,65709b9620e3ef6f575918b8348a8ece,2,2,0.4106890059286804,0.44264416444864707,0.031955158519966664,False,True,True,7,False
test,87440e08790d85796f5b8bc9f5ed2707,2,4,0.3553547524054087,0.5512960680672906,0.1959413156618819,False,True,True,0,True
test,87440e08790d85796f5b8bc9f5ed2707,3,4,0.3553547524054087,0.505552054891488,0.15019730248607932,False,True,True,10,False
test,87440e08790d85796f5b8bc9f5ed2707,4,4,0.3553547524054087,0.5025800687619519,0.14722531635654323,False,True,True,10,False
valid,320b4a5fa30f0d1eb0bb4c944d2205e1,2,2,0.37152236397254956,0.4427665625724221,0.07124419859987252,False,True,True,0,True
test,cb3b0bc0bdf657e358637e649e0a4966,2,6,0.6250698242896282,0.5683492987272528,-0.05672052556237539,True,True,False,0,True
test,cb3b0bc0bdf657e358637e649e0a4966,3,6,0.6250698242896282,0.6095775159337838,-0.015492308355844364,True,True,False,0,True
test,cb3b0bc0bdf657e358637e649e0a4966,4,6,0.6250698242896282,0.6095775159337838,-0.015492308355844364,True,True,False,0,True
test,cb3b0bc0bdf657e358637e649e0a4966,5,6,0.6250698242896282,0.6082113269352674,-0.016858497354360846,True,True,False,0,True
test,cb3b0bc0bdf657e358637e649e0a4966,6,6,0.6250698242896282,0.6082113269352674,-0.016858497354360846,True,True,False,0,True
valid,2996508e094e566883c9b4da24cb4d30,2,2,0.43025303786002045,0.4518940775543052,0.02164103969428477,False,True,True,5,False
test,2d268e4ebabcfdc515366a04056ae384,2,2,0.5206547056270007,0.7018027365571672,0.18114803093016651,True,True,False,0,True
valid,82f80de0171e33975afd163727d03070,2,2,0.3662097269846719,0.46773021856191244,0.10152049157724052,False,True,True,0,True
test,1bbda6dbb533293df7320c4f62b6e897,2,2,0.4815348638563114,0.6547805140654205,0.1732456502091091,True,True,False,0,True
test,2bec039adcca39ad3a2d76a949e6c99d,2,2,0.39792661848715716,0.5805911758601794,0.18266455737302223,False,True,True,0,True
valid,79b7eb93349ff756b079e5cb0195cd1f,2,5,0.36569566669944953,0.46809434356135715,0.10239867686190762,False,True,True,0,True
valid,79b7eb93349ff756b079e5cb0195cd1f,3,5,0.36569566669944953,0.48333929763834116,0.11764363093889163,False,True,True,0,True
valid,79b7eb93349ff756b079e5cb0195cd1f,4,5,0.36569566669944953,0.48333929763834116,0.11764363093889163,False,True,True,0,True
valid,79b7eb93349ff756b079e5cb0195cd1f,5,5,0.36569566669944953,0.48333929763834116,0.11764363093889163,False,True,True,0,True
test,e010818e0f8eab0076d80f8699a22aa6,2,2,0.7733874261670446,0.6877664577784647,-0.08562096838857991,True,True,False,8,False
test,37bcd96070aa2347efafe5daef980585,2,2,0.44893339076083516,0.5628254573399329,0.11389206657909778,True,True,False,0,True
test,786e317a02958a4345b7df21d49c9b3a,2,3,0.36646353976870416,0.5362406189747475,0.16977707920604335,False,True,True,0,True
test,786e317a02958a4345b7df21d49c9b3a,3,3,0.36646353976870416,0.5723785242536297,0.2059149844849255,False,True,True,0,True
valid,e567001ce77d68566b016e7929c11bfa,2,2,0.45335722748255636,0.5437750846242261,0.09041785714166972,True,True,False,0,True
test,943dc313319b98a46f1aa70d59b68715,2,2,0.5833076292462205,0.7043631927904437,0.1210555635442232,True,True,False,7,False
test,c6fa9f5af647f54d235728bb12eaf5f5,2,2,0.3189573145739094,0.46944761514850475,0.15049030057459534,False,True,True,9,False
valid,808fbd7ff181351baf5d9ececab82258,2,2,0.33034088571712206,0.41301768323653976,0.0826767975194177,False,False,False,9,False
valid,d7c877c5db825f754e75a32ac35e13b0,2,2,0.4093504710050143,0.6062463905005487,0.19689591949553442,False,True,True,0,True
valid,6c2a52b8ca498855b567ef1e5577940a,2,2,0.49965264956465494,0.5924860057903858,0.09283335622573086,True,True,False,0,True
valid,c11b5924ad0d8c5d5d391d87178f00a8,2,2,0.46294977967435313,0.6164015846707411,0.153451804996388,True,True,False,0,True
test,d62a17b3c34827259aa27647123f551e,2,2,0.5189091941082358,0.6515216511146227,0.1326124570063869,True,True,False,8,False
test,d01f15491f3bc2e461d13e32f03978f3,2,2,0.39347320043995004,0.5751647287204875,0.18169152828053747,False,True,True,0,True
test,8ea30b70e3e6d110ab6eaec18f0a7269,2,2,0.38783948311797023,0.5576306336109538,0.16979115049298354,False,True,True,0,True
valid,9a8df1603191fe8fa15788692de6f4c3,2,2,0.4446975494541102,0.439221547158857,-0.005476002295253246,True,False,False,0,True
valid,2591658abd3b77d980fb1d82584badc3,2,2,0.7301543456301876,0.6870466498028107,-0.043107695827376835,True,True,False,13,False
test,41b6d9a83b4f55e253cc69d7cd6dd55c,2,2,0.4035932791397019,0.5728062804344072,0.1692130012947053,False,True,True,0,True
test,6e454623148ed5b186a1eaf35d2b51eb,2,2,0.38258911415108665,0.5078321989412591,0.12524308479017243,False,True,True,0,True
test,511792104eb626cc6881f7831561265c,2,2,0.3988285754413803,0.5485070336392844,0.14967845819790415,False,True,True,0,True
valid,a146dffb3f8c4214018779b35f997a91,2,2,0.4558422328528273,0.557604473125777,0.10176224027294967,True,True,False,0,True
test,70125414483e2ba226fd0c095bf5b802,2,2,0.4635876095613538,0.582742179182711,0.11915456962135718,True,True,False,14,False
valid,3f385ecc36597ee0221d131e42725177,2,2,0.4373541773469227,0.5541789715095758,0.11682479416265312,False,True,True,0,True
test,dccb24d6f85976c77c64998e54d0f8f3,2,2,0.35137819741333476,0.5454150105101081,0.19403681309677334,False,True,True,0,True
valid,51355c5169d0324db651913ef8121f8c,2,2,0.3788703083553724,0.5706104635701124,0.19174015521473997,False,True,True,0,True
test,c811b2b32820eb21f261701e61e863c5,2,2,0.507126867037092,0.5729755730623323,0.06584870602524029,True,True,False,0,True
valid,18fda8c87fb70dfe4ab751acd63e39ff,2,2,0.4770579739078741,0.45883629930993386,-0.01822167459794022,True,True,False,8,False
test,31cc37975a360a347c3e668b4893fec3,2,3,0.30451288845169233,0.6861014520516118,0.38158856359991944,False,True,True,9,False
test,31cc37975a360a347c3e668b4893fec3,3,3,0.30451288845169233,0.5150567211446562,0.21054383269296384,False,True,True,0,True
test,464903700caac1e06ce732afb660cfe2,2,2,0.37232568776065,0.5531682769609749,0.18084258920032492,False,True,True,10,False
test,96b4ac4e2ffc8baf3231dec72926b913,2,2,0.5079377201035148,0.6346675033696026,0.12672978326608786,True,True,False,11,False
test,32e4ab670ff4b606ef9ef7efdea0a284,2,2,0.5218805700402069,0.6353912209958096,0.11351065095560264,True,True,False,0,True
valid,2e10c534d5d49b8fcea5e034821a96e9,2,4,0.33892100678218817,0.4522430150254285,0.11332200824324035,False,True,True,0,True
valid,2e10c534d5d49b8fcea5e034821a96e9,3,4,0.33892100678218817,0.5036184051386732,0.164697398356485,False,True,True,0,True
valid,2e10c534d5d49b8fcea5e034821a96e9,4,4,0.33892100678218817,0.5259313154390646,0.1870103086568764,False,True,True,0,True
test,c67440872252c7c4079023160409025d,2,2,0.45174670260449246,0.6386165846511158,0.18686988204662336,True,True,False,0,True
valid,f49d6ccb4f36a6204ff06cab948d268d,2,2,0.29024879236182255,0.36243382994354323,0.07218503758172068,False,False,False,0,True
test,9dc3aae9b1d669cf1ede0c26d1d08b48,2,2,0.3995862016864171,0.5679841409424844,0.16839793925606727,False,True,True,0,True
test,b2c7ce470c3bc3cebaef61950a33f2f8,2,2,0.4945907834630595,0.7349251370030937,0.24033435354003418,True,True,False,0,True
test,513e088b2c0d0279b2df18d115a0d39d,2,2,0.49977057943939207,0.6242973080217413,0.12452672858234926,True,True,False,0,True
test,c811577fd6f05e9a1e607f874d37204b,2,2,0.5925393775050205,0.6883079956276079,0.09576861812258741,True,True,False,0,True
test,8fe3c4dff68cddab1e0b9291b683c1fc,2,2,0.33908611545369427,0.587005858124416,0.2479197426707217,False,True,True,0,True
valid,5c3353d0e879379685e40fcfee970725,2,2,0.5355495465232871,0.6696374707440895,0.1340879242208024,True,True,False,0,True
valid,f2665691d2aa17a8c8a37438686b1927,2,2,0.5231743597270212,0.6685950833633715,0.14542072363635028,True,True,False,0,True
valid,2013e60377e57344d89d5e4a5b3f2a9c,2,2,0.5021582630858495,0.6357054113662748,0.13354714828042524,True,True,False,0,True
valid,a2344ae300ac3c903f74d04494e45a2e,2,2,0.5175151014753825,0.5953777365457851,0.07786263507040259,True,True,False,7,False
valid,abeaa3ff8b9c8c049a351e55c4c9fc31,2,2,0.5032098235361144,0.6757303638852096,0.17252054034909514,True,True,False,0,True
test,05d885b852158b0280c4abe2cd5108b4,2,2,0.531767312219861,0.7301089091392807,0.19834159691941977,True,True,False,0,True
test,c4b40afc3b677501f34190204aea02f1,2,2,0.40812596913185784,0.5643693114473743,0.1562433423155165,False,True,True,0,True
valid,55b94c1376b9caed3fef602e9ca5f20a,2,2,0.4442137790563738,0.5741180963344088,0.12990431727803498,True,True,False,0,True
test,da0f3ca7a69fe74c208f8cad4b3a42f2,2,2,0.4673282118559364,0.561154719258286,0.09382650740234955,True,True,False,14,False
valid,64766c48d0be21c815096ba7bac96ed5,2,2,0.3584340269556412,0.4524774150020925,0.09404338804645129,False,True,True,3,False
valid,e2fdffd08df55baaa7b97c04d4d2b606,2,2,0.6453006562196576,0.8079866103288565,0.16268595410919895,True,True,False,0,True
test,e28fe1201ebd15ccbbe9d7e18db98c31,2,2,0.5673455076663403,0.5836410812925128,0.01629557362617251,True,True,False,0,True
valid,21d032917e4ed1476f16ce92d0d8fdd4,2,2,0.41053810635528853,0.49372900923928154,0.083190902883993,False,True,True,0,True
test,f62ff18c0fc73a78ebd80d0d881abfcf,2,2,0.4213229142505531,0.5398161850663008,0.11849327081574768,False,True,True,14,False
valid,6288c084b4b8b9ed59cddc6793eba928,2,4,0.4714343077946056,0.5775503962886546,0.10611608849404897,True,True,False,0,True
valid,6288c084b4b8b9ed59cddc6793eba928,3,4,0.4714343077946056,0.5791395727271027,0.1077052649324971,True,True,False,0,True
valid,6288c084b4b8b9ed59cddc6793eba928,4,4,0.4714343077946056,0.5955312066036808,0.12409689880907515,True,True,False,0,True
test,03467d8a7741a3737d4e3ae45ebba94c,2,2,0.5652537969381597,0.4705901729040798,-0.09466362403407991,True,True,False,0,True
test,75a9fc924db699a13c8d6176c3b16a61,2,2,0.4640316046714147,0.6012161178717969,0.13718451320038216,True,True,False,7,False
test,7349428ccc1c563f452b351a461aeb09,2,2,0.4910786218901272,0.6493630198113997,0.15828439792127247,True,True,False,0,True
test,98991dc034323e310fdd97b8af6064b0,2,2,0.4048800594198235,0.5643249717388716,0.15944491231904812,False,True,True,0,True
test,f4a9268b9d93be241636096dc063596c,2,2,0.45685445819639503,0.5781586979032016,0.1213042397068066,True,True,False,0,True
test,d133e52fb7806aa87cec35e47a1d06ce,2,2,0.3907841012267267,0.5022700533564501,0.11148595212972345,False,True,True,0,True
valid,66bc614bb924869b79b65d7f8077a385,2,2,0.4481564396745642,0.6253090452986807,0.1771526056241165,True,True,False,5,False
valid,52cf38023b42cb0b26ced61e1a900c47,2,2,0.38485368650236995,0.5069483512131134,0.12209466471074348,False,True,True,0,True
test,b149acf7e57747cd966a1f1a11e98e05,2,2,0.6503960033723465,0.6838638180540072,0.03346781468166071,True,True,False,0,True
test,b266fc1224f5d4b3ea5c8ac9ffaec15e,2,2,0.34508607557427995,0.5418989190568844,0.19681284348260442,False,True,True,0,True
valid,ff2ea5b20dfaf42bcf891f8aea31542b,2,2,0.4476900296057854,0.5639496071284502,0.1162595775226648,True,True,False,0,True
test,77197d80101ec8ad66a1e174eea411e4,2,2,0.3879003718046464,0.5813627212078742,0.19346234940322782,False,True,True,0,True
test,94c302f23bee09a61c1aab616b01b7b0,2,2,0.44529756634386997,0.5634516781334007,0.11815411178953072,True,True,False,0,True
valid,8804ce4a12b1afd7c2751be6810e6597,2,3,0.42201804314302316,0.5600155477593417,0.13799750461631854,False,True,True,0,True
valid,8804ce4a12b1afd7c2751be6810e6597,3,3,0.42201804314302316,0.5948884481282073,0.17287040498518413,False,True,True,0,True
test,05ccdfa84392875afc23c1ae9f014ce4,2,2,0.4082005064535287,0.5280812759863112,0.11988076953278248,False,True,True,9,False
test,03f127181062ad98441893efffd412c5,2,2,0.4984046761679476,0.6107705470054429,0.11236587083749527,True,True,False,0,True
test,4adbb023fd0ab6d84373f8f2f20a9ef5,2,3,0.5667943483093865,0.7280818556883515,0.16128750737896502,True,True,False,9,False
test,4adbb023fd0ab6d84373f8f2f20a9ef5,3,3,0.5667943483093865,0.6957534323192435,0.128959084009857,True,True,False,9,False
test,2305d46c47c716885a276ec1a322b612,2,2,0.547451523584632,0.6591930860845084,0.11174156249987643,True,True,False,11,False
test,8fde182213914d24ed0bb9d4b02371a0,2,2,0.21222486168624977,0.3873575737160633,0.1751327120298135,False,False,False,0,True
valid,bd546c347a5a00ff3faed07494bd681e,2,2,0.5381578930585025,0.6657859960763916,0.12762810301788907,True,True,False,0,True
valid,8023039e9b07973c9aea60155b52e41a,2,3,0.4775931281848331,0.5969511570804413,0.1193580288956082,True,True,False,0,True
valid,8023039e9b07973c9aea60155b52e41a,3,3,0.4775931281848331,0.6043862237600619,0.12679309557522878,True,True,False,0,True
test,3a3ee9aa5c27f048575edfd6d3926140,2,3,0.45608505450266446,0.6035232494868994,0.14743819498423494,True,True,False,8,False
test,3a3ee9aa5c27f048575edfd6d3926140,3,3,0.45608505450266446,0.6931473267127166,0.23706227221005216,True,True,False,12,False
test,093c11a6b12993f96cb7eaa348a3cd09,2,2,0.4683431490856318,0.6059419849940175,0.13759883590838573,True,True,False,0,True
valid,ff0286485ce9c3f1d6ed22a4c7402060,2,4,0.4852224788512869,0.641045696609829,0.15582321775854213,True,True,False,0,True
valid,ff0286485ce9c3f1d6ed22a4c7402060,3,4,0.4852224788512869,0.6762939715001526,0.1910714926488657,True,True,False,0,True
valid,ff0286485ce9c3f1d6ed22a4c7402060,4,4,0.4852224788512869,0.674097775387494,0.18887529653620716,True,True,False,0,True
test,fd846a883eef31061d47f7d1da654880,2,3,0.32687675210447664,0.5828317624914718,0.2559550103869952,False,True,True,0,True
test,fd846a883eef31061d47f7d1da654880,3,3,0.32687675210447664,0.6093025904203482,0.28242583831587154,False,True,True,0,True
test,51f927ef3f53e0caa0684589414f9626,2,2,0.3815086208036468,0.4866253407651213,0.10511671996147454,False,True,True,0,True
test,d6bb1f2d6bbaa5c7ed01225a4eab7dc2,2,2,0.644111663532534,0.6561752405017894,0.012063576969255418,True,True,False,0,True
test,e37cb83a77f2c53e5710ace789c66a97,2,2,0.5436546259899944,0.7143368207121185,0.1706821947221241,True,True,False,15,False
test,5ec57659b85eb947cc673208c233ff65,2,2,0.5143734766054355,0.6863936351819591,0.17202015857652353,True,True,False,0,True
test,22a409aa094a6210e26006088a346124,2,3,0.49448462501209034,0.6486887240573707,0.15420409904528032,True,True,False,0,True
test,22a409aa094a6210e26006088a346124,3,3,0.49448462501209034,0.6555896782291396,0.16110505321704927,True,True,False,8,False
test,ccbc6d72962da1952d471d3bb26cd5dc,2,2,0.6083136973450547,0.7541692993478819,0.1458556020028272,True,True,False,0,True
test,9f9441b89b4d44ee3cf22af52e988757,2,3,0.5092580721839666,0.6335113780147896,0.12425330583082306,True,True,False,0,True
test,9f9441b89b4d44ee3cf22af52e988757,3,3,0.5092580721839666,0.6354090588110417,0.12615098662707513,True,True,False,0,True
valid,db0dca3813088a91aa97aaa8dfeadd9c,2,3,0.4209960221382527,0.4609914463298014,0.03999542419154867,False,True,True,0,True
valid,db0dca3813088a91aa97aaa8dfeadd9c,3,3,0.4209960221382527,0.5508903903521838,0.12989436821393108,False,True,True,0,True
test,23c312ca9f0242a48a95e5643bee2645,2,2,0.37918668953248524,0.6017292670920387,0.22254257755955342,False,True,True,13,False
test,e2047aaabab2869c1080a51c3e6b64ce,2,3,0.5489638030765391,0.8309306237187578,0.2819668206422187,True,True,False,7,False
test,e2047aaabab2869c1080a51c3e6b64ce,3,3,0.5489638030765391,0.7120032135013313,0.1630394104247922,True,True,False,0,True
test,c8c0e74f5426e74b812efe05eaab11a6,2,2,0.47051380664244535,0.6790840318619267,0.20857022521948132,True,True,False,0,True
test,50f7b4829c11fbf8c8b57926f1a0bfdc,2,2,0.4820824463703459,0.6083326304682986,0.12625018409795263,True,True,False,0,True
test,523f24867a34e6e564dda4898935e05e,2,2,0.5022936530429258,0.5900993525714893,0.08780569952856343,True,True,False,0,True
test,f4021afbf70a873e407181a0a76e64e3,2,2,0.5268903836009469,0.6656209591230955,0.13873057552214862,True,True,False,0,True
test,adaca9317c371ba7096be58316138384,2,2,0.41049797984395264,0.614408916444581,0.2039109366006283,False,True,True,1,False
valid,d3a90a46b8f2324b6472545ce1bc2c24,2,2,0.3808932780224854,0.5027897975912778,0.12189651956879244,False,True,True,4,False
valid,80176445f6976a30f014195eb46053c1,2,5,0.5193331041465357,0.6314276445106406,0.11209454036410493,True,True,False,0,True
valid,80176445f6976a30f014195eb46053c1,3,5,0.5193331041465357,0.6756497698871207,0.156316665740585,True,True,False,0,True
valid,80176445f6976a30f014195eb46053c1,4,5,0.5193331041465357,0.6845967646777211,0.16526366053118546,True,True,False,0,True
valid,80176445f6976a30f014195eb46053c1,5,5,0.5193331041465357,0.6845967646777211,0.16526366053118546,True,True,False,0,True
test,d987cb7dbb81d5e2230b44b06ee52513,2,2,0.3602662949288098,0.40252711947948494,0.04226082455067515,False,False,False,0,True
test,be555543375e799bd0f439ffc16134ab,2,2,0.3727522051254466,0.5499865358464062,0.17723433072095962,False,True,True,0,True
test,e8b190298e9df363a6c2f7509dd413fb,2,2,0.473383209507519,0.5916321840552036,0.11824897454768457,True,True,False,8,False
test,b7023af39501fa62e77df88e2438b7e3,2,2,0.3736653610065567,0.5143659521615329,0.14070059115497624,False,True,True,0,True
test,7811343e37a3cbe3fd4755f1a448c765,2,6,0.3344466893596564,0.4972905592195287,0.16284386985987231,False,True,True,0,True
test,7811343e37a3cbe3fd4755f1a448c765,3,6,0.3344466893596564,0.5709839047042717,0.23653721534461536,False,True,True,0,True
test,7811343e37a3cbe3fd4755f1a448c765,4,6,0.3344466893596564,0.5709839047042717,0.23653721534461536,False,True,True,0,True
test,7811343e37a3cbe3fd4755f1a448c765,5,6,0.3344466893596564,0.5709839047042717,0.23653721534461536,False,True,True,0,True
test,7811343e37a3cbe3fd4755f1a448c765,6,6,0.3344466893596564,0.5709839047042717,0.23653721534461536,False,True,True,0,True
valid,c7d2e4441e2074bed6ad0cd9ee428f3d,2,2,0.37892630700504504,0.5598919668808139,0.18096565987576885,False,True,True,8,False
valid,44dc0411086c2f8c6b692be9ce3120eb,2,2,0.35726049741390387,0.4427124248953226,0.08545192748141872,False,True,True,3,False
test,f66285cfbb668d7aae67580bd9ac19d7,2,2,0.564777625948304,0.5817479503842635,0.016970324435959472,True,True,False,0,True
test,2f1134015ad299ec4f3ae950c5761e69,2,2,0.6087080339825341,0.6633068717065298,0.05459883772399565,True,True,False,5,False
valid,f51dee029e4d8a8d3cf9a33de36dce7c,2,2,0.3824273969522951,0.46538563128410804,0.08295823433181293,False,True,True,0,True
valid,69a575f85187107c2ae4464a6e2ccf80,2,2,0.38521002321712394,0.4912583176451649,0.10604829442804098,False,True,True,0,True
test,4b4badb2df31e851262e8278b3a02871,2,2,0.46272161770517295,0.6433872935215463,0.18066567581637338,True,True,False,5,False
test,4db2efafa3ef7a9bb740073addef3f85,2,2,0.6329715646855851,0.6055845428796377,-0.02738702180594743,True,True,False,8,False
test,91f547a0881c0ca253a3822416926b90,2,2,0.45767684456961844,0.6410453085073835,0.18336846393776507,True,True,False,0,True
valid,5b5df11336181a5d1e7a021ea5642bd6,2,2,0.48887788844429114,0.48806253448756853,-0.0008153539567226087,True,True,False,12,False
valid,b4a38163bca1ff981f0ccbfdbaca0a20,2,6,0.3511620725068366,0.464384339937435,0.11322226743059838,False,True,True,0,True
valid,b4a38163bca1ff981f0ccbfdbaca0a20,3,6,0.3511620725068366,0.5051590521404132,0.15399697963357661,False,True,True,0,True
valid,b4a38163bca1ff981f0ccbfdbaca0a20,4,6,0.3511620725068366,0.5051590521404132,0.15399697963357661,False,True,True,0,True
valid,b4a38163bca1ff981f0ccbfdbaca0a20,5,6,0.3511620725068366,0.5051590521404132,0.15399697963357661,False,True,True,0,True
valid,b4a38163bca1ff981f0ccbfdbaca0a20,6,6,0.3511620725068366,0.5051590521404132,0.15399697963357661,False,True,True,0,True
test,8628004441d1bfed0eba2925c11f0a9f,2,2,0.5996193901308693,0.6788155706438102,0.07919618051294086,True,True,False,0,True
valid,6d8660f8e645acd678cc75068d4fbcf0,2,2,0.49783282599484247,0.6434377091042642,0.14560488310942177,True,True,False,0,True
test,02a001cb5f40b1fee4f0375c89cce463,2,2,0.44562171833083997,0.5905430157344929,0.1449212974036529,True,True,False,0,True
test,7ac7aa6251f124754c968e2a83346b96,2,2,0.46788094505118394,0.6310650085111502,0.16318406345996628,True,True,False,0,True
valid,302e20550af8f4aa30223f3cabcc14c0,2,2,0.529147577124327,0.6982152377022294,0.16906766057790235,True,True,False,0,True
valid,a7f28fe443db7fc7f6f79297e3a18923,2,2,0.3732107248106352,0.48802212561088365,0.11481140080024843,False,True,True,5,False
valid,5d9fde36e9b14f9c646577bb073b1486,2,2,0.43582032886439304,0.5569688190008926,0.12114849013649953,False,True,True,0,True
test,4087849bcc671e4fd0e10770daa7bff2,2,3,0.45668202599946506,0.6330917089501416,0.1764096829506765,True,True,False,12,False
test,4087849bcc671e4fd0e10770daa7bff2,3,3,0.45668202599946506,0.6706942625430998,0.21401223654363477,True,True,False,14,False
test,cc94a3db006a9dbbf0a57bda0091d616,2,2,0.41518324428012554,0.5773656397409652,0.16218239546083968,False,True,True,0,True
valid,c70ddc702499e20988c929a93a3f1c57,2,3,0.47213541625962907,0.5257763949956435,0.05364097873601448,True,True,False,4,False
valid,c70ddc702499e20988c929a93a3f1c57,3,3,0.47213541625962907,0.5057979963156167,0.033662580055987656,True,True,False,8,False
valid,c471a28c25283860362c67c0a1cd1694,2,6,0.4317507567734473,0.583658007347687,0.1519072505742397,False,True,True,0,True
valid,c471a28c25283860362c67c0a1cd1694,3,6,0.4317507567734473,0.5835928934464027,0.15184213667295543,False,True,True,0,True
valid,c471a28c25283860362c67c0a1cd1694,4,6,0.4317507567734473,0.5835928934464027,0.15184213667295543,False,True,True,0,True
valid,c471a28c25283860362c67c0a1cd1694,5,6,0.4317507567734473,0.5821980984687161,0.15044734169526874,False,True,True,0,True
valid,c471a28c25283860362c67c0a1cd1694,6,6,0.4317507567734473,0.5821980984687161,0.15044734169526874,False,True,True,0,True
valid,b76190a2c095fba255ab46987545a660,2,2,0.542885039053985,0.6045088241493527,0.0616237850953677,True,True,False,9,False
test,a219a9f28e900359410d7cb6329cdf39,2,2,0.5407968948238446,0.641498556243927,0.10070166142008241,True,True,False,12,False
test,6831327c575ec5efdb90392fed9d2f1a,2,2,0.3634905408777903,0.46120363775969464,0.09771309688190433,False,True,True,0,True
test,43f32db0dedd975e294e98ce23b24661,2,3,0.3520450286232685,0.4807870974791064,0.12874206885583794,False,True,True,0,True
test,43f32db0dedd975e294e98ce23b24661,3,3,0.3520450286232685,0.5620884976645408,0.21004346904127236,False,True,True,0,True
valid,fc2fce216ba47a84e54367275351c67a,2,3,0.3362446034620008,0.37023975089225136,0.03399514743025056,False,False,False,0,True
valid,fc2fce216ba47a84e54367275351c67a,3,3,0.3362446034620008,0.4187446208762523,0.0825000174142515,False,False,False,0,True
test,47cf7e28d8f434cd6a3f4825953cdbac,2,2,0.6016455249544306,0.5731126375697988,-0.028532887384631778,True,True,False,0,True
test,4f604161cac7949dd11d13af2a4944b6,2,2,0.49085390329546374,0.7635354390797991,0.2726815357843354,True,True,False,5,False
valid,9914efa57f1a52e1c0a2735c0f927bbf,2,2,0.551878855372668,0.6671920477153426,0.11531319234267456,True,True,False,11,False
test,fc4de496aefe84390ddbb5471ace9a8c,2,2,0.3812230938790825,0.5648198767262695,0.18359678284718706,False,True,True,0,True
test,c5b0334dd1b5fec8ac7ef5d5721d32d6,2,2,0.44028184400983306,0.5831721288717302,0.14289028486189714,True,True,False,0,True
test,559e3bc7d9dd587ccb23c90505340ee1,2,2,0.7380836398448605,0.7859242200644007,0.047840580219540185,True,True,False,0,True
test,c4dad201936ed30eef3c94fafa59ed6e,2,2,0.3960954195894467,0.5282069321621574,0.1321115125727107,False,True,True,0,True
test,09476766faf9215ae60de94d7c259801,2,2,0.47676506043475964,0.603217782013113,0.1264527215783534,True,True,False,0,True
test,a4396e55c140360b67296ee34f56752c,2,3,0.5036375235461104,0.6786154417534949,0.1749779182073845,True,True,False,0,True
test,a4396e55c140360b67296ee34f56752c,3,3,0.5036375235461104,0.7066329645332152,0.20299544098710487,True,True,False,0,True
test,d1ec284532e192ddc41c2a400620e697,2,2,0.5338059520770442,0.6604078262146802,0.12660187413763602,True,True,False,0,True
test,b5f6cf402404052650b6ca5f41f71434,2,2,0.33978514781792235,0.3898412345440555,0.05005608672613315,False,False,False,0,True
valid,13ca758b93a2298b4571f97a8a97e3e5,2,3,0.47392098429497187,0.6862254541965833,0.21230446990161145,True,True,False,8,False
valid,13ca758b93a2298b4571f97a8a97e3e5,3,3,0.47392098429497187,0.7362399792713206,0.2623189949763487,True,True,False,8,False
valid,ded320f8039d7a35a324cf22f83fdf67,2,2,0.32002140400605295,0.47146402168525325,0.1514426176792003,False,True,True,0,True
test,8e213471c11bcad28837b1442a6f041a,2,2,0.36454016104587805,0.5161071865118674,0.15156702546598932,False,True,True,0,True
valid,5ae8b767398571b52ebd97dda7f3569c,2,3,0.3826978493190273,0.5477449584977516,0.16504710917872434,False,True,True,0,True
valid,5ae8b767398571b52ebd97dda7f3569c,3,3,0.3826978493190273,0.5436846876691126,0.16098683835008532,False,True,True,0,True
test,3861fdfecf4efb20b8a61f74643d40ef,2,3,0.5336911813486549,0.8319196521573402,0.2982284708086853,True,True,False,5,False
test,3861fdfecf4efb20b8a61f74643d40ef,3,3,0.5336911813486549,0.7122912580574843,0.17860007670882938,True,True,False,0,True
test,15c31c519540921d720cca6129389633,2,4,0.40914384377235224,0.5270334812524735,0.11788963748012127,False,True,True,0,True
test,15c31c519540921d720cca6129389633,3,4,0.40914384377235224,0.5310647967634025,0.12192095299105021,False,True,True,0,True
test,15c31c519540921d720cca6129389633,4,4,0.40914384377235224,0.5310647967634025,0.12192095299105021,False,True,True,0,True
test,b14fc8930e4f3f413b6cb90f3c20b741,2,2,0.37874749038975064,0.5178786294895776,0.139131139099827,False,True,True,0,True
test,cf6af03cfe2aa7ce2b23c2b77c1ff722,2,2,0.42306708218894207,0.6496132792955915,0.22654619710664947,False,True,True,1,False
test,e11161681691ee93c18b648ef563c05d,2,2,0.39155744782618396,0.5859180957263861,0.19436064790020213,False,True,True,0,True
test,09be8ba0b5c0e3195ef77302707a192f,2,2,0.4372786385562456,0.5963085288963705,0.15902989034012494,False,True,True,15,False
valid,5df41d8270624e3bcd155e2803cd3fea,2,2,0.37997499836456083,0.47932761808952373,0.0993526197249629,False,True,True,8,False
valid,b335c1b6b81809fb3de72bab88595134,2,2,0.5509683868254012,0.6372099252128156,0.08624153838741444,True,True,False,3,False
valid,b4b23a5f1e3af0a90cce47b18af0e612,2,2,0.600422091654259,0.4858287415861148,-0.1145933500681442,True,True,False,9,False
valid,c182d0749fbf4359feede804db96559e,2,3,0.35269892087483634,0.4882811072067549,0.13558218633191854,False,True,True,0,True
valid,c182d0749fbf4359feede804db96559e,3,3,0.35269892087483634,0.5261900027701955,0.1734910818953591,False,True,True,0,True
valid,5de49d2694e14cb7d84e7131475e63b1,2,2,0.45937530331916177,0.555279529140637,0.09590422582147529,True,True,False,0,True
test,1349d7f4ec671ded42f2360828965692,2,6,0.45033826892088735,0.6258888058661047,0.17555053694521738,True,True,False,0,True
test,1349d7f4ec671ded42f2360828965692,3,6,0.45033826892088735,0.6543513236746067,0.20401305475371934,True,True,False,0,True
test,1349d7f4ec671ded42f2360828965692,4,6,0.45033826892088735,0.6810150610866383,0.230676792165751,True,True,False,0,True
test,1349d7f4ec671ded42f2360828965692,5,6,0.45033826892088735,0.6810150610866383,0.230676792165751,True,True,False,0,True
test,1349d7f4ec671ded42f2360828965692,6,6,0.45033826892088735,0.6810150610866383,0.230676792165751,True,True,False,0,True
test,bb18e3fd27d453f8966cc3b57c5b75f6,2,2,0.5964343765735696,0.5690647051108257,-0.027369671462743828,True,True,False,13,False
test,9bc9e123b2d0de667a9468b65648ab73,2,2,0.4988358226153179,0.597260523424333,0.09842470080901511,True,True,False,0,True
test,33c395f5b7eaa637304434e553d45cf1,2,2,0.38451101605485993,0.6052197135838757,0.22070869752901578,False,True,True,0,True
valid,6145340f417b2ec892ce4c053d245a0f,2,2,0.41664657892505685,0.5408730227949904,0.12422644386993353,False,True,True,0,True
valid,79383ec7c2d33000e80ee9f0ecf93d8e,2,2,0.32027431800339834,0.4668408459191359,0.14656652791573754,False,True,True,5,False
test,4c832b5c447f450474f8470737f7e580,2,2,0.4348415504893819,0.5304685988230045,0.09562704833362257,False,True,True,0,True
test,af0d9307a328df54ca2c27eb08cf62b2,2,2,0.3382159743467459,0.5132988664326219,0.17508289208587602,False,True,True,0,True
test,e56f72c9203fe285a42e1c21888e44d1,2,2,0.4095131507256793,0.6536359430227137,0.24412279229703437,False,True,True,8,False
test,f0f0463959db12d5eb2663e9af79f0ec,2,3,0.4003283794111925,0.5952824779851249,0.19495409857393242,False,True,True,0,True
test,f0f0463959db12d5eb2663e9af79f0ec,3,3,0.4003283794111925,0.6265349507388822,0.22620657132768973,False,True,True,0,True
test,2421f14e951ee2f1127aaadaa60d9763,2,2,0.6134953384334924,0.7642456461718271,0.15075030773833475,True,True,False,0,True
test,f3419091993faf0c528154a0fda1af52,2,2,0.670170277122593,0.6779807515035688,0.007810474380975818,True,True,False,0,True
valid,9e05a5c7ef1a7074746243745a430219,2,2,0.5102537011956012,0.6235734412930742,0.11331974009747303,True,True,False,0,True
valid,c9a1595ae87467e3d6143d9c29542030,2,3,0.3597843377790524,0.5131646615770318,0.1533803237979794,False,True,True,0,True
valid,c9a1595ae87467e3d6143d9c29542030,3,3,0.3597843377790524,0.5691438635315607,0.20935952575250827,False,True,True,0,True
test,614e6a3e3a3c1ef48fa89ab1e15da0fb,2,2,0.5203484887391477,0.6884671715423374,0.16811868280318965,True,True,False,0,True
test,2b0d2d60eaf705257bf8fc3eac1680d6,2,5,0.5692814831740534,0.7164522878294263,0.1471708046553729,True,True,False,8,False
test,2b0d2d60eaf705257bf8fc3eac1680d6,3,5,0.5692814831740534,0.6974596960915523,0.12817821291749898,True,True,False,8,False
test,2b0d2d60eaf705257bf8fc3eac1680d6,4,5,0.5692814831740534,0.6999242469908495,0.13064276381679618,True,True,False,9,False
test,2b0d2d60eaf705257bf8fc3eac1680d6,5,5,0.5692814831740534,0.7047039476621835,0.1354224644881301,True,True,False,9,False
test,d6146bd142ef3ffa19fed2bcc5cab997,2,2,0.41928413921180163,0.604975152285286,0.18569101307348435,False,True,True,0,True
test,e2a34138116519cb702c72c12aeb99fc,2,2,0.6133441183134728,0.7732621993433471,0.15991808102987426,True,True,False,8,False
valid,2fdd35034a62541526bee9d3f287c2e0,2,2,0.3838609823008807,0.4951799110988453,0.11131892879796457,False,True,True,0,True
test,052b7ade468bbc426187ed75fbc1fb3b,2,2,0.3376586304789422,0.41308815318679193,0.07542952270784975,False,False,False,0,True
test,9790914a516d3a166150d0d19f282b8f,2,2,0.3638718666548354,0.5055958301806759,0.1417239635258405,False,True,True,0,True
test,c88226c0be178bf303537e6ffddc8dc3,2,2,0.3229396618201116,0.519962935382271,0.19702327356215943,False,True,True,0,True
valid,cd51709c98c738351915f79c4318675e,2,7,0.5541773887111898,0.5624690477861363,0.008291659074946445,True,True,False,9,False
valid,cd51709c98c738351915f79c4318675e,3,7,0.5541773887111898,0.6964990987918103,0.14232171008062044,True,True,False,0,True
valid,cd51709c98c738351915f79c4318675e,4,7,0.5541773887111898,0.49543124383076453,-0.05874614488042529,True,True,False,8,False
valid,cd51709c98c738351915f79c4318675e,5,7,0.5541773887111898,0.4899054353454555,-0.06427195336573432,True,True,False,8,False
valid,cd51709c98c738351915f79c4318675e,6,7,0.5541773887111898,0.676999511911017,0.12282212319982722,True,True,False,9,False
valid,cd51709c98c738351915f79c4318675e,7,7,0.5541773887111898,0.4967690164719235,-0.057408372239266314,True,True,False,8,False
test,e8c3c6c26df91aea7618de51cb6825f6,2,2,0.5213100297995055,0.7104330143925033,0.1891229845929978,True,True,False,0,True
valid,0b7acd2a88da22f2cf5365bff495f1e6,2,2,0.3488054050378031,0.515561216312077,0.16675581127427386,False,True,True,0,True
valid,2eadaf71d4f29fd92a626c6a068ff74d,2,2,0.45215162524355557,0.5925912303347043,0.14043960509114872,True,True,False,6,False
test,d1d889b705a1d015ae3040fe1cb24be7,2,2,0.5218869593823328,0.6816456057014475,0.15975864631911474,True,True,False,0,True
test,885ba9cdf223d8e0f8979f8d2d6c36a5,2,2,0.5064301124425163,0.7068732064791624,0.20044309403664606,True,True,False,9,False
valid,ae33ac637d8999d976657ff3ab5c106a,2,2,0.46810348304959737,0.6050211219185628,0.13691763886896546,True,True,False,4,False
test,1bcc358683121573025279427dacc764,2,2,0.45472237544351124,0.6241011799606897,0.16937880451717846,True,True,False,0,True
test,416e55ae80dadfd48f380ae3b1b1dc83,2,2,0.3623380826315228,0.5709395783611629,0.20860149572964015,False,True,True,0,True
test,ba566f2aa895f419305a7688c55495e5,2,2,0.4655642259682692,0.669285051581551,0.20372082561328186,True,True,False,0,True
test,c9abb9f3b4b71b87bfbc5645a02cf8cc,2,2,0.455468533265998,0.6691921456985115,0.21372361243251348,True,True,False,0,True
test,acf3ac1c437e8674370762c5a482b978,2,2,0.4543723749519317,0.6290733887610112,0.17470101380907943,True,True,False,0,True
test,6bc068075770cc66b2bd231aec60f1be,2,2,0.5665257276005733,0.4628051302842575,-0.10372059731631578,True,True,False,0,True
valid,ccce262c4b1775baab94c62c954014c8,2,3,0.4639280317762152,0.613206278377012,0.1492782466007968,True,True,False,0,True
valid,ccce262c4b1775baab94c62c954014c8,3,3,0.4639280317762152,0.6421129927790652,0.17818496100284997,True,True,False,0,True
valid,b7b95a33401e50caf4f570d95d028d6d,2,2,0.32299574754026894,0.37821427419908393,0.05521852665881499,False,False,False,0,True
test,c35fae60290d46aa0431b8c887c3a8c7,2,4,0.5033681385554301,0.6364296641040721,0.13306152554864203,True,True,False,4,False
test,c35fae60290d46aa0431b8c887c3a8c7,3,4,0.5033681385554301,0.6920679890660772,0.1886998505106472,True,True,False,4,False
test,c35fae60290d46aa0431b8c887c3a8c7,4,4,0.5033681385554301,0.7182806091325799,0.2149124705771498,True,True,False,4,False
valid,b9eb8b76c59fb1d0c2bd45104f5a9cba,2,2,0.47691197741807756,0.5705630315075227,0.09365105408944518,True,True,False,0,True
test,c6aae003b7c6c4c197112467858aa37b,2,2,0.4486852339649722,0.6626602438334728,0.2139750098685006,True,True,False,0,True
valid,8deef23d1fd8c6c5f9f3d449baec0648,2,4,0.48106211948655575,0.6350454021152381,0.15398328262868233,True,True,False,0,True
valid,8deef23d1fd8c6c5f9f3d449baec0648,3,4,0.48106211948655575,0.684562286484793,0.20350016699823725,True,True,False,0,True
valid,8deef23d1fd8c6c5f9f3d449baec0648,4,4,0.48106211948655575,0.6952027641410893,0.21414064465453353,True,True,False,0,True
test,a7c318c46e14332323a101743ccfc72d,2,2,0.38269101841703557,0.6289977290931484,0.24630671067611287,False,True,True,2,False
valid,d3909d7239431c7132c3aac806ec6507,2,2,0.33028284508297256,0.38179584988256665,0.051513004799594087,False,False,False,0,True
valid,aabe36f3706e352ac62dcb1caa6d9d79,2,2,0.307061100803377,0.39973654243009304,0.09267544162671604,False,False,False,0,True
test,fbc212270a939b78ed5c8abcdc365ecd,2,2,0.5570976733977552,0.7049024226506515,0.14780474925289633,True,True,False,8,False
test,fa72cc9a6c1effa9ce0166cd8d5d79cf,2,2,0.6556847840258007,0.6958655898853897,0.04018080585958905,True,True,False,1,False
test,64a52e5a0f31a4ccfe2f4318f49aa33f,2,2,0.49073738956363533,0.6989540501866963,0.208216660623061,True,True,False,0,True
test,70540cb2de8cdf8a399817159fc108e0,2,2,0.4459146047998037,0.4900315796596104,0.0441169748598067,True,True,False,12,False
valid,60301aefa80ed57de1c39335c519622c,2,3,0.5436355736757459,0.710827096563557,0.16719152288781114,True,True,False,0,True
valid,60301aefa80ed57de1c39335c519622c,3,3,0.5436355736757459,0.7289742252763427,0.18533865160059682,True,True,False,0,True
test,84067c1987477431836bf30d8689f6b0,2,2,0.39887024826297335,0.6421967057158946,0.24332645745292125,False,True,True,0,True
test,4a6779a79e8397160e34e7e005321200,2,2,0.5661268114643663,0.6416359378994336,0.07550912643506735,True,True,False,0,True
test,9fa420e862b14f1b9485b201599dc574,2,2,0.4078003020843346,0.5598765997689146,0.15207629768457998,False,True,True,0,True
test,add756e3e5d6be09e93f4e5ca22d7b44,2,2,0.5515895468295096,0.67560674285396,0.1240171960244505,True,True,False,10,False
test,ef6a08eb361817fe2908f1553b5d00f1,2,2,0.3682739810789212,0.5111571411468532,0.142883160067932,False,True,True,0,True
test,8fb4d17d3419dda57ca57e6a230152c7,2,2,0.5112478214842078,0.5698654191641146,0.05861759767990682,True,True,False,0,True
test,7d20c79f25c64f2c7feca12d01677c8e,2,4,0.4552114120714065,0.6052415013535613,0.15003008928215478,True,True,False,0,True
test,7d20c79f25c64f2c7feca12d01677c8e,3,4,0.4552114120714065,0.5749138683542014,0.11970245628279497,True,True,False,0,True
test,7d20c79f25c64f2c7feca12d01677c8e,4,4,0.4552114120714065,0.5720058419787049,0.11679442990729838,True,True,False,0,True
valid,99687fd750781ecf475d632c33a533ee,2,2,0.4274730764660698,0.5469754856989446,0.1195024092328748,False,True,True,0,True
valid,201797d3f567dc70cc5732ecf055e346,2,2,0.4282565676921585,0.6299728871997027,0.2017163195075442,False,True,True,14,False
test,ea0295dc22e609716e19683e24874c1c,2,3,0.4280467932415106,0.6181115112681661,0.19006471802665548,False,True,True,0,True
test,ea0295dc22e609716e19683e24874c1c,3,3,0.4280467932415106,0.6700064132047158,0.24195961996320514,False,True,True,0,True
valid,0d88c1807ea23596e9a3222c2aad549d,2,2,0.5268721598653288,0.6519808422495529,0.12510868238422412,True,True,False,0,True
valid,6e9a1a1213572dd3cde6887df64df77b,2,2,0.5862332341113565,0.6738163504651766,0.0875831163538201,True,True,False,7,False
test,aea25973afa6e521393a98e850ebe672,2,2,0.6650368661700452,0.6659044149281509,0.0008675487581056851,True,True,False,0,True
test,61b1a739fc2fb8f8efc10539082c16a1,2,2,0.43435142205690414,0.6301403979792073,0.19578897592230315,False,True,True,0,True
valid,28a77826d03dfad917f9b8d43d06341e,2,3,0.4961068822332986,0.5680414371779254,0.07193455494462686,True,True,False,0,True
valid,28a77826d03dfad917f9b8d43d06341e,3,3,0.4961068822332986,0.5689749863982223,0.07286810416492373,True,True,False,0,True
test,43ca8748a71977b9d33696cd909f613f,2,2,0.41234654137192395,0.5186324382397607,0.10628589686783674,False,True,True,0,True
test,c4142556a994ea3382c0b8d954c0acdb,2,2,0.47369741686752687,0.6391651538883606,0.16546773702083373,True,True,False,0,True
test,7ab25586eb0423d8038091f70b35a4a5,2,2,0.3906977068861326,0.49912052311951793,0.10842281623338534,False,True,True,0,True
valid,31b3e1e5188e76431af2242ebbfb4ba4,2,2,0.4210187763953057,0.4003815489519331,-0.020637227443372597,False,False,False,10,False
valid,b04b2f28409ccd550c06a3fca4d6eb00,2,2,0.3598810976315485,0.5029754588122025,0.143094361180654,False,True,True,0,True
test,f07c2a5561e437e1a61e62a3b7123b65,2,2,0.44030350909132,0.5194456523362088,0.07914214324488877,True,True,False,0,True
test,122f75d9c2b30dfb21ca6950ec587b90,2,2,0.35493994536824225,0.49138725917169535,0.1364473138034531,False,True,True,0,True
test,df71a04c6a6a25fb6a6a94f30fa7354d,2,2,0.5237892001376185,0.6861753400906605,0.16238613995304196,True,True,False,0,True
test,2e8644b6852a0e75700c764e182ddbbe,2,6,0.3586299251855781,0.5580084728177139,0.1993785476321358,False,True,True,7,False
test,2e8644b6852a0e75700c764e182ddbbe,3,6,0.3586299251855781,0.5896432256678574,0.2310133004822793,False,True,True,0,True
test,2e8644b6852a0e75700c764e182ddbbe,4,6,0.3586299251855781,0.5960518762599436,0.23742195107436548,False,True,True,4,False
test,2e8644b6852a0e75700c764e182ddbbe,5,6,0.3586299251855781,0.5960518762599436,0.23742195107436548,False,True,True,4,False
test,2e8644b6852a0e75700c764e182ddbbe,6,6,0.3586299251855781,0.6101866531727144,0.25155672798713624,False,True,True,7,False
test,3699ca6aff3879a2990159cd64537303,2,2,0.48600631826593566,0.6400748441197225,0.15406852585378683,True,True,False,0,True
valid,5e29bb4d91686c8d61f87779502db614,2,2,0.6672046005949408,0.519337946650261,-0.1478666539446798,True,True,False,6,False
test,88070a99472bf32fc96e605f816679b0,2,2,0.39081086426113554,0.5463035314596338,0.1554926671984983,False,True,True,0,True
valid,42d6c905b94bb9817871a7428dd99a62,2,2,0.5559387164930758,0.4313469591821453,-0.12459175731093053,True,False,False,6,False
test,3123ac94cc04ba74266ab34f2529bd33,2,2,0.20253895049388504,0.5411131386994918,0.3385741882056068,False,True,True,9,False
valid,361454f6abef97fcf00c67ec27a32e6f,2,2,0.5223321603632876,0.6650444914587054,0.1427123310954178,True,True,False,0,True
valid,1ccf68abfb6823f0eecaed1245461be7,2,2,0.4809444915221842,0.5973795863836953,0.11643509486151105,True,True,False,0,True
test,45776460b7ff952460b7e9d32c28bd9b,2,2,0.3928983829119317,0.5036217211538914,0.11072333824195968,False,True,True,0,True
test,a178e5115c4f2f2b1f778cbf210e07cb,2,4,0.3979021180948654,0.5945343538038974,0.196632235709032,False,True,True,0,True
test,a178e5115c4f2f2b1f778cbf210e07cb,3,4,0.3979021180948654,0.6583297817988136,0.2604276637039482,False,True,True,0,True
test,a178e5115c4f2f2b1f778cbf210e07cb,4,4,0.3979021180948654,0.679217228409488,0.28131511031462253,False,True,True,0,True
test,05c7aa3928dd1b25667ba59cdc277505,2,2,0.5153901322349672,0.6461520592168483,0.13076192698188105,True,True,False,0,True
valid,fb216ce0d45ab76957e7bb2cf19cbac8,2,2,0.5119519388691074,0.6128622176103546,0.10091027874124725,True,True,False,0,True
test,f38bcea38944dc89223a23571a1207e5,2,2,0.377719076373937,0.5585299806551756,0.18081090428123858,False,True,True,0,True
test,8832736e69bda45d9e1c6f5a64e64517,2,2,0.3917616510826325,0.5340194778919936,0.14225782680936105,False,True,True,0,True
valid,b9edb51e964553c82dd1cb214873cc32,2,2,0.38252482688841993,0.5235058183622837,0.14098099147386378,False,True,True,0,True
test,c05d6a79e55da72ca780ce90364abed9,2,12,0.7013217458682482,0.5546209297086424,-0.14670081615960584,True,True,False,5,False
test,c05d6a79e55da72ca780ce90364abed9,3,12,0.7013217458682482,0.5483665451734994,-0.15295520069474888,True,True,False,5,False
test,c05d6a79e55da72ca780ce90364abed9,4,12,0.7013217458682482,0.7216013606991247,0.02027961483087648,True,True,False,0,True
test,c05d6a79e55da72ca780ce90364abed9,5,12,0.7013217458682482,0.5442344538072623,-0.15708729206098593,True,True,False,5,False
test,c05d6a79e55da72ca780ce90364abed9,6,12,0.7013217458682482,0.7216013606991247,0.02027961483087648,True,True,False,0,True
test,c05d6a79e55da72ca780ce90364abed9,7,12,0.7013217458682482,0.5515091146858409,-0.1498126311824074,True,True,False,5,False
test,c05d6a79e55da72ca780ce90364abed9,8,12,0.7013217458682482,0.7384507704608515,0.037129024592603255,True,True,False,0,True
test,c05d6a79e55da72ca780ce90364abed9,9,12,0.7013217458682482,0.5838641934743598,-0.11745755239388844,True,True,False,5,False
test,c05d6a79e55da72ca780ce90364abed9,10,12,0.7013217458682482,0.7617229380408703,0.060401192172622076,True,True,False,0,True
test,c05d6a79e55da72ca780ce90364abed9,11,12,0.7013217458682482,0.7617229380408703,0.060401192172622076,True,True,False,0,True
test,c05d6a79e55da72ca780ce90364abed9,12,12,0.7013217458682482,0.5838641934743598,-0.11745755239388844,True,True,False,5,False
valid,e352ff9f2e0ad057b6ce41cc5a662991,2,4,0.3917497099529724,0.501115373823979,0.10936566387100655,False,True,True,0,True
valid,e352ff9f2e0ad057b6ce41cc5a662991,3,4,0.3917497099529724,0.5020649661371935,0.11031525618422111,False,True,True,0,True
valid,e352ff9f2e0ad057b6ce41cc5a662991,4,4,0.3917497099529724,0.5020649661371935,0.11031525618422111,False,True,True,0,True
test,bab2b00c7dda561a8e77047d346f36cc,2,2,0.39700887800310036,0.6110994150581085,0.21409053705500813,False,True,True,1,False
valid,7212b4060f681024f3a8fe5681df5389,2,2,0.4793347127207177,0.5671262262584102,0.08779151353769254,True,True,False,4,False
valid,bf3358fdaf47c7a9abf288008dc1ec59,2,2,0.32862719277927577,0.48340036841369827,0.1547731756344225,False,True,True,0,True
test,f67026e78b00cb23af0f2ccdb5ee8245,2,2,0.5485075276511264,0.7368477582354873,0.1883402305843609,True,True,False,4,False
test,8e60a511ac30aacb9ded963801a906af,2,3,0.6691064485625943,0.6389894184548732,-0.030117030107721043,True,True,False,5,False
test,8e60a511ac30aacb9ded963801a906af,3,3,0.6691064485625943,0.6266503653993807,-0.04245608316321359,True,True,False,5,False
test,5f8727348fdce5ad81ba441d3bf9e18c,2,2,0.6574767320235526,0.6404314361561834,-0.017045295867369248,True,True,False,0,True
test,1da4a48423b45db9eb872fbd7b5eaccb,2,2,0.495595530439612,0.6268594312759315,0.13126390083631945,True,True,False,0,True
valid,d62ce432bb1d1056c58fc8b58d30d260,2,3,0.518004855246458,0.6495878403240378,0.13158298507757982,True,True,False,0,True
valid,d62ce432bb1d1056c58fc8b58d30d260,3,3,0.518004855246458,0.6751898930687905,0.1571850378223325,True,True,False,0,True
test,095f058cc1daeb1e7ba1c133473090a3,2,2,0.5275454007383589,0.623911756019092,0.09636635528073312,True,True,False,11,False
test,ecfe65cfaa102e8a89b64e8847d79314,2,2,0.5378997956693351,0.7094642854509192,0.17156448978158412,True,True,False,0,True
test,6cd3f2ca1a0a50c0500752842d4dd018,2,3,0.37754685309382374,0.5286363013947979,0.15108944830097415,False,True,True,7,False
test,6cd3f2ca1a0a50c0500752842d4dd018,3,3,0.37754685309382374,0.5772255296852433,0.19967867659141958,False,True,True,0,True
test,7c8ef607483d6add6bd812fcb934dca9,2,2,0.35639499656801343,0.5444808632245488,0.18808586665653537,False,True,True,10,False
test,39d340d25b904393423407b7b5ed5030,2,2,0.6398679569519805,0.6086918383984139,-0.031176118553566612,True,True,False,8,False
test,c78ebbd697d902b76f0b9381f22b17cd,2,2,0.7094806715886193,0.7371315249801587,0.027650853391539387,True,True,False,0,True
valid,f0b3358d0acb067d9c09d3fb376a5e0d,2,2,0.47771302695121465,0.5298065378765813,0.052093510925366626,True,True,False,3,False
test,546fb5e88f96553369c04bd920b9becf,2,2,0.713361527166418,0.7566118498756572,0.04325032270923923,True,True,False,0,True
test,70ee39a40074e0c39dda6d286a77d5c5,2,2,0.4390526685280892,0.6361145830287698,0.19706191450068056,False,True,True,0,True
test,3ee3908bb8219eefa5d3699d6fdc6d75,2,4,0.4762717656083747,0.601742868524673,0.12547110291629826,True,True,False,0,True
test,3ee3908bb8219eefa5d3699d6fdc6d75,3,4,0.4762717656083747,0.6304125101710427,0.15414074456266802,True,True,False,0,True
test,3ee3908bb8219eefa5d3699d6fdc6d75,4,4,0.4762717656083747,0.645098839936006,0.16882707432763133,True,True,False,0,True
valid,67514fcb055f334d27330858482a410b,2,2,0.3392279030249584,0.43629079909363533,0.09706289606867691,False,False,False,7,False
test,2c9edac668d691947b1107b0b68a1adc,2,2,0.559919864266292,0.7044505025891601,0.14453063832286805,True,True,False,0,True
test,22ef9d3714207d9a803bd9acb19fd0cb,2,2,0.41763236762356204,0.6316930808976915,0.21406071327412945,False,True,True,0,True
test,0ae4456639dd07164db5f2433c8f55e4,2,4,0.6216154476789613,0.5690771241942283,-0.052538323484732974,True,True,False,0,True
test,0ae4456639dd07164db5f2433c8f55e4,3,4,0.6216154476789613,0.5917544924920612,-0.029860955186900018,True,True,False,0,True
test,0ae4456639dd07164db5f2433c8f55e4,4,4,0.6216154476789613,0.5917544924920612,-0.029860955186900018,True,True,False,0,True
valid,654236657c61378a35416f08170ff0ad,2,2,0.4411283334330701,0.5839420981808567,0.14281376474778662,True,True,False,0,True
test,64e9a35b6a64013d05435c2b3faca268,2,2,0.34828734518589965,0.5211831191708917,0.172895773984992,False,True,True,0,True
test,ca252aefd6f7ef3c5879eaab99e277eb,2,3,0.3865355138093435,0.567137358656396,0.18060184484705255,False,True,True,0,True
test,ca252aefd6f7ef3c5879eaab99e277eb,3,3,0.3865355138093435,0.6169060755010431,0.23037056169169967,False,True,True,0,True
test,1ba1c0a51a27e3c9c621d7128ba44a5a,2,2,0.5326524389695411,0.7119916778085572,0.17933923883901615,True,True,False,0,True
test,0996218f2d0c8ec0cb08f7498588bc41,2,2,0.39927870585938474,0.5158729838471734,0.11659427798778865,False,True,True,8,False
test,e015afedfc53ee0d62f972db3149480b,2,2,0.48644467468313435,0.6824529977443351,0.19600832306120075,True,True,False,4,False
test,fab2aac6ff265cb5b66ffec77b3fd882,2,2,0.6543803578674703,0.6941826083018746,0.03980225043440433,True,True,False,0,True
valid,76b1bcac04cffba74b00e4be75f58f9f,2,2,0.4853670113018974,0.626388556388404,0.14102154508650655,True,True,False,0,True
test,589cee057c9f85a83427878ae34dd47b,2,2,0.47211891282660934,0.6006641175574268,0.12854520473081743,True,True,False,0,True
test,a49b8f92334f6b3b8eef67010a8e53ce,2,2,0.39568435375641,0.6516559218447926,0.2559715680883826,False,True,True,0,True
test,04f6cdae6a85ade2864cd5fc811fb9ba,2,3,0.5099333292800845,0.6493981720527373,0.1394648427726528,True,True,False,0,True
test,04f6cdae6a85ade2864cd5fc811fb9ba,3,3,0.5099333292800845,0.7283672656904233,0.2184339364103388,True,True,False,0,True
valid,03dbf3a42789c67ed5e2198f08d997dc,2,2,0.5049974173738894,0.631336228812958,0.12633881143906867,True,True,False,0,True
valid,2c559a6f1ac48c4f100f4775a1362ea1,2,2,0.4154010118775996,0.5288735638287747,0.11347255195117512,False,True,True,0,True
test,2ac520de90670f0cb695af6630a00c4a,2,2,0.3938526045809856,0.5690925168556288,0.1752399122746432,False,True,True,0,True
test,2780bd2c2ec051df9919aa3841b9d049,2,3,0.7236222441518282,0.6914843334948988,-0.03213791065692939,True,True,False,0,True
test,2780bd2c2ec051df9919aa3841b9d049,3,3,0.7236222441518282,0.7338370232294456,0.010214779077617364,True,True,False,0,True
valid,316689f43f1ba849c8cb83df6f355632,2,2,0.5712354227272292,0.652827736457767,0.08159231373053788,True,True,False,14,False
test,223f078a123f6e7b1374cc086dabfa69,2,3,0.5575293500521297,0.7026824223536762,0.1451530723015465,True,True,False,5,False
test,223f078a123f6e7b1374cc086dabfa69,3,3,0.5575293500521297,0.7461826521529313,0.18865330210080167,True,True,False,0,True
test,16266dcc0650cb074864170843ad9238,2,2,0.3384936302693383,0.4628217893746289,0.1243281591052906,False,True,True,0,True
valid,c2c7eaa5d10a2d1abe8f0948534ef196,2,2,0.5847372970646365,0.7755700814872191,0.19083278442258256,True,True,False,7,False
test,4dacdd4bc2de0f5f0aa9e11a735e8e33,2,2,0.38561889460359566,0.5570391156258603,0.17142022102226462,False,True,True,11,False
test,7c456a887b23a75268a45a224d191c52,2,2,0.42566542028570853,0.5987065618533141,0.17304114156760553,False,True,True,0,True
test,b7e1823a1a3137ba666bef3dfbca19dd,2,2,0.43495627982816687,0.6725112127036224,0.23755493287545548,False,True,True,8,False
valid,8a35c08994c840d30994c8c915bfff3d,2,2,0.38093032928648474,0.582164587996324,0.20123425870983924,False,True,True,0,True
test,bcbef667390aafa23e9d20e93ea9e5af,2,2,0.3962510335919639,0.5628805672152384,0.16662953362327448,False,True,True,0,True
valid,48655ee6c7085fbfd82ff485d614a4b8,2,2,0.3608978984554554,0.4823569931898646,0.12145909473440919,False,True,True,0,True
test,36138672074a247040d772897526e427,2,2,0.4365234782202051,0.5345443709266294,0.09802089270642433,False,True,True,7,False
valid,e9d40a10468b79b4c35c82f1bf078545,2,6,0.5267517951323182,0.5782228277615097,0.051471032629191504,True,True,False,0,True
valid,e9d40a10468b79b4c35c82f1bf078545,3,6,0.5267517951323182,0.6455477774236114,0.11879598229129318,True,True,False,0,True
valid,e9d40a10468b79b4c35c82f1bf078545,4,6,0.5267517951323182,0.6674859845756835,0.14073418944336535,True,True,False,0,True
valid,e9d40a10468b79b4c35c82f1bf078545,5,6,0.5267517951323182,0.6674859845756835,0.14073418944336535,True,True,False,0,True
valid,e9d40a10468b79b4c35c82f1bf078545,6,6,0.5267517951323182,0.6674859845756835,0.14073418944336535,True,True,False,0,True
valid,3624eadd61b06f751ee55ea522226e3b,2,2,0.3597717220269393,0.480117975791853,0.1203462537649137,False,True,True,8,False
test,0ff2ccfa60758f3655e2f18156bb80ae,2,3,0.46244946469760506,0.642129367040972,0.17967990234336695,True,True,False,0,True
test,0ff2ccfa60758f3655e2f18156bb80ae,3,3,0.46244946469760506,0.6798818411155438,0.21743237641793878,True,True,False,0,True
valid,23fecfa4bb4a22fea354fcab23bcf1cc,2,4,0.5838466834894782,0.6460209226873679,0.06217423919788967,True,True,False,0,True
valid,23fecfa4bb4a22fea354fcab23bcf1cc,3,4,0.5838466834894782,0.6440856187204247,0.06023893523094648,True,True,False,0,True
valid,23fecfa4bb4a22fea354fcab23bcf1cc,4,4,0.5838466834894782,0.6463362191518869,0.06248953566240867,True,True,False,0,True
valid,78803193be3bdf95bc16a5d9271aedb8,2,3,0.4025078331315235,0.4501022603897864,0.047594427258262906,False,True,True,15,False
valid,78803193be3bdf95bc16a5d9271aedb8,3,3,0.4025078331315235,0.5588101651057802,0.1563023319742567,False,True,True,14,False
test,7a5ffe966dbc98f0f43ceeb96e1d73c8,2,2,0.4699760803504852,0.6399554617865737,0.16997938143608848,True,True,False,14,False
test,363524b17966c3a64696d5a68c5f4d34,2,5,0.6288189187310982,0.6142294491495773,-0.014589469581520853,True,True,False,0,True
test,363524b17966c3a64696d5a68c5f4d34,3,5,0.6288189187310982,0.6342033032095293,0.005384384478431148,True,True,False,0,True
test,363524b17966c3a64696d5a68c5f4d34,4,5,0.6288189187310982,0.6342033032095293,0.005384384478431148,True,True,False,0,True
test,363524b17966c3a64696d5a68c5f4d34,5,5,0.6288189187310982,0.6952721596352223,0.06645324090412408,True,True,False,12,False
test,4d800ff31c8c5d493ba7137dbf5b45b7,2,2,0.6048716503593186,0.632775321647789,0.02790367128847049,True,True,False,0,True
test,dabf944b5665812f782733657428f68b,2,2,0.6296135129166922,0.7620484246978398,0.13243491178114764,True,True,False,0,True
test,eef98923f3fe58345e2aa0ff71f97bd7,2,2,0.5162748884871531,0.6214027270976192,0.10512783861046615,True,True,False,0,True
test,fc2dd41f06d775c7fd26ecf8a529ae0a,2,2,0.229048920963126,0.606700259750179,0.37765133878705304,False,True,True,0,True
valid,8006e91ab98e5e16b4c125d42b170cfc,2,2,0.5457660094334515,0.6820958528803079,0.1363298434468564,True,True,False,0,True
test,1d7542bb5262913fe0516f7943b69a58,2,2,0.4075870728891978,0.5409421235127462,0.13335505062354835,False,True,True,0,True
test,6068425eef94486cf980570a1e00b58c,2,2,0.5283681755571703,0.6920556454994086,0.16368746994223826,True,True,False,0,True
valid,e0be387e4482cc1e135c5ffe3d896885,2,2,0.3686501601424522,0.44989548548181035,0.08124532533935813,False,True,True,0,True
test,04075153ea747446984b909a58edef85,2,2,0.3565387940080774,0.4830451797086204,0.12650638570054296,False,True,True,0,True
test,dda3f9f30f216722d8012c30ba016663,2,2,0.4680292444725982,0.6229270531633493,0.1548978086907511,True,True,False,0,True
test,77aecc9798d57db2f5a83579783cdec7,2,2,0.45807602036252715,0.5605416953968703,0.10246567503434312,True,True,False,6,False
test,883b467852944646af1b7eff7c0f5d35,2,2,0.6025839881185908,0.5031372850011583,-0.09944670311743253,True,True,False,0,True
test,20406ee2d530e69d8cbbb87409cc609f,2,2,0.5200517568778997,0.6343633237579278,0.11431156688002808,True,True,False,0,True
test,13359bb817972f7492a922fa64a69cad,2,4,0.38832787045178374,0.6366017195543736,0.24827384910258987,False,True,True,8,False
test,13359bb817972f7492a922fa64a69cad,3,4,0.38832787045178374,0.6069313637350093,0.2186034932832256,False,True,True,0,True
test,13359bb817972f7492a922fa64a69cad,4,4,0.38832787045178374,0.6040915354346248,0.21576366498284105,False,True,True,0,True
test,e13c7d85f07a4e00c383115a154dcc39,2,2,0.1747874266157714,0.2819964702869179,0.10720904367114648,False,False,False,5,False
valid,02557013eeaffd86a6cc5ffd80a4b54e,2,2,0.5358439326329605,0.5892702778385863,0.053426345205625836,True,True,False,0,True
test,cf7cd0f395801ff5971596509470129c,2,2,0.38795928819606396,0.7259846781436221,0.33802538994755815,False,True,True,12,False
valid,e5269b1523b5dfd5eb71102c6fd3d8d9,2,2,0.5425475215731442,0.6543993196237363,0.11185179805059209,True,True,False,0,True
test,05728fca024954ba1ce915ad5c94991f,2,5,0.6038310363658299,0.6904740299516625,0.0866429935858326,True,True,False,0,True
test,05728fca024954ba1ce915ad5c94991f,3,5,0.6038310363658299,0.6881801418448064,0.08434910547897645,True,True,False,0,True
test,05728fca024954ba1ce915ad5c94991f,4,5,0.6038310363658299,0.6969365325572301,0.09310549619140018,True,True,False,0,True
test,05728fca024954ba1ce915ad5c94991f,5,5,0.6038310363658299,0.6969365325572301,0.09310549619140018,True,True,False,0,True
test,c9feff2c5d40e5902787da6c586f42f2,2,2,0.5372850086204223,0.7577794649532151,0.22049445633279285,True,True,False,0,True
valid,902540001de909e522ef26569c6a2c8e,2,2,0.43679812465281176,0.4814045570581914,0.04460643240537965,False,True,True,0,True
valid,6460cc80249f46f8289b2a8d55d61dbd,2,2,0.3355524336024235,0.5601453001741148,0.2245928665716913,False,True,True,9,False
test,3311bcf8b85d70179b7a3addec72e5cb,2,3,0.4363856624437795,0.6170197468716336,0.1806340844278541,False,True,True,4,False
test,3311bcf8b85d70179b7a3addec72e5cb,3,3,0.4363856624437795,0.6614341704492214,0.22504850800544185,False,True,True,4,False
test,875457c60d42163f5d8bc4b4e94b2412,2,4,0.4943253497457041,0.6560618995217656,0.16173654977606156,True,True,False,1,False
test,875457c60d42163f5d8bc4b4e94b2412,3,4,0.4943253497457041,0.6828416002738172,0.18851625052811316,True,True,False,4,False
test,875457c60d42163f5d8bc4b4e94b2412,4,4,0.4943253497457041,0.5940196144475438,0.09969426470183973,True,True,False,1,False
test,b09109563f9a006540433672e92f5c13,2,2,0.3800735831963753,0.6645934189460689,0.28451983574969364,False,True,True,15,False
test,c0a3c804bb323cc5a4f30ac1f6bd2837,2,2,0.45459062283453566,0.6696753793663842,0.21508475653184855,True,True,False,0,True
test,e138a14b6a413d7a17ff420a130b2759,2,2,0.4556257096095321,0.5520114311785278,0.09638572156899572,True,True,False,0,True
test,7b04a7ac2acca6b694c8e7495f57369a,2,2,0.4155658541921462,0.6256165431477568,0.21005068895561063,False,True,True,0,True
test,b7f82499548a3de02968030aa7d011f8,2,2,0.34689114778220176,0.43435798539810844,0.08746683761590668,False,False,False,0,True
test,7960d74e96a2fc6a608c4bb2d622f456,2,2,0.3871576495166773,0.4557142320804002,0.06855658256372288,False,True,True,0,True
valid,ce85845ca7d1014cbae2bddabe1d468c,2,2,0.4876390958964196,0.576045555573717,0.08840645967729732,True,True,False,4,False
valid,29449197055445f2fc9d9f08777b676d,2,2,0.49417747812170465,0.6858142395351968,0.19163676141349217,True,True,False,0,True
valid,c030f7ca1f3c2efd8ebcfa44d922c8ff,2,3,0.5360259488163501,0.6636296961810604,0.12760374736471025,True,True,False,0,True
valid,c030f7ca1f3c2efd8ebcfa44d922c8ff,3,3,0.5360259488163501,0.6911354064868027,0.1551094576704526,True,True,False,0,True
test,4c4a931a93ef9f28f4746db1e2e0e753,2,4,0.5622993889078984,0.7135553929229108,0.15125600401501238,True,True,False,0,True
test,4c4a931a93ef9f28f4746db1e2e0e753,3,4,0.5622993889078984,0.7644864784799796,0.2021870895720812,True,True,False,0,True
test,4c4a931a93ef9f28f4746db1e2e0e753,4,4,0.5622993889078984,0.7775563739440103,0.2152569850361119,True,True,False,0,True
valid,bf2965e4058cb6bfdeb4b81435f90829,2,2,0.4328386516618036,0.5341011138577898,0.10126246219598622,False,True,True,7,False
valid,e4d760499e9cf7d9e555ac7206aa45bc,2,2,0.39981296994005844,0.49478535890465136,0.09497238896459292,False,True,True,0,True
valid,e80adaeb250096a2042a63c4b3d20bcf,2,2,0.3969227460511261,0.46223295493991134,0.06531020888878525,False,True,True,0,True
test,83a748270a134df5ad432092f4e26e4d,2,2,0.4537201192911532,0.5542143081194659,0.10049418882831274,True,True,False,7,False
test,4d4c65feca16bc9de359cb5d4feef10d,2,2,0.5126778923861857,0.6367196965829651,0.12404180419677946,True,True,False,0,True
test,04107d105302558ebef9aa631b9bd13a,2,2,0.39550766167646334,0.48462422696506136,0.08911656528859802,False,True,True,0,True
valid,0097f0545a302aafa32782f1734ff71c,2,2,0.46861431858391767,0.5662506068028096,0.09763628821889192,True,True,False,8,False
test,9b308ef7d3e9d1bb7fa93b12b3d04c1e,2,2,0.4361413303421703,0.5464436194210746,0.11030228907890427,False,True,True,0,True
test,61e6fd152ceacdc37b7cacb713e73f10,2,3,0.4676441591672498,0.5989231218214166,0.13127896265416683,True,True,False,0,True
test,61e6fd152ceacdc37b7cacb713e73f10,3,3,0.4676441591672498,0.6227262284204838,0.15508206925323398,True,True,False,0,True
test,7ef47a1e75585d3f1b03dad4bf944a2c,2,4,0.6966499799056562,0.5174409345499922,-0.17920904535566407,True,True,False,11,False
test,7ef47a1e75585d3f1b03dad4bf944a2c,3,4,0.6966499799056562,0.5216054152858525,-0.17504456461980378,True,True,False,11,False
test,7ef47a1e75585d3f1b03dad4bf944a2c,4,4,0.6966499799056562,0.5186380461997577,-0.17801193370589852,True,True,False,11,False
test,7fef121b6b48a89fc1f2699d31476d50,2,2,0.4908912116424542,0.5826517239612508,0.09176051231879656,True,True,False,7,False
test,4b42a606687e048a7a33669b84bf8690,2,2,0.5689452301618891,0.7332417404774583,0.16429651031556913,True,True,False,0,True
test,851c1ec08214c18baed04be1c576fbd4,2,2,0.4524489571221324,0.6478392702996381,0.19539031317750566,True,True,False,15,False
valid,7d52cc13ad48508237527a8681689106,2,2,0.5558817827266159,0.6829843925915728,0.12710260986495692,True,True,False,1,False
test,36108669803b643f152340b95c2220bc,2,2,0.5019869933325946,0.6655744104300383,0.16358741709744373,True,True,False,0,True
valid,235a7628971a90567378815bf35d2a67,2,2,0.4606298772991796,0.5853566181999399,0.1247267409007603,True,True,False,14,False
test,39b13503bf74cb241771a5bdc7608426,2,2,0.5790863754282705,0.48614121640071983,-0.09294515902755063,True,True,False,8,False
test,7180475b60fe6bbbde424d39704a1177,2,2,0.38776826545028686,0.5762238295681369,0.18845556411785003,False,True,True,0,True
valid,7ece8c3c916bb0366f54e22a77936af4,2,2,0.533182536451017,0.6728236391606484,0.13964110270963137,True,True,False,0,True
valid,5b139baf2eee4dee89f9d990dcc4636c,2,2,0.3963285356743096,0.5337931716912125,0.13746463601690295,False,True,True,0,True
valid,db28a85f64c84ecf4ef58cddcaa1cf50,2,2,0.34524031688980417,0.46902498395815073,0.12378466706834657,False,True,True,7,False
valid,48679e7a18e6aa746943453400b7e74c,2,2,0.516929957116701,0.6586958900982989,0.1417659329815979,True,True,False,0,True
test,5c6fb1efa6d074731c88c7209909b511,2,3,0.4762727175129011,0.5865976547802854,0.11032493726738424,True,True,False,0,True
test,5c6fb1efa6d074731c88c7209909b511,3,3,0.4762727175129011,0.6603475087756009,0.18407479126269977,True,True,False,0,True
test,1e28e69f84e592969c53f666961fb156,2,2,0.40137461616529724,0.5744213852439015,0.17304676907860428,False,True,True,0,True
test,5de443f7adc75b72230b61e63ce5007a,2,4,0.5311767582934692,0.6548496607778922,0.12367290248442298,True,True,False,0,True
test,5de443f7adc75b72230b61e63ce5007a,3,4,0.5311767582934692,0.6357081921840821,0.10453143389061292,True,True,False,0,True
test,5de443f7adc75b72230b61e63ce5007a,4,4,0.5311767582934692,0.6357081921840821,0.10453143389061292,True,True,False,0,True
test,73e0f16a25c4d33221c6032d3bdb2680,2,2,0.42384848817268816,0.6570432120983508,0.23319472392566265,False,True,True,0,True
test,adb1802d9eaab059b7b624f5013159c0,2,3,0.3461267808756965,0.3779243582417515,0.03179757736605504,False,False,False,0,True
test,adb1802d9eaab059b7b624f5013159c0,3,3,0.3461267808756965,0.43260837943910446,0.08648159856340798,False,False,False,0,True
test,61478fcfdfbc524f57df31651d8f38c9,2,4,0.3889396843290206,0.5602785224147436,0.17133883808572303,False,True,True,0,True
test,61478fcfdfbc524f57df31651d8f38c9,3,4,0.3889396843290206,0.7389056318320125,0.3499659475029919,False,True,True,8,False
test,61478fcfdfbc524f57df31651d8f38c9,4,4,0.3889396843290206,0.7389056318320125,0.3499659475029919,False,True,True,8,False
test,a9850ce15ae344ed38a260105a67e118,2,2,0.4596848922661001,0.6295029906515881,0.169818098385488,True,True,False,0,True
test,cf14f34423154c055c6677b22cbfbf68,2,2,0.5869546724185437,0.6868416741569762,0.09988700173843246,True,True,False,0,True
valid,3be2b03f32e88489f49c64de449e6d98,2,2,0.36863546572852546,0.4474369491080449,0.07880148337951942,False,True,True,0,True
valid,6b3b7cba90a84e18a3c860762b535a08,2,2,0.5370958228135028,0.4750609629237671,-0.06203485988973567,True,True,False,0,True
test,f511be94d46f57276567f27512e0c304,2,2,0.3651069844722826,0.5254813714269468,0.16037438695466422,False,True,True,0,True
valid,5b004e91449a77cd4ad0a10e8fdac668,2,2,0.4394471138932573,0.4906854998710657,0.05123838597780839,False,True,True,5,False
valid,d28915f0c151523811a380f3ed100180,2,2,0.5420340573467335,0.6203524912949938,0.07831843394826032,True,True,False,0,True
test,d1da39d6d643a11a4083de84d30996a9,2,4,0.574157809013851,0.4736512932645264,-0.10050651574932468,True,True,False,0,True
test,d1da39d6d643a11a4083de84d30996a9,3,4,0.574157809013851,0.4998246067706712,-0.07433320224317985,True,True,False,0,True
test,d1da39d6d643a11a4083de84d30996a9,4,4,0.574157809013851,0.49685245690354374,-0.07730535211030731,True,True,False,0,True
test,4bac61800c1e9be95b1fc49a6b859c64,2,2,0.421294148130559,0.611800957725362,0.19050680959480304,False,True,True,0,True
valid,501947b9b9a7e6e4d8e1ba03c5e11347,2,2,0.3665322354511864,0.49529310221093636,0.12876086675974996,False,True,True,0,True
test,054df8d1a5ab3cf520be20c25d98f5f4,2,2,0.591497290422085,0.6852211452201667,0.09372385479808176,True,True,False,0,True
valid,74482752946085825e5c3270eec7d3a4,2,2,0.45833884684351256,0.5743414024242858,0.11600255558077321,True,True,False,0,True
test,98fdc814528eaae23bbb4515bdd34764,2,2,0.45392423018196315,0.6206656977601834,0.16674146757822028,True,True,False,0,True
test,4934371ce23a4e29360d9a4284078a47,2,2,0.38112732636463065,0.568647084560472,0.18751975819584132,False,True,True,0,True
test,6d01825b57b343ee894db28383c782e9,2,2,0.42774929324852984,0.5598147251174697,0.13206543186893982,False,True,True,0,True
valid,b2ae4ac79ec215eb7e8a6f680f0e4957,2,2,0.5443260340345191,0.672385589936175,0.12805955590165596,True,True,False,0,True
test,95442deb81a5d91c97c0df96b431634a,2,2,0.47141494951959595,0.5955261432815095,0.1241111937619136,True,True,False,0,True
test,ea134380898c6f487ff7113ecdd6319a,2,2,0.4268213862733822,0.6293981924873039,0.2025768062139217,False,True,True,4,False
valid,1c11d0f4353b31ac3417fbfa5f0f2a8a,2,7,0.4627254190376774,0.6056859745417781,0.1429605555041007,True,True,False,10,False
valid,1c11d0f4353b31ac3417fbfa5f0f2a8a,3,7,0.4627254190376774,0.6859192181292573,0.22319379909157988,True,True,False,12,False
valid,1c11d0f4353b31ac3417fbfa5f0f2a8a,4,7,0.4627254190376774,0.6400912231352458,0.1773658040975684,True,True,False,12,False
valid,1c11d0f4353b31ac3417fbfa5f0f2a8a,5,7,0.4627254190376774,0.5564744403422407,0.09374902130456331,True,True,False,10,False
valid,1c11d0f4353b31ac3417fbfa5f0f2a8a,6,7,0.4627254190376774,0.5386244457202046,0.07589902668252724,True,True,False,1,False
valid,1c11d0f4353b31ac3417fbfa5f0f2a8a,7,7,0.4627254190376774,0.7196991369971155,0.25697371795943813,True,True,False,12,False
test,3fea73b838ea893a25093b7818556091,2,2,0.4787679541196487,0.6049546362100939,0.12618668209044526,True,True,False,0,True
test,49e4b99628268d2b4f089f0662e13195,2,2,0.5218415048305185,0.6512492399238319,0.12940773509331338,True,True,False,0,True
test,face169115c6f2110b6324868ae397ff,2,2,0.39718177521296305,0.5750526078695758,0.17787083265661274,False,True,True,0,True
test,c5bed3a385f406c503841fed148952b9,2,2,0.34906608450981425,0.546671707202101,0.19760562269228676,False,True,True,0,True
valid,5cbc7c89712aae49a2bb1c98be72f597,2,2,0.503486636261134,0.5990621820179879,0.0955755457568539,True,True,False,0,True
valid,23822f9bf0e42a3e11bab993f60f84bc,2,2,0.19989081401059994,0.21347137475014488,0.013580560739544945,False,False,False,2,False
valid,ca29d7cf8cb37d08e6a73c1128859290,2,2,0.40951246096476446,0.5240756990531359,0.11456323808837143,False,True,True,0,True
valid,88d9499b5882f39b760f29c92acd6f2f,2,2,0.29673711053974994,0.3994238781227367,0.10268676758298678,False,False,False,0,True
valid,90407fc87b8430d3031e48be0d8ddd2b,2,2,0.5109250726320334,0.6432387100710745,0.13231363743904112,True,True,False,0,True
valid,1f50268bed0b22450f835dc03a16c88b,2,2,0.4865622913815397,0.6866135921789647,0.20005130079742495,True,True,False,0,True
test,bab9cd2eee074d0c97e7691c9418d68b,2,2,0.34745214161865734,0.5188980396041031,0.17144589798544574,False,True,True,0,True
valid,76e1398ff6f5ed6b681d270df349e3f8,2,5,0.5005998987087862,0.6377328782258422,0.13713297951705605,True,True,False,0,True
valid,76e1398ff6f5ed6b681d270df349e3f8,3,5,0.5005998987087862,0.7213625427039088,0.22076264399512258,True,True,False,6,False
valid,76e1398ff6f5ed6b681d270df349e3f8,4,5,0.5005998987087862,0.701742377946116,0.20114247923732986,True,True,False,0,True
valid,76e1398ff6f5ed6b681d270df349e3f8,5,5,0.5005998987087862,0.701742377946116,0.20114247923732986,True,True,False,0,True
test,e9007e380558105d9508dbc5b6e3ec59,2,2,0.5188557146069864,0.6945256334865113,0.17566991887952488,True,True,False,0,True
valid,c36bc89cd9897bf2c8a62efef58f3181,2,2,0.4557279181754401,0.5306156239538541,0.07488770577841397,True,True,False,0,True
test,f0cd188382c01c2acf331a637d869acc,2,2,0.38067029581072653,0.5840709595211975,0.20340066371047094,False,True,True,0,True
test,b296bc0dc4e73e99c3f6196a1b97b9aa,2,2,0.4801534915443961,0.6339363942436897,0.15378290269929362,True,True,False,0,True
valid,e6b58e9e71a0a471d128bd8325857f0f,2,2,0.3817098668275156,0.5936703165882888,0.21196044976077322,False,True,True,0,True
test,1f3b35f0094be1430b5d520be3436ea0,2,2,0.6389425346637136,0.5820985633023544,-0.05684397136135921,True,True,False,0,True
test,5fbf74426609c2706727d1e358652e36,2,2,0.4166465915199359,0.6105704228122899,0.19392383129235402,False,True,True,0,True
valid,1e906c082a3aa57596a2fa25a7e6cf25,2,2,0.5196073957355332,0.594579452563212,0.07497205682767882,True,True,False,0,True
test,a506cff68ad939f030138d38c2350dd0,2,2,0.4539033454883392,0.5513655188502398,0.09746217336190055,True,True,False,14,False
test,87b21a3c8c5c692b05dba19b9350a544,2,2,0.5785526577921656,0.7002064565669543,0.12165379877478877,True,True,False,5,False
test,afc3d36c156114cfae3aed5b536af510,2,2,0.4310185806651119,0.5472985613743001,0.11627998070918821,False,True,True,0,True
test,4edb2debfd66979e4c68897c768c36b8,2,2,0.38822303842393746,0.605128472640546,0.21690543421660857,False,True,True,0,True
valid,241d32c9a01951afcb78c68daeaae996,2,2,0.3949726524933812,0.5050618561309047,0.1100892036375235,False,True,True,0,True
test,e1e32786504bf329dc6a2c4d80579a31,2,2,0.4517943926249688,0.6236313560733433,0.1718369634483745,True,True,False,8,False
test,1907dde11e846428f4c7fcb38a27a4ce,2,2,0.4250709565398909,0.613222934014412,0.18815197747452106,False,True,True,0,True
test,c03748652e7cdfeb73bf4aa3b41da0dc,2,3,0.49397430141654186,0.517570170982696,0.023595869566154115,True,True,False,11,False
test,c03748652e7cdfeb73bf4aa3b41da0dc,3,3,0.49397430141654186,0.6998154422944035,0.20584114087786165,True,True,False,0,True
test,da98211dfdb21faaf9b5d67f11b7f50d,2,2,0.4037738614145322,0.5242285034166226,0.12045464200209044,False,True,True,0,True
test,e8c92cfd87f5f0c6d2fc5bc1df5f02b4,2,3,0.4903081482027779,0.6379219078483913,0.1476137596456134,True,True,False,12,False
test,e8c92cfd87f5f0c6d2fc5bc1df5f02b4,3,3,0.4903081482027779,0.6868209639151248,0.1965128157123469,True,True,False,14,False
test,08c7ad853a45735072fee2be62052da3,2,2,0.6940286589539382,0.6236558330528748,-0.07037282590106342,True,True,False,4,False
test,c537374026d7d660c0732235e0ce4013,2,2,0.5064658730472359,0.6423374997877671,0.13587162674053122,True,True,False,1,False
valid,9dec900f8c20ecbaefa8e27242060a67,2,2,0.5253603610503292,0.642615627728897,0.11725526667856778,True,True,False,0,True
test,96908b69c6dfbc8e2c29c2a2142a93a1,2,2,0.5982853552084375,0.4081720589820472,-0.19011329622639028,True,False,False,8,False
valid,0fd408210166f23fe823070a2f690048,2,3,0.3405794781105621,0.4831400560387138,0.1425605779281517,False,True,True,0,True
valid,0fd408210166f23fe823070a2f690048,3,3,0.3405794781105621,0.4631302616632763,0.1225507835527142,False,True,True,0,True
test,a0e1163327a3941a5681a1e948ca7add,2,2,0.49538332563523,0.6683756169682534,0.1729922913330234,True,True,False,4,False
test,675dac8b73cb0d20fa633e864deb7e1e,2,2,0.5518566968776052,0.7052144956668747,0.15335779878926947,True,True,False,0,True
test,c6f38ced81ea3f5ba92fdfb726dc84dd,2,2,0.7359845284725354,0.5131295716226553,-0.2228549568498801,True,True,False,12,False
test,484ca594704f4ef69b286803bc8316bf,2,3,0.48710368200151066,0.6718928853980077,0.18478920339649707,True,True,False,0,True
test,484ca594704f4ef69b286803bc8316bf,3,3,0.48710368200151066,0.7140925555000655,0.2269888734985548,True,True,False,0,True
test,d24db146b6a1a1259d5a56d424ba59f6,2,2,0.5660825244724905,0.5885239277198917,0.02244140324740118,True,True,False,0,True
test,906be41c08c186ca1b3152e6e9a04ed4,2,2,0.4481233130695591,0.5658373765343223,0.11771406346476321,True,True,False,0,True
test,95e418ea130a24742051eb864d986af5,2,2,0.4078985401922085,0.6254379061432016,0.2175393659509931,False,True,True,9,False
test,3ea393b6b5c82e62aadb0bab29892bbf,2,2,0.4509032612527073,0.3659264438631178,-0.08497681738958951,True,False,False,10,False
test,6893249ce4e1c005d32eaf13b7bde6eb,2,2,0.3546305902864523,0.5169754123309211,0.16234482204446887,False,True,True,0,True
valid,4cf18bf9d25331902ba212fa69a7a01d,2,2,0.31339052000002743,0.3955286090084654,0.082138089008438,False,False,False,15,False
test,cc91991372c1322fe937f53d91856acd,2,2,0.5092447111345654,0.6534746502659428,0.14422993913137738,True,True,False,0,True
valid,8d8a1fb20cc3bcbed0c51fd0c70bc538,2,2,0.4137856270974696,0.4989889189120099,0.08520329181454034,False,True,True,8,False
test,f824b4829cd5241bb5e90df926d9434f,2,2,0.5660741797082504,0.7057271712581002,0.1396529915498499,True,True,False,0,True
test,f3c3a7ba1b89f8248dbb8e42813efad5,2,2,0.4560566349995977,0.573143844227033,0.11708720922743532,True,True,False,0,True
valid,3999535bce12c57de04b7af9cada3719,2,2,0.2797917866225661,0.27564795831967304,-0.00414382830289306,False,False,False,0,True
test,bb4078da70b34609d9f52f149dafab11,2,2,0.5044165403643301,0.7143990982464234,0.2099825578820933,True,True,False,0,True
test,04f94352a3c9730205d3fa72cb014eb4,2,2,0.5442805818483332,0.6848558147073699,0.14057523285903673,True,True,False,0,True
test,83eee67c21d596a653687afe2c8ebad8,2,3,0.4353146249924227,0.6949012685918199,0.2595866435993972,False,True,True,10,False
test,83eee67c21d596a653687afe2c8ebad8,3,3,0.4353146249924227,0.6189320668953453,0.18361744190292262,False,True,True,0,True
test,baeda1a6ab86cb05572b31817ab4e413,2,2,0.5047493313154033,0.6666180502581603,0.161868718942757,True,True,False,0,True
test,5d1a75b5ee80b3ef12a57b30a418975c,2,3,0.5724878873150238,0.6429089790753448,0.07042109176032108,True,True,False,0,True
test,5d1a75b5ee80b3ef12a57b30a418975c,3,3,0.5724878873150238,0.6324061685353893,0.05991828122036558,True,True,False,0,True
valid,373017a71c06fba011a3105cffd46cbd,2,2,0.36734802877255646,0.4334076613138288,0.06605963254127234,False,False,False,0,True
test,7d5ff38bbe8e85dd2a181ff339eb11bd,2,5,0.6372421591231039,0.5189212309001622,-0.11832092822294171,True,True,False,0,True
test,7d5ff38bbe8e85dd2a181ff339eb11bd,3,5,0.6372421591231039,0.5565473225817377,-0.08069483654136622,True,True,False,0,True
test,7d5ff38bbe8e85dd2a181ff339eb11bd,4,5,0.6372421591231039,0.5565473225817377,-0.08069483654136622,True,True,False,0,True
test,7d5ff38bbe8e85dd2a181ff339eb11bd,5,5,0.6372421591231039,0.5551309933591069,-0.08211116576399702,True,True,False,0,True
test,7a8642ee90484b296acc07b910c2c44d,2,3,0.45130732025380815,0.720077140791102,0.2687698205372938,True,True,False,6,False
test,7a8642ee90484b296acc07b910c2c44d,3,3,0.45130732025380815,0.6459713304126943,0.19466401015888612,True,True,False,0,True
test,8dd925f0031d0e5f405cb0f3ed25edd9,2,2,0.41237782965530745,0.44401662721025636,0.031638797554948916,False,True,True,0,True
test,b94733bd6f62e2b5e53a30a2a27f109f,2,2,0.38404843799936605,0.5599389674435429,0.17589052944417682,False,True,True,0,True
test,ad20e4772c02fa44040fe219a2a172b6,2,2,0.2909897638769392,0.45251475222286963,0.16152498834593043,False,True,True,0,True
test,ce9f805d159a577d0f5dbf252a5bf577,2,2,0.7196970842104927,0.5794530658011747,-0.140244018409318,True,True,False,0,True
valid,4b3fb492ac13baaabfe1ef6b4e541955,2,3,0.34147428108719735,0.4932605106930551,0.15178622960585775,False,True,True,0,True
valid,4b3fb492ac13baaabfe1ef6b4e541955,3,3,0.34147428108719735,0.5123437082038333,0.170869427116636,False,True,True,0,True
valid,c642b243037172b9fa789eec22ab713c,2,3,0.5986836337782655,0.5087574644261641,-0.0899261693521014,True,True,False,7,False
valid,c642b243037172b9fa789eec22ab713c,3,3,0.5986836337782655,0.5549979074755127,-0.0436857263027528,True,True,False,11,False
valid,53986010cd24a083e90498682f8129b8,2,4,0.5481349380281981,0.6713808923007115,0.12324595427251339,True,True,False,0,True
valid,53986010cd24a083e90498682f8129b8,3,4,0.5481349380281981,0.631309886508425,0.08317494848022688,True,True,False,0,True
valid,53986010cd24a083e90498682f8129b8,4,4,0.5481349380281981,0.631309886508425,0.08317494848022688,True,True,False,0,True
test,b528343ff0b10c32c5c7baf68f6536ba,2,3,0.3910114000011886,0.5371659424290784,0.14615454242788983,False,True,True,0,True
test,b528343ff0b10c32c5c7baf68f6536ba,3,3,0.3910114000011886,0.7422170916736611,0.3512056916724725,False,True,True,9,False
test,80d96347e69c438801f589825dbf0d66,2,2,0.45922892398580695,0.5998195694286033,0.1405906454427963,True,True,False,0,True
test,0362e923f805ae4dce58fd78c86c96c4,2,2,0.45839139751449487,0.7509253816396915,0.2925339841251966,True,True,False,13,False
test,4d9d469ff1df648081f3e7648d24e82f,2,2,0.5230291566205851,0.6747472519284041,0.151718095307819,True,True,False,12,False
valid,64f30c3979fdd4ceb17f8c398d2806f9,2,2,0.5857555531020321,0.4873795016067678,-0.0983760514952643,True,True,False,8,False
test,9bdf94af058f959fbc09c3ea1eb32465,2,7,0.6358965024181111,0.5168281446849281,-0.11906835773318303,True,True,False,11,False
test,9bdf94af058f959fbc09c3ea1eb32465,3,7,0.6358965024181111,0.5144748019537704,-0.12142170046434075,True,True,False,11,False
test,9bdf94af058f959fbc09c3ea1eb32465,4,7,0.6358965024181111,0.5115046253026648,-0.1243918771154463,True,True,False,11,False
test,9bdf94af058f959fbc09c3ea1eb32465,5,7,0.6358965024181111,0.5187922927889015,-0.11710420962920964,True,True,False,11,False
test,9bdf94af058f959fbc09c3ea1eb32465,6,7,0.6358965024181111,0.5187922927889015,-0.11710420962920964,True,True,False,11,False
test,9bdf94af058f959fbc09c3ea1eb32465,7,7,0.6358965024181111,0.525287081820065,-0.11060942059804613,True,True,False,11,False
valid,3ba42e1ab3dfab510424d0872616a139,2,2,0.5139206422219096,0.6300152812346038,0.11609463901269423,True,True,False,0,True
test,6cbdf7000f3b95299293ee7375b40df2,2,2,0.3668104571267953,0.49344874207147715,0.12663828494468188,False,True,True,0,True
valid,c8c7ec8563c295ba0c3ea5faff0a1b0c,2,2,0.3357218198161096,0.4454626626612863,0.10974084284517671,False,True,True,1,False
test,0e993f47872848e8a028a49f48de0242,2,2,0.5581889161568646,0.6986320170118019,0.14044310085493728,True,True,False,0,True
test,04cc9ab9d21b11d7aca691cf7facaaa1,2,2,0.539013926914655,0.5954787789336153,0.05646485201896034,True,True,False,10,False
test,a9eec2aaf2814129ba011047ae8484b6,2,2,0.5365619505597479,0.6634132440399398,0.12685129348019197,True,True,False,5,False
test,55cb20782f4a6b0174ea7afdb736265c,2,2,0.5352730150155802,0.7180664437365172,0.18279342872093696,True,True,False,0,True
valid,c39d785e16b7798f5c2654780d533ce1,2,2,0.47483168275577625,0.6032096938452759,0.12837801108949964,True,True,False,0,True
test,535ce049550012e1ffc2d07a327eceeb,2,3,0.3820696271305445,0.5317496270000934,0.14967999986954894,False,True,True,0,True
test,535ce049550012e1ffc2d07a327eceeb,3,3,0.3820696271305445,0.5557887010903977,0.1737190739598532,False,True,True,0,True
valid,4a80d02a2e717959a7a3c7c8aafd6c72,2,2,0.4601829134211942,0.6349036228538294,0.17472070943263518,True,True,False,0,True
test,ed11bdc16e2933132c57eb7c0cb4d7d5,2,2,0.35805453572994206,0.6239343949093629,0.2658798591794208,False,True,True,0,True
test,42c74febe4e2c8abef75d91fc0bfe0af,2,2,0.4212657379358058,0.5884875620811627,0.1672218241453569,False,True,True,0,True
test,74962a666c603a2f294a4f3846ae3b40,2,2,0.598892220786464,0.743009189598665,0.14411696881220104,True,True,False,0,True
valid,800e1eb8758f73d800f1a4c6fbad186b,2,2,0.37865627606777075,0.4186256110208211,0.03996933495305033,False,False,False,0,True
valid,895764a4b54b7193c02aa784fabbcaeb,2,5,0.4566471351048167,0.5646259518897565,0.10797881678493981,True,True,False,0,True
valid,895764a4b54b7193c02aa784fabbcaeb,3,5,0.4566471351048167,0.6318926441427715,0.17524550903795477,True,True,False,0,True
valid,895764a4b54b7193c02aa784fabbcaeb,4,5,0.4566471351048167,0.6499943113123987,0.19334717620758202,True,True,False,0,True
valid,895764a4b54b7193c02aa784fabbcaeb,5,5,0.4566471351048167,0.6603520797114555,0.2037049446066388,True,True,False,0,True
test,8bfa83be33530ae82398716e67a2943f,2,2,0.5379013095285916,0.710565504781495,0.17266419525290344,True,True,False,0,True
valid,f3f65564546eca69a8247a280e51a77b,2,3,0.47707192001056453,0.5872975634768763,0.1102256434663118,True,True,False,0,True
valid,f3f65564546eca69a8247a280e51a77b,3,3,0.47707192001056453,0.6052440601465933,0.12817214013602873,True,True,False,0,True
test,8eadc079bd4cf0c38f40bf74468c47c7,2,3,0.4686813730417555,0.5439219575735763,0.07524058453182081,True,True,False,0,True
test,8eadc079bd4cf0c38f40bf74468c47c7,3,3,0.4686813730417555,0.5749252036711201,0.1062438306293646,True,True,False,0,True
test,2ae74f27a662e60bf2efb26a4b8d81fd,2,2,0.49624483639674666,0.6910748343622364,0.19482999796548972,True,True,False,0,True
test,0927272c1caea73a32570e9de18c2bb7,2,2,0.38379049158391976,0.5504444213206189,0.16665392973669912,False,True,True,0,True
test,97c404dfeae6c85bdf1e01bee13dddf6,2,5,0.3597870111254917,0.5965715369355025,0.23678452581001075,False,True,True,0,True
test,97c404dfeae6c85bdf1e01bee13dddf6,3,5,0.3597870111254917,0.6121337407454257,0.252346729619934,False,True,True,0,True
test,97c404dfeae6c85bdf1e01bee13dddf6,4,5,0.3597870111254917,0.6121337407454257,0.252346729619934,False,True,True,0,True
test,97c404dfeae6c85bdf1e01bee13dddf6,5,5,0.3597870111254917,0.6121337407454257,0.252346729619934,False,True,True,0,True
test,f300600f6249f0d8040644e6a39d134d,2,2,0.42253040614452986,0.6008570590333998,0.17832665288886995,False,True,True,10,False
test,d24be64fd6aadd3a06ae6afcf8785cc2,2,2,0.47474919332238974,0.5414784121821306,0.06672921885974081,True,True,False,11,False
test,6ff7f56a09daeaed69f90107b12f32ab,2,2,0.41771737748543913,0.6533283594743418,0.23561098198890262,False,True,True,0,True
valid,b0bc656fed47584c160f8cff2d7b8bbd,2,2,0.3768495678943793,0.5098309797122773,0.13298141181789802,False,True,True,0,True
test,2ce48a416ec4c72a129f73b550eecdbe,2,2,0.4044497695305709,0.5264460887176552,0.12199631918708431,False,True,True,0,True
test,47deff0f69fd02d0085bd77d6c9c0181,2,2,0.4646247378559716,0.5855959461131149,0.12097120825714336,True,True,False,0,True
test,38b6f49502e64935521c6add952c4b84,2,2,0.5702691173019764,0.6686177912086084,0.09834867390663204,True,True,False,0,True
test,9892a9783f6e0c59081ffd81ba011353,2,2,0.42173604713373036,0.5629250679857548,0.14118902085202445,False,True,True,0,True
valid,b237e3e48b008b3ee341df062216e47d,2,2,0.42221126270545717,0.5238481665015813,0.10163690379612411,False,True,True,0,True
test,8e3c10b463cb2ffb94546b5e9f05cd05,2,2,0.6405125551482724,0.8152085876021465,0.1746960324538741,True,True,False,0,True
valid,381079cb5df71e26be946a6704990d55,2,2,0.32477267363012596,0.4070257467116333,0.08225307308150731,False,False,False,4,False
test,0e40bd8d75ad8945ea6a9d1427142c49,2,2,0.6835014762806649,0.6838874055405799,0.0003859292599149855,True,True,False,0,True
test,6fe1a563bdf47496b8bba2d6c5149468,2,2,0.4778317835805387,0.6171325769866941,0.13930079340615542,True,True,False,0,True
valid,fd2b75f431649ee3de573b444d320f48,2,2,0.40068578299694,0.5910346519800826,0.19034886898314263,False,True,True,6,False
test,15b801b0d323da81c4b78fb9b74e7a0e,2,2,0.4902414333601257,0.6235415820712507,0.13330014871112494,True,True,False,9,False
valid,2caf51ea139cc9003d6dee63bfea1106,2,4,0.48089431800368365,0.7431919654316155,0.2622976474279318,True,True,False,0,True
valid,2caf51ea139cc9003d6dee63bfea1106,3,4,0.48089431800368365,0.758867374433015,0.27797305642933134,True,True,False,0,True
valid,2caf51ea139cc9003d6dee63bfea1106,4,4,0.48089431800368365,0.758867374433015,0.27797305642933134,True,True,False,0,True
test,758d8c3ddeba66a2a9cad6c8b043dd2f,2,2,0.410619909701222,0.5735145372014336,0.16289462750021166,False,True,True,0,True
test,928491f9ad93ae20de89668ea4a968e0,2,2,0.4311824342732353,0.5908567220634063,0.159674287790171,False,True,True,0,True
test,7f02d70013ec3fbf6a7f5791f936d832,2,3,0.4108751840982019,0.563953932127239,0.1530787480290371,False,True,True,6,False
test,7f02d70013ec3fbf6a7f5791f936d832,3,3,0.4108751840982019,0.6328727196900457,0.22199753559184376,False,True,True,6,False
valid,8f730a0eecbb6db8ee92ebb91e8f38b1,2,3,0.28642950071633544,0.37876085988123775,0.09233135916490232,False,False,False,0,True
valid,8f730a0eecbb6db8ee92ebb91e8f38b1,3,3,0.28642950071633544,0.4165059336060226,0.13007643288968718,False,False,False,0,True
valid,59da3bd70f1d9278c6ae1577cd16de12,2,2,0.5364173335884832,0.7996901040021445,0.26327277041366126,True,True,False,8,False
valid,50620e639f6ed3116494d51bd888f449,2,2,0.29299359750308407,0.3945606572493884,0.10156705974630431,False,False,False,0,True
valid,0540bf9189ef17aab470c4942f760e78,2,3,0.5833864001337663,0.6071090289803084,0.023722628846542082,True,True,False,1,False
valid,0540bf9189ef17aab470c4942f760e78,3,3,0.5833864001337663,0.6656286781575004,0.08224227802373407,True,True,False,1,False
test,d608286ecbddb598aeb024ef39d0a834,2,2,0.3782206837247807,0.5852479294496522,0.20702724572487152,False,True,True,0,True
test,8738785542fcbf848621d353326ec75d,2,2,0.391575222430247,0.6335511721608782,0.2419759497306312,False,True,True,16,False
test,2ae0d5789dfb9195d410a8b56f7cc75a,2,2,0.4768847570883832,0.6364347302980703,0.1595499732096871,True,True,False,0,True
test,99258947dd1b1fda580de965e83f657e,2,4,0.5046603206040745,0.7044196919649255,0.19975937136085098,True,True,False,0,True
test,99258947dd1b1fda580de965e83f657e,3,4,0.5046603206040745,0.7083021312969898,0.20364181069291531,True,True,False,0,True
test,99258947dd1b1fda580de965e83f657e,4,4,0.5046603206040745,0.7225418308575962,0.21788151025352165,True,True,False,0,True
test,dc765dddeedeb445940e0c8e9049e665,2,2,0.42170868037876796,0.6186459675106657,0.19693728713189773,False,True,True,6,False
valid,52ae37876584cb6e2cf3848e834516e9,2,2,0.43787989441834985,0.5730870653162319,0.13520717089788203,False,True,True,0,True
valid,bcd3587deb2f53804e0d3c39de932ec4,2,2,0.4916664168328996,0.5707517859573351,0.07908536912443553,True,True,False,0,True
test,e1faf9211232539926d65299a9067f98,2,2,0.5001522170162599,0.7167614641200017,0.21660924710374185,True,True,False,0,True
test,d7dd7b5a139c49fb68a6977797599973,2,2,0.31768567583983787,0.5727655266002833,0.2550798507604455,False,True,True,2,False
test,e4c540c341b9a50b1a1b28e71867eb5b,2,3,0.3454003854190545,0.4307300566801804,0.0853296712611259,False,False,False,5,False
test,e4c540c341b9a50b1a1b28e71867eb5b,3,3,0.3454003854190545,0.43307304622218823,0.08767266080313374,False,False,False,4,False
test,dd7cf61b3197740df7b6bf61bbfa6994,2,5,0.4288143330910934,0.6001193343270201,0.17130500123592673,False,True,True,0,True
test,dd7cf61b3197740df7b6bf61bbfa6994,3,5,0.4288143330910934,0.6418000845098548,0.21298575141876142,False,True,True,0,True
test,dd7cf61b3197740df7b6bf61bbfa6994,4,5,0.4288143330910934,0.6418000845098548,0.21298575141876142,False,True,True,0,True
test,dd7cf61b3197740df7b6bf61bbfa6994,5,5,0.4288143330910934,0.6367017917837079,0.2078874586926145,False,True,True,0,True
test,dad4408fb39e21cd4dd146ccf6c9d621,2,2,0.35390421763975444,0.5394367149537553,0.1855324973140009,False,True,True,0,True
test,4ced9870d4ae74e72958ff7d640fe303,2,2,0.3207455511252121,0.5764374272809646,0.2556918761557525,False,True,True,7,False
valid,591083bc42b589c7052118aa83118e76,2,2,0.5411934984559528,0.602794992406188,0.061601493950235175,True,True,False,12,False
test,220d51765a0cb5fd731934046856d5bb,2,3,0.47134195950562685,0.6322021663058097,0.16086020680018287,True,True,False,0,True
test,220d51765a0cb5fd731934046856d5bb,3,3,0.47134195950562685,0.6010693122510489,0.12972735274542202,True,True,False,8,False
valid,a688c7001406d268e4d8779ab25573a1,2,2,0.45921142663245795,0.5769849169850612,0.1177734903526032,True,True,False,4,False
test,9dd9eb1d7c035198b06f1775e0711a59,2,2,0.6843302156067508,0.7230826425544724,0.03875242694772163,True,True,False,0,True
test,a092ef2b8b50d03343185e73609bb42d,2,2,0.4056652229890543,0.6445612565153107,0.23889603352625643,False,True,True,0,True
valid,39a37ffff66dc65f24af1a3ee533330f,2,2,0.5804186345872104,0.6193575796518154,0.038938945064604935,True,True,False,12,False
test,8eb851dc2ae7fb68b456ed19a5afcfaf,2,2,0.6509011946391535,0.6743724980070531,0.0234713033678996,True,True,False,14,False
test,0a8b3b277ffe67981af7d4a14e7f98d5,2,2,0.3568237777321328,0.6323922828960884,0.2755685051639556,False,True,True,0,True
test,a8a42525a528f4f3b6c343d8cfa0a374,2,3,0.532253477886667,0.6778039045757226,0.1455504266890556,True,True,False,3,False
test,a8a42525a528f4f3b6c343d8cfa0a374,3,3,0.532253477886667,0.6723402998449353,0.14008682195826827,True,True,False,3,False
valid,de9e0f42dd4a42ac4a00c027dc44eea9,2,2,0.3977415811353384,0.5733503701674013,0.1756087890320629,False,True,True,0,True
test,ecc812c240c4f03824a3c5d7e3b6d351,2,3,0.4730818505066776,0.5433122651432272,0.07023041463654955,True,True,False,0,True
test,ecc812c240c4f03824a3c5d7e3b6d351,3,3,0.4730818505066776,0.5903770123719715,0.11729516186529387,True,True,False,0,True
test,1ae5e030d89d7b67c836e475fd6724e7,2,2,0.36941069289707984,0.5290970888767417,0.15968639597966183,False,True,True,0,True
test,543842af6f788d8bdaf1b1e63c0d3da1,2,2,0.41175599439811084,0.6688362207454281,0.2570802263473173,False,True,True,0,True
test,649fbfef8ead059794ca4dff975904d0,2,2,0.4527007977454067,0.6339772815459976,0.18127648380059092,True,True,False,0,True
valid,1d6df969542603d9f097e871bff9a9b7,2,2,0.5065064016648162,0.6501407066214657,0.14363430495664953,True,True,False,1,False
test,0a32aa7d8d3f344fb31eac306336daac,2,2,0.5632451029997834,0.7205337082566949,0.15728860525691157,True,True,False,0,True
valid,61746b0be79904d743172e06cb874018,2,3,0.6027617935621262,0.5323815837543053,-0.07038020980782089,True,True,False,0,True
valid,61746b0be79904d743172e06cb874018,3,3,0.6027617935621262,0.5432673621341982,-0.059494431427927985,True,True,False,0,True
valid,1e310dc1d0b3a93f312df7790362c66a,2,2,0.48806600553466284,0.5702667143895718,0.08220070885490893,True,True,False,0,True
valid,83177602aad708cea549501386b021c6,2,2,0.4216193790762047,0.5415190373784593,0.11989965830225457,False,True,True,0,True
test,2b509531faa45e6f3dbaa09e3f3eb839,2,2,0.5571366262383759,0.7525214254450387,0.19538479920666285,True,True,False,0,True
test,6f21315112f543e3009995c7d0391473,2,2,0.47613666211674455,0.7152261288119035,0.23908946669515896,True,True,False,0,True
valid,320ecf6854e14e86b022c562c759b713,2,4,0.6009255274823089,0.5669158798730483,-0.03400964760926062,True,True,False,10,False
valid,320ecf6854e14e86b022c562c759b713,3,4,0.6009255274823089,0.5903778814018301,-0.010547646080478756,True,True,False,10,False
valid,320ecf6854e14e86b022c562c759b713,4,4,0.6009255274823089,0.67020048507616,0.06927495759385116,True,True,False,0,True
valid,4a5bef9407a9fb11676211fba6b07c1c,2,2,0.45787927843529463,0.5933589656414135,0.13547968720611892,True,True,False,0,True
valid,483ff5a41552b4071ff9d8bef07c6ee7,2,2,0.6338769706603467,0.47791056026452905,-0.1559664103958176,True,True,False,8,False
valid,f4eac8362e4d9737df507555b8894b68,2,2,0.5349359828910915,0.6749119659678553,0.13997598307676384,True,True,False,8,False
valid,d59f1caeb15c7889dc992ee9b7ef9393,2,2,0.38289958769594834,0.5699582142401665,0.18705862654421812,False,True,True,0,True
test,a2aa0f43175b887d8c74e0c15811e9c5,2,3,0.4731444167866178,0.6339362163331963,0.16079179954657852,True,True,False,0,True
test,a2aa0f43175b887d8c74e0c15811e9c5,3,3,0.4731444167866178,0.6949170551753989,0.22177263838878114,True,True,False,0,True
test,db219864b2403e1856929bf85948989c,2,2,0.4336967680460426,0.5730221495747865,0.13932538152874385,False,True,True,0,True
test,988601ceae0e294c4482e8ef89e4bfd7,2,3,0.401973217668808,0.5616369126597472,0.15966369499093924,False,True,True,0,True
test,988601ceae0e294c4482e8ef89e4bfd7,3,3,0.401973217668808,0.645256733415059,0.24328351574625096,False,True,True,0,True
test,e3ed33286490140b86ee2ac0bebe917a,2,3,0.4256802119206702,0.5337446014054139,0.10806438948474373,False,True,True,0,True
test,e3ed33286490140b86ee2ac0bebe917a,3,3,0.4256802119206702,0.5800519766888415,0.15437176476817127,False,True,True,0,True
valid,1cb8d8c748210e32870b735efcd38fa3,2,2,0.43575027201278516,0.4978781691201868,0.06212789710740163,False,True,True,0,True
valid,63bf3dbf1c64d993b4b9eecac8fecc48,2,2,0.4967666656886329,0.6445820868972618,0.1478154212086289,True,True,False,0,True
test,6538c9e08179995c8f73f5ab8ce6e9f8,2,2,0.4716788714612603,0.6369803263722106,0.16530145491095027,True,True,False,6,False
test,ad570565d539dc76d6573905696f1a0d,2,2,0.4718008605627172,0.5908356836815056,0.11903482311878844,True,True,False,0,True
test,361b25aadc736b36d30d7ecb84117c31,2,2,0.48408048424819317,0.6126908615089159,0.12861037726072277,True,True,False,0,True
test,464fa85d33903ce6bbc98bc18223dfe2,2,2,0.28192393800275806,0.5163728080788483,0.23444887007609028,False,True,True,0,True
valid,3cf387bb14e9db171ccbb9b87ea607bb,2,2,0.3318542535135949,0.4355311076665441,0.10367685415294925,False,False,False,0,True
test,839b7051ec3965f51479de677b695b59,2,2,0.4060965460563226,0.5595262022451115,0.1534296561887889,False,True,True,0,True
valid,c44fcdcfefce1eafc0ca64ca3d6af678,2,2,0.36613529432265957,0.44179384541689704,0.07565855109423747,False,True,True,0,True
test,5cdfba01ba3c4b8c6b31ac8573b2432f,2,2,0.614311447998329,0.5208578356037008,-0.09345361239462824,True,True,False,0,True
test,354fa109f2f8c98606b21722fc02433f,2,2,0.48735480058948666,0.6968233078527628,0.20946850726327615,True,True,False,0,True
valid,b99217b1fcf2fdeace7b8d869b76cb91,2,2,0.38541197942030647,0.5414929823886181,0.15608100296831162,False,True,True,6,False
valid,60808ac1c068fd05819ae92b344d9b0a,2,3,0.45833213322289146,0.534509819515043,0.07617768629215149,True,True,False,0,True
valid,60808ac1c068fd05819ae92b344d9b0a,3,3,0.45833213322289146,0.5936053438150153,0.13527321059212383,True,True,False,0,True
valid,a29d7508838071b10532d46b952a1318,2,2,0.4437287642911356,0.5754367560183773,0.13170799172724168,True,True,False,0,True
test,e726c0e987fd6d15b61c7effe28bde27,2,6,0.5037283431116933,0.7576451216106789,0.25391677849898553,True,True,False,15,False
test,e726c0e987fd6d15b61c7effe28bde27,3,6,0.5037283431116933,0.784732225204195,0.2810038820925017,True,True,False,15,False
test,e726c0e987fd6d15b61c7effe28bde27,4,6,0.5037283431116933,0.5651305889917346,0.061402245880041284,True,True,False,0,True
test,e726c0e987fd6d15b61c7effe28bde27,5,6,0.5037283431116933,0.5582754472862987,0.0545471041746054,True,True,False,0,True
test,e726c0e987fd6d15b61c7effe28bde27,6,6,0.5037283431116933,0.5582754472862987,0.0545471041746054,True,True,False,0,True
test,b240c1bc75d70d50013f23ca255b7ac9,2,4,0.38812851630838996,0.5781114114951122,0.1899828951867223,False,True,True,0,True
test,b240c1bc75d70d50013f23ca255b7ac9,3,4,0.38812851630838996,0.5837911271421969,0.19566261083380698,False,True,True,0,True
test,b240c1bc75d70d50013f23ca255b7ac9,4,4,0.38812851630838996,0.5837911271421969,0.19566261083380698,False,True,True,0,True
valid,654d83ca191e00d3fa5258cf9ee21543,2,2,0.29602500736428894,0.4024796271844828,0.10645461982019389,False,False,False,0,True
test,c28999f880aa66431b70511211d4ac6a,2,2,0.5854461836861369,0.4911922927463974,-0.09425389093973946,True,True,False,0,True
test,f3ef0ddf732dfd6a0c31fe3f8cd3b948,2,2,0.4803057919628243,0.621844440519999,0.14153864855717468,True,True,False,0,True
test,d4daa9ee1fe28458773297759dbfe2bc,2,2,0.44036620324006015,0.5133596882375775,0.07299348499751734,True,True,False,0,True
test,cbcd88d04afac8b9bfc8e6d7a7f6e491,2,2,0.37487819743878126,0.5793952476897904,0.2045170502510092,False,True,True,0,True
valid,1f04f45771eed910a8d58e5c52604660,2,2,0.5802516899639414,0.7792155845474358,0.1989638945834944,True,True,False,6,False
valid,1146fb180e28dfbfdbfabd7249026429,2,2,0.46294754152828954,0.5585754370165652,0.09562789548827566,True,True,False,0,True
test,6add4f25c1ffe76a240131e1e2158b1a,2,2,0.42129826010343363,0.6170400154113518,0.19574175530791815,False,True,True,0,True
test,70a272d1c01754b91a8709ae7efe27be,2,2,0.6099803937316941,0.740193901682912,0.1302135079512179,True,True,False,0,True
valid,dfaec723e43ffd36724e080018beeb1a,2,3,0.47652183240858736,0.6025785255456437,0.12605669313705636,True,True,False,0,True
valid,dfaec723e43ffd36724e080018beeb1a,3,3,0.47652183240858736,0.6685103754233861,0.19198854301479873,True,True,False,0,True
test,51d714716b4df5d56ae92f97bf5a327d,2,2,0.341510697100872,0.44195543005026394,0.10044473294939193,False,True,True,0,True
test,cd0589dd69b11dbb8ca5adbe3fb753e6,2,3,0.3918049459378863,0.4776986623600443,0.08589371642215804,False,True,True,0,True
test,cd0589dd69b11dbb8ca5adbe3fb753e6,3,3,0.3918049459378863,0.5091763992746134,0.11737145333672716,False,True,True,0,True
test,7a48707977aa3d886e8410784c5e5cb2,2,2,0.4024686340990766,0.49344665230449947,0.09097801820542284,False,True,True,0,True
test,3a46c264be2fad6d10c5a7362d8cc2ff,2,3,0.5259142480634451,0.7009570806227957,0.1750428325593506,True,True,False,0,True
test,3a46c264be2fad6d10c5a7362d8cc2ff,3,3,0.5259142480634451,0.7485656723854075,0.2226514243219624,True,True,False,0,True
test,c4882d58d75f61178288f42e4ca371a9,2,2,0.4479173877523204,0.5729205037370997,0.1250031159847793,True,True,False,0,True
valid,a29361cea3ac5ecb55cfc2c64b6c339a,2,2,0.4641978877870744,0.5115770463648659,0.047379158577791514,True,True,False,9,False
valid,8403fda2f0b14fb120f1bd362fe4331b,2,3,0.3998834557317259,0.5049965489955894,0.10511309326386353,False,True,True,0,True
valid,8403fda2f0b14fb120f1bd362fe4331b,3,3,0.3998834557317259,0.5618956521026368,0.1620121963709109,False,True,True,0,True
valid,75da883b23f0ee17fc5811bc5573d225,2,2,0.4611672772510189,0.6478693093458241,0.18670203209480518,True,True,False,0,True
valid,368b20312c68710e9d75cbb5cef5c469,2,2,0.6073911687895545,0.8013336286728774,0.19394245988332293,True,True,False,8,False
valid,e18e04e7700b1fa84a2aba133af245f8,2,2,0.3948544314936304,0.4560929502362514,0.061238518742620984,False,True,True,0,True
valid,d9b4254b30f9bda1e6cb94a67cd42cf5,2,2,0.5062337318637365,0.5712944316379622,0.06506069977422568,True,True,False,1,False
test,0bb6d291f1488ae4922e89c2f6105f33,2,2,0.36387833235951417,0.6048244322597967,0.24094609990028248,False,True,True,0,True
valid,9f2b23380dcf7e8f6984dbbf19bb3e3f,2,2,0.3676115172490778,0.5305090328684678,0.16289751561939003,False,True,True,0,True
test,856f18ac2d008bc9a92673a46c6057ce,2,2,0.3700542891858587,0.5241774753997672,0.15412318621390853,False,True,True,10,False
test,5f153c3049d1a1a368e43348928a8047,2,2,0.41530749238174103,0.6479674981068152,0.23266000572507417,False,True,True,0,True
test,c5d41b216e4b42500c5da2be17a74065,2,2,0.44329833185957224,0.5511973559831129,0.10789902412354069,True,True,False,11,False
valid,0749bdde40245b5fb3b375dadfd4ebe3,2,2,0.5778146530581643,0.6508942281413883,0.07307957508322405,True,True,False,0,True
test,bfb1a4b760e9c724cd7e14be83b61b54,2,4,0.4938828988181738,0.6874677984080896,0.19358489958991576,True,True,False,9,False
test,bfb1a4b760e9c724cd7e14be83b61b54,3,4,0.4938828988181738,0.7290872554220826,0.23520435660390882,True,True,False,9,False
test,bfb1a4b760e9c724cd7e14be83b61b54,4,4,0.4938828988181738,0.7408332698054618,0.246950370987288,True,True,False,9,False
valid,6ed234c648ccdf0be691d96c9aecbd34,2,2,0.4303843367037894,0.4786844767294405,0.048300140025651084,False,True,True,0,True
test,02a065131a2d2b72b45e2c63135606ad,2,5,0.5024553397150231,0.6624322405075687,0.15997690079254556,True,True,False,0,True
test,02a065131a2d2b72b45e2c63135606ad,3,5,0.5024553397150231,0.7009570262575715,0.1985016865425484,True,True,False,0,True
test,02a065131a2d2b72b45e2c63135606ad,4,5,0.5024553397150231,0.7122662247794986,0.20981088506447554,True,True,False,0,True
test,02a065131a2d2b72b45e2c63135606ad,5,5,0.5024553397150231,0.7122662247794986,0.20981088506447554,True,True,False,0,True
valid,a2e99a88e70a8ad5a4cf5dd2c13aff8f,2,3,0.45012662065069875,0.62615631812484,0.1760296974741412,True,True,False,0,True
valid,a2e99a88e70a8ad5a4cf5dd2c13aff8f,3,3,0.45012662065069875,0.8439410852940136,0.3938144646433148,True,True,False,9,False
test,bc4405c7d2cce1bf68c0227631d2b9d8,2,3,0.5702770398507954,0.7068736201267969,0.13659658027600152,True,True,False,0,True
test,bc4405c7d2cce1bf68c0227631d2b9d8,3,3,0.5702770398507954,0.7168441102990035,0.14656707044820816,True,True,False,0,True
valid,f299e3cfbddf9de401e1f1adf33cd788,2,4,0.35843135492552547,0.4685916884018553,0.11016033347632981,False,True,True,0,True
valid,f299e3cfbddf9de401e1f1adf33cd788,3,4,0.35843135492552547,0.47065931809442874,0.11222796316890327,False,True,True,0,True
valid,f299e3cfbddf9de401e1f1adf33cd788,4,4,0.35843135492552547,0.47065931809442874,0.11222796316890327,False,True,True,0,True
test,e49e382e440b76f65be6ce311948835c,2,2,0.4253507540113094,0.615286811409979,0.1899360573986696,False,True,True,0,True
valid,112b993827414a482ef6534e251fad3a,2,2,0.333184613970007,0.42041261605563096,0.08722800208562398,False,False,False,1,False
test,39b07544f44827ecfb759a3544ccab72,2,2,0.38448886569743523,0.5107312417717192,0.126242376074284,False,True,True,0,True
test,d0d5164d91d59570247b483352eee612,2,2,0.5032361135311814,0.6568845580084713,0.15364844447728998,True,True,False,1,False
test,a027e89cd6295407d6e1f2d2a8f73523,2,2,0.4598804761135553,0.5362798109629106,0.07639933484935524,True,True,False,1,False
test,96d475858d7ac83b3f89e500dfb736a3,2,2,0.5563255969022145,0.7109387064502775,0.15461310954806295,True,True,False,9,False
valid,5bbb9f480d85449ab94a389f7cdae20b,2,2,0.3783836151249008,0.43730550916987276,0.058921894044971945,False,False,False,0,True
valid,8b7e7fa76762ddabf276b848797bad08,2,2,0.327707461626355,0.388102633961951,0.06039517233559599,False,False,False,0,True
valid,b6446a611bb9c288f42fc87611d4d2b9,2,2,0.504098474587279,0.6814685562053842,0.1773700816181052,True,True,False,0,True
test,4a0b592d4d6082de8155698ca49c6345,2,4,0.43853595735613893,0.6771145574184465,0.23857860006230758,False,True,True,5,False
test,4a0b592d4d6082de8155698ca49c6345,3,4,0.43853595735613893,0.720822877183855,0.28228691982771603,False,True,True,5,False
test,4a0b592d4d6082de8155698ca49c6345,4,4,0.43853595735613893,0.5939265483558898,0.15539059099975083,False,True,True,0,True
test,1e8d7572730e1a9c9498d628313192b4,2,3,0.741105819085615,0.7684753736374741,0.027369554551859077,True,True,False,1,False
test,1e8d7572730e1a9c9498d628313192b4,3,3,0.741105819085615,0.6899367613970662,-0.05116905768854885,True,True,False,6,False
valid,1b15974a0141d54e36626dca3fdc731a,2,20,0.44774587268416544,0.507003193819052,0.059257321134886576,True,True,False,0,True
valid,1b15974a0141d54e36626dca3fdc731a,3,20,0.44774587268416544,0.5275032913289929,0.07975741864482744,True,True,False,0,True
valid,1b15974a0141d54e36626dca3fdc731a,4,20,0.44774587268416544,0.5275032913289929,0.07975741864482744,True,True,False,0,True
valid,1b15974a0141d54e36626dca3fdc731a,5,20,0.44774587268416544,0.5233462372674921,0.07560036458332664,True,True,False,0,True
valid,1b15974a0141d54e36626dca3fdc731a,6,20,0.44774587268416544,0.5233462372674921,0.07560036458332664,True,True,False,0,True
valid,1b15974a0141d54e36626dca3fdc731a,7,20,0.44774587268416544,0.5300223140989268,0.08227644141476131,True,True,False,0,True
valid,1b15974a0141d54e36626dca3fdc731a,8,20,0.44774587268416544,0.5329777980191747,0.08523192533500923,True,True,False,0,True
valid,1b15974a0141d54e36626dca3fdc731a,9,20,0.44774587268416544,0.568168852936282,0.12042298025211662,True,True,False,0,True
valid,1b15974a0141d54e36626dca3fdc731a,10,20,0.44774587268416544,0.568168852936282,0.12042298025211662,True,True,False,0,True
valid,1b15974a0141d54e36626dca3fdc731a,11,20,0.44774587268416544,0.568168852936282,0.12042298025211662,True,True,False,0,True
valid,1b15974a0141d54e36626dca3fdc731a,12,20,0.44774587268416544,0.568168852936282,0.12042298025211662,True,True,False,0,True
valid,1b15974a0141d54e36626dca3fdc731a,13,20,0.44774587268416544,0.568168852936282,0.12042298025211662,True,True,False,0,True
valid,1b15974a0141d54e36626dca3fdc731a,14,20,0.44774587268416544,0.568168852936282,0.12042298025211662,True,True,False,0,True
valid,1b15974a0141d54e36626dca3fdc731a,15,20,0.44774587268416544,0.568168852936282,0.12042298025211662,True,True,False,0,True
valid,1b15974a0141d54e36626dca3fdc731a,16,20,0.44774587268416544,0.568168852936282,0.12042298025211662,True,True,False,0,True
valid,1b15974a0141d54e36626dca3fdc731a,17,20,0.44774587268416544,0.568168852936282,0.12042298025211662,True,True,False,0,True
valid,1b15974a0141d54e36626dca3fdc731a,18,20,0.44774587268416544,0.568168852936282,0.12042298025211662,True,True,False,0,True
valid,1b15974a0141d54e36626dca3fdc731a,19,20,0.44774587268416544,0.568168852936282,0.12042298025211662,True,True,False,0,True
valid,1b15974a0141d54e36626dca3fdc731a,20,20,0.44774587268416544,0.568168852936282,0.12042298025211662,True,True,False,0,True
test,274cf015cc561f478982ccea728fc1b6,2,2,0.5441585710842483,0.6896779501235777,0.14551937903932943,True,True,False,0,True
test,9f392510db2297f0446b6bb17719333c,2,2,0.603103957669071,0.7196432668618638,0.11653930919279276,True,True,False,4,False
test,ef43444651cdedfaefc1123e4acd02aa,2,4,0.43332304585951165,0.5766053178028782,0.1432822719433665,False,True,True,0,True
test,ef43444651cdedfaefc1123e4acd02aa,3,4,0.43332304585951165,0.5965617736963157,0.16323872783680404,False,True,True,0,True
test,ef43444651cdedfaefc1123e4acd02aa,4,4,0.43332304585951165,0.5965617736963157,0.16323872783680404,False,True,True,0,True
test,22e2920ae393b864f42f2b5444f15cc7,2,2,0.5680105737371957,0.46884136782040187,-0.09916920591679379,True,True,False,0,True
test,b7f2aa0212addcb6e1194bc50796de24,2,2,0.40332825406818307,0.47748493242120604,0.07415667835302298,False,True,True,0,True
test,f57b4fe233109844dc3289389c590931,2,2,0.42924462651252515,0.5640201952518065,0.13477556873928132,False,True,True,6,False
valid,c3c43f981d3e0062be20a74626d52469,2,2,0.41168149720715963,0.49689767555680453,0.0852161783496449,False,True,True,0,True
test,4f83719808124739d1936b272a2a3750,2,2,0.30432562887989023,0.5305498543834883,0.2262242255035981,False,True,True,16,False
valid,f80060bf53cc4e98a9eb5d2dba263381,2,2,0.5273541154465669,0.5988918413154338,0.07153772586886697,True,True,False,0,True
valid,5cb890a68b91b6158d69257e4e2bc359,2,2,0.37782731743212217,0.48714939927954004,0.10932208184741787,False,True,True,12,False
test,aaee808634adf6a6f4bdd2354f43f448,2,2,0.6228277045169976,0.5934612929479681,-0.029366411569029527,True,True,False,0,True
test,460e04c3cfd044ed625de3225dd24d4b,2,2,0.4673154494329764,0.6855162065169004,0.21820075708392395,True,True,False,9,False
valid,97135194e893f6fd1c61580f1eb37bda,2,2,0.6179355834715301,0.7668909361871459,0.14895535271561577,True,True,False,0,True
valid,289e6f8bee1d0394dda10569516bfb27,2,2,0.2420241358049946,0.3785735826247004,0.13654944681970582,False,False,False,0,True
test,26ef358c39e6d1537243a3ede175c8c0,2,6,0.39648794394794284,0.5517575727441284,0.15526962879618555,False,True,True,0,True
test,26ef358c39e6d1537243a3ede175c8c0,3,6,0.39648794394794284,0.598257563335935,0.2017696193879922,False,True,True,0,True
test,26ef358c39e6d1537243a3ede175c8c0,4,6,0.39648794394794284,0.598257563335935,0.2017696193879922,False,True,True,0,True
test,26ef358c39e6d1537243a3ede175c8c0,5,6,0.39648794394794284,0.6092259215563662,0.2127379776084234,False,True,True,0,True
test,26ef358c39e6d1537243a3ede175c8c0,6,6,0.39648794394794284,0.6092259215563662,0.2127379776084234,False,True,True,0,True
valid,7b689d6aafb025278c974ded9940fc31,2,2,0.6082152134363246,0.6594081870798885,0.0511929736435639,True,True,False,0,True
valid,4c6f0636c0c9ee094350e2ed1884c068,2,2,0.3524961503820019,0.446665863996242,0.09416971361424009,False,True,True,0,True
test,32f0d08563a05bd541da24218934fdab,2,2,0.4070078567617649,0.5978634469366038,0.19085559017483888,False,True,True,0,True
test,7225ec04629fbb109ed6629050e4465b,2,2,0.5679438242632582,0.5268306284877247,-0.04111319577553352,True,True,False,13,False
test,6acf2b0f288195a72858fa65ff2c43c7,2,2,0.5730434571301795,0.7197789757460065,0.146735518615827,True,True,False,0,True
test,2868cec2c0d3cc29873e13a46f55f532,2,2,0.40833269294121344,0.5348200127696552,0.12648731982844175,False,True,True,15,False
test,b62001b38d12c99ffbafa1c609797348,2,2,0.37188649569105114,0.5644280703220466,0.19254157463099542,False,True,True,0,True
test,4568bd0a9ecf831c2b27743ccf0f2015,2,2,0.4049313032871602,0.5976210735114225,0.19268977022426226,False,True,True,0,True
test,e88f34a80788f768c175e94c622d7559,2,2,0.44580148848231693,0.6179665696167438,0.17216508113442686,True,True,False,0,True
valid,a5542d780161a0c1c649d4e0f44540c8,2,6,0.377741004922331,0.4011678625288869,0.02342685760655594,False,False,False,0,True
valid,a5542d780161a0c1c649d4e0f44540c8,3,6,0.377741004922331,0.38514633570674994,0.007405330784418962,False,False,False,0,True
valid,a5542d780161a0c1c649d4e0f44540c8,4,6,0.377741004922331,0.4067817477518374,0.029040742829506416,False,False,False,0,True
valid,a5542d780161a0c1c649d4e0f44540c8,5,6,0.377741004922331,0.4067817477518374,0.029040742829506416,False,False,False,0,True
valid,a5542d780161a0c1c649d4e0f44540c8,6,6,0.377741004922331,0.4067817477518374,0.029040742829506416,False,False,False,0,True
test,b4af9113418b5d23955be04b49dc6f96,2,2,0.39972560723696915,0.5326816622212155,0.13295605498424634,False,True,True,0,True
test,363814e98fb75811e4465c3b7fc84ca5,2,2,0.3975295814634555,0.5234711470816248,0.12594156561816927,False,True,True,0,True
valid,b95abf4aa5b57ad7551356eca72b53fe,2,6,0.47601567563307645,0.6071468363877957,0.1311311607547192,True,True,False,0,True
valid,b95abf4aa5b57ad7551356eca72b53fe,3,6,0.47601567563307645,0.6171134351694372,0.14109775953636072,True,True,False,0,True
valid,b95abf4aa5b57ad7551356eca72b53fe,4,6,0.47601567563307645,0.629827941921558,0.15381226628848155,True,True,False,0,True
valid,b95abf4aa5b57ad7551356eca72b53fe,5,6,0.47601567563307645,0.629827941921558,0.15381226628848155,True,True,False,0,True
valid,b95abf4aa5b57ad7551356eca72b53fe,6,6,0.47601567563307645,0.629827941921558,0.15381226628848155,True,True,False,0,True
test,4c966c07e48f5460c75f69d0352a61be,2,6,0.36026057368244935,0.4974078013465911,0.13714722766414178,False,True,True,0,True
test,4c966c07e48f5460c75f69d0352a61be,3,6,0.36026057368244935,0.4606529237147795,0.10039235003233016,False,True,True,0,True
test,4c966c07e48f5460c75f69d0352a61be,4,6,0.36026057368244935,0.4606529237147795,0.10039235003233016,False,True,True,0,True
test,4c966c07e48f5460c75f69d0352a61be,5,6,0.36026057368244935,0.45049533214182125,0.0902347584593719,False,True,True,0,True
test,4c966c07e48f5460c75f69d0352a61be,6,6,0.36026057368244935,0.45049533214182125,0.0902347584593719,False,True,True,0,True
test,1d85f2f091ba615cbd003bf7d3edc703,2,2,0.6044470297583152,0.48645869397023045,-0.11798833578808476,True,True,False,4,False
test,fd607d0a02cb276bc764a15f80f0423f,2,2,0.5813229335725407,0.7413258074811608,0.1600028739086201,True,True,False,0,True
test,86336bae769e4fb1af25f7bdb4b12cea,2,2,0.6418260345731983,0.8070001319600811,0.16517409738688282,True,True,False,0,True
valid,3dad0905a583dc80815b7666efddc84d,2,4,0.39141045497332505,0.561034640078899,0.16962418510557398,False,True,True,0,True
valid,3dad0905a583dc80815b7666efddc84d,3,4,0.39141045497332505,0.5914781940918543,0.20006773911852926,False,True,True,0,True
valid,3dad0905a583dc80815b7666efddc84d,4,4,0.39141045497332505,0.5914781940918543,0.20006773911852926,False,True,True,0,True
valid,11bfb5214a47c5a12e3dab8cac01c304,2,5,0.7017555152093147,0.6998236447577533,-0.0019318704515614016,True,True,False,6,False
valid,11bfb5214a47c5a12e3dab8cac01c304,3,5,0.7017555152093147,0.7637461084486297,0.061990593239314995,True,True,False,0,True
valid,11bfb5214a47c5a12e3dab8cac01c304,4,5,0.7017555152093147,0.6754302451528789,-0.026325270056435812,True,True,False,6,False
valid,11bfb5214a47c5a12e3dab8cac01c304,5,5,0.7017555152093147,0.7603285187575346,0.058573003548219926,True,True,False,0,True
valid,24452cdc2a280a9404d38722fa017002,2,2,0.30302074797376566,0.36766098612609766,0.064640238152332,False,False,False,0,True
test,b446a93ccd5bf1a2c97c4fe3cdfe2707,2,2,0.6485195403899617,0.6745387473776212,0.02601920698765947,True,True,False,6,False
test,d9cec2829cd4998f4d6ea00861d2a689,2,2,0.7174772438171385,0.755636691636811,0.03815944781967251,True,True,False,0,True
valid,6496123f97cc047a754312e1de27f81f,2,2,0.5047816764223996,0.6940092418344435,0.18922756541204389,True,True,False,8,False
test,f2b12679297e36967f32d0f6d776a23c,2,2,0.33660163425670453,0.5534200679464161,0.21681843368971154,False,True,True,0,True
test,734241db1abdbddb6dbb6fcf6671ed08,2,2,0.43383133798151696,0.6224123506238272,0.1885810126423102,False,True,True,7,False
test,b04860f9f7889ebd859a225e5fbaf743,2,2,0.4451310633332405,0.5724547096647946,0.12732364633155413,True,True,False,0,True
test,4809cd2c1bf682210c70023118f90090,2,2,0.435178467690315,0.6111283786230053,0.1759499109326903,False,True,True,0,True
test,4d8bce6f55c5f41f046cad9b87cb8fe1,2,2,0.44966004485403965,0.5519819178573299,0.10232187300329021,True,True,False,8,False
valid,5020a3db49225f967490d76021c7d13a,2,5,0.4075591879255983,0.47369864892769087,0.06613946100209256,False,True,True,0,True
valid,5020a3db49225f967490d76021c7d13a,3,5,0.4075591879255983,0.46475899127556675,0.05719980334996844,False,True,True,0,True
valid,5020a3db49225f967490d76021c7d13a,4,5,0.4075591879255983,0.46475899127556675,0.05719980334996844,False,True,True,0,True
valid,5020a3db49225f967490d76021c7d13a,5,5,0.4075591879255983,0.45458717100534685,0.04702798307974854,False,True,True,0,True
test,3caf494d4c5d2bd8d542138e316ad680,2,2,0.33662236176331684,0.5964701540978561,0.25984779233453925,False,True,True,10,False
valid,7b70e6de1d128a5d14fa078e615d837f,2,2,0.2773137170879598,0.3726213855300792,0.09530766844211935,False,False,False,0,True
valid,b0228af1eafc5eff8a23e1d9257f33fe,2,2,0.4120845312180854,0.5883034836012898,0.1762189523832044,False,True,True,0,True
test,0438652a8cef245640be57b30610a4fb,2,2,0.3553631661121597,0.5314570558620648,0.17609388974990514,False,True,True,0,True
valid,9201f7a169a49789138b5f56b5190362,2,2,0.5184178028611099,0.3891645746128549,-0.12925322824825503,True,False,False,14,False
test,7c1e7c128210689fc46f3412f765b678,2,3,0.3171501218066116,0.5240019640980091,0.20685184229139753,False,True,True,3,False
test,7c1e7c128210689fc46f3412f765b678,3,3,0.3171501218066116,0.5849061716673475,0.26775604986073587,False,True,True,4,False
test,eb0aa3dd66fc926068964d23504f8426,2,2,0.4354711920995957,0.5303883457128491,0.09491715361325337,False,True,True,4,False
test,54edbcd83d8fbad3487e450926ce78f0,2,2,0.3128466008817916,0.555080714042448,0.24223411316065635,False,True,True,0,True
test,638a3000bf49c1eeb47e1d9df75d5e17,2,2,0.5201564733339218,0.7369624625049578,0.216805989171036,True,True,False,0,True
test,2e902692c167fd257e783627a147da98,2,2,0.43981876323712044,0.6419190877354877,0.20210032449836723,False,True,True,0,True
test,9a99c1f97699ec839f7966eb7c7d5afa,2,2,0.49611495354273205,0.6379673993208184,0.1418524457780863,True,True,False,3,False
valid,3e79636f6031f6b4f05b671928369588,2,2,0.37273842026231296,0.4315543031511334,0.05881588288882045,False,False,False,0,True
test,ac48e79befd4d8cbfb58047dde3e43cf,2,6,0.509525165705665,0.6154306708827493,0.1059055051770843,True,True,False,0,True
test,ac48e79befd4d8cbfb58047dde3e43cf,3,6,0.509525165705665,0.5624022677407409,0.052877102035075896,True,True,False,0,True
test,ac48e79befd4d8cbfb58047dde3e43cf,4,6,0.509525165705665,0.5624022677407409,0.052877102035075896,True,True,False,0,True
test,ac48e79befd4d8cbfb58047dde3e43cf,5,6,0.509525165705665,0.5664387713752536,0.056913605669588585,True,True,False,0,True
test,ac48e79befd4d8cbfb58047dde3e43cf,6,6,0.509525165705665,0.5664387713752536,0.056913605669588585,True,True,False,0,True
test,2fac55edfd9754d1a0e7ecc67d48d08d,2,2,0.43914143841923003,0.6285248364559107,0.1893833980366807,False,True,True,0,True
valid,eecbb8240f0eb71bec072e86dc50d8be,2,3,0.5015931062139198,0.6633018597406242,0.16170875352670433,True,True,False,0,True
valid,eecbb8240f0eb71bec072e86dc50d8be,3,3,0.5015931062139198,0.6971454394583001,0.19555233324438026,True,True,False,0,True
valid,de7cb4087303bc8d6dac30bc222fdc12,2,2,0.3102298626575557,0.4078843777373733,0.0976545150798176,False,False,False,1,False
valid,d8d4fd7b15d5b9cb93926c29f7f3066c,2,2,0.47942853571699684,0.5577029202409336,0.07827438452393676,True,True,False,8,False
test,27704e7d86a04739ad6b19bbc202cd4d,2,3,0.6619060550404166,0.6003663902270824,-0.06153966481333417,True,True,False,4,False
test,27704e7d86a04739ad6b19bbc202cd4d,3,3,0.6619060550404166,0.6267633983040393,-0.03514265673637729,True,True,False,4,False
test,5ae6d4878571e9513c93413ee5ea1fe2,2,2,0.42351006813478054,0.6312397858709462,0.20772971773616566,False,True,True,0,True
valid,3b29577134414b4e92667a99da76dbd1,2,3,0.35390507217339495,0.49045374048887014,0.13654866831547519,False,True,True,0,True
valid,3b29577134414b4e92667a99da76dbd1,3,3,0.35390507217339495,0.5130431243693349,0.1591380521959399,False,True,True,0,True
test,06c0d448cbbe294852cab1310c63ab3b,2,2,0.4860162552721936,0.6428312991336673,0.1568150438614737,True,True,False,7,False
test,3b87501b004a28e5fae58597d0e021f5,2,2,0.4260299566229713,0.5759507085435485,0.1499207519205772,False,True,True,0,True
test,6e8e751584b3e3141e3e3c39f71408c2,2,2,0.517989551835057,0.6879709331601929,0.16998138132513585,True,True,False,8,False
test,e21afd8936862499caccb6bc8dc749b7,2,2,0.4494869793405557,0.5351102145966434,0.08562323525608773,True,True,False,0,True
test,e32a92918d2cdf233b619daa465cfb6d,2,2,0.6174009559684523,0.6293276156232764,0.01192665965482409,True,True,False,0,True
test,a10055536fe311de2b76c8b7040cac85,2,2,0.44160706183376497,0.5977842726529874,0.15617721081922242,True,True,False,0,True
test,ade009c6183b28931a1ea0841dccaa94,2,2,0.42137705132381487,0.5820846946947016,0.16070764337088672,False,True,True,1,False
valid,1a20ab8b4c6dc17ffd5ec843d425e039,2,3,0.42616453570275914,0.48100853024208867,0.05484399453932953,False,True,True,0,True
valid,1a20ab8b4c6dc17ffd5ec843d425e039,3,3,0.42616453570275914,0.49533599167506837,0.06917145597230923,False,True,True,0,True
valid,91582e33b7943eb270559a4e9acbd44d,2,2,0.5304311120675906,0.625731445039365,0.09530033297177432,True,True,False,0,True
valid,85db8414f3621cac0466dedef7534751,2,2,0.4973752209143336,0.5516728361381757,0.05429761522384213,True,True,False,0,True
test,186e84bd74bc46e35d08618b33f828f1,2,6,0.5101653220807619,0.6760311171109211,0.1658657950301592,True,True,False,0,True
test,186e84bd74bc46e35d08618b33f828f1,3,6,0.5101653220807619,0.6522698929838857,0.14210457090312378,True,True,False,0,True
test,186e84bd74bc46e35d08618b33f828f1,4,6,0.5101653220807619,0.6522698929838857,0.14210457090312378,True,True,False,0,True
test,186e84bd74bc46e35d08618b33f828f1,5,6,0.5101653220807619,0.6470379973174237,0.1368726752366618,True,True,False,0,True
test,186e84bd74bc46e35d08618b33f828f1,6,6,0.5101653220807619,0.6470379973174237,0.1368726752366618,True,True,False,0,True
test,87505fcc62d2679d048529cf9fcb6ca1,2,2,0.5846892889118238,0.5715405786041932,-0.013148710307630651,True,True,False,0,True
test,b271c938db8f7fbc62ab95a19eb2becb,2,5,0.44621079150393095,0.6071964232785563,0.16098563177462533,True,True,False,0,True
test,b271c938db8f7fbc62ab95a19eb2becb,3,5,0.44621079150393095,0.5333487543184406,0.0871379628145097,True,True,False,0,True
test,b271c938db8f7fbc62ab95a19eb2becb,4,5,0.44621079150393095,0.5333487543184406,0.0871379628145097,True,True,False,0,True
test,b271c938db8f7fbc62ab95a19eb2becb,5,5,0.44621079150393095,0.5238270387258652,0.07761624722193428,True,True,False,0,True
test,7d316b369d4c6b0a4ebeebbff5f65466,2,6,0.38683426622455297,0.5739656236222932,0.18713135739774023,False,True,True,0,True
test,7d316b369d4c6b0a4ebeebbff5f65466,3,6,0.38683426622455297,0.5944586277858019,0.20762436156124897,False,True,True,0,True
test,7d316b369d4c6b0a4ebeebbff5f65466,4,6,0.38683426622455297,0.5944586277858019,0.20762436156124897,False,True,True,0,True
test,7d316b369d4c6b0a4ebeebbff5f65466,5,6,0.38683426622455297,0.5944586277858019,0.20762436156124897,False,True,True,0,True
test,7d316b369d4c6b0a4ebeebbff5f65466,6,6,0.38683426622455297,0.5944586277858019,0.20762436156124897,False,True,True,0,True
test,03c16ffcf7b8792fa870d8cd7abc4b7f,2,2,0.5574388218375694,0.6600426069751841,0.1026037851376147,True,True,False,0,True
valid,a03ba18c4454de2b89c3950fadd3748e,2,2,0.4797170376496348,0.6217825746290979,0.14206553697946311,True,True,False,6,False
test,2ee0dd09094bb9568b06bc1ffbe9f4ec,2,2,0.5207714012333011,0.7165987719558935,0.19582737072259238,True,True,False,10,False
test,59ee573107dc652d64099e2e834aa730,2,2,0.4209740101642766,0.573164610425354,0.15219060026107745,False,True,True,0,True
valid,ac3da9b0adcc3d95a2e919b1505788f4,2,2,0.4267407916024505,0.6210812457065984,0.1943404541041479,False,True,True,0,True
valid,5cf545017493456f694c201f5019515b,2,2,0.4868843107894477,0.6168488419422324,0.12996453115278472,True,True,False,0,True
valid,6ce409ae9fc35c1c78c3190b660a23b4,2,2,0.32482002271365085,0.3770161958725754,0.05219617315892455,False,False,False,6,False
valid,ac8b3ecc5daa5b2d54a81b3ba337bf6f,2,2,0.37124248758519884,0.5442246842992022,0.1729821967140034,False,True,True,0,True
test,f1558783ae62b91624349bdc44491d32,2,2,0.31407358236512994,0.4337173620022766,0.11964377963714667,False,False,False,0,True
test,8ec3ff9f474ef9e6324556d1fa434d5e,2,2,0.5066458409661039,0.6699102854115899,0.16326444444548605,True,True,False,0,True
test,9272ebd4d3ac6aa5a0c21a6ea630574f,2,2,0.3440565429731678,0.5163649997238462,0.1723084567506784,False,True,True,1,False
test,6c55bf4d09523cf2a72a452cdc0f0a80,2,3,0.5013057277924113,0.5937259844539309,0.09242025666151954,True,True,False,0,True
test,6c55bf4d09523cf2a72a452cdc0f0a80,3,3,0.5013057277924113,0.6291392262914732,0.1278334984990619,True,True,False,6,False
valid,483483db7f8737f623ad88c392109242,2,3,0.518055970370201,0.6124286053186128,0.09437263494841175,True,True,False,11,False
valid,483483db7f8737f623ad88c392109242,3,3,0.518055970370201,0.6231193105282591,0.10506334015805807,True,True,False,11,False
test,98dd7753912978b85fbcd62a50873bfb,2,2,0.3900693285070035,0.5095106264219377,0.11944129791493419,False,True,True,0,True
valid,e6669a7f1985f326ff52deb5f83ad040,2,2,0.4841631891516506,0.584309833021624,0.1001466438699734,True,True,False,0,True
valid,117e77b39bc8cd4a2dadfe1ea8948d56,2,2,0.4754350279235049,0.5426294406779815,0.06719441275447657,True,True,False,1,False
test,32b719ae1cbb8bd2e7a59704cdd4146f,2,2,0.35759853581306145,0.6373310222681321,0.27973248645507065,False,True,True,11,False
test,04a2b4ee7fcf9fa8bf25b8d5bc770152,2,2,0.45106190212068176,0.7537028053924103,0.30264090327172855,True,True,False,9,False
test,6d0ef3c8cc6b6399e18942b77559dceb,2,3,0.4345609409510025,0.6163805795421256,0.18181963859112305,False,True,True,0,True
test,6d0ef3c8cc6b6399e18942b77559dceb,3,3,0.4345609409510025,0.6145284944561137,0.17996755350511118,False,True,True,0,True
valid,8ebf7a16041c5ed735384020269ae2b6,2,3,0.4386064613480062,0.5736351865827853,0.13502872523477916,False,True,True,0,True
valid,8ebf7a16041c5ed735384020269ae2b6,3,3,0.4386064613480062,0.5670522135479856,0.12844575219997945,False,True,True,0,True
valid,7bd508c317f2ae222131716385444119,2,2,0.455950342917794,0.6818779724241246,0.2259276295063306,True,True,False,12,False
test,efe568f189941fe81ac5ca271f4d2943,2,2,0.3616092175558713,0.6017872269004098,0.24017800934453848,False,True,True,0,True
valid,27d40c905fcf5d681df561eb736986e2,2,2,0.4719655832559124,0.5649376076192386,0.09297202436332619,True,True,False,0,True
test,85c0ddad95967f361fd9cd9e3d1886b1,2,2,0.5966565366059502,0.5992068817300645,0.0025503451241143393,True,True,False,2,False
test,5aa65dc27dd9c4e4d81ec84ead95feb2,2,2,0.4278409070136129,0.6285813127136355,0.2007404057000226,False,True,True,1,False
test,7bc70bc321068d03533136557afe2959,2,2,0.48053574760717577,0.6239100935019206,0.14337434589474485,True,True,False,12,False
valid,bcbc22c3ccd8715c7e1367b8f3aa12f2,2,2,0.47274927460590255,0.5143389540763139,0.04158967947041137,True,True,False,0,True
test,5dba08d21f1386085c1bdd47548f34a4,2,6,0.5364125623522278,0.6877504997144791,0.15133793736225132,True,True,False,0,True
test,5dba08d21f1386085c1bdd47548f34a4,3,6,0.5364125623522278,0.6772108232430756,0.1407982608908478,True,True,False,0,True
test,5dba08d21f1386085c1bdd47548f34a4,4,6,0.5364125623522278,0.6772108232430756,0.1407982608908478,True,True,False,0,True
test,5dba08d21f1386085c1bdd47548f34a4,5,6,0.5364125623522278,0.6721655786219005,0.13575301626967273,True,True,False,0,True
test,5dba08d21f1386085c1bdd47548f34a4,6,6,0.5364125623522278,0.6721655786219005,0.13575301626967273,True,True,False,0,True
test,f1205199f6295174f518734d954e5da3,2,2,0.38186996504875825,0.6274285460918603,0.24555858104310202,False,True,True,14,False
valid,2d290eb2fc05c9777775b838cb3dd768,2,3,0.667807299641272,0.7433972556466499,0.07558995600537799,True,True,False,0,True
valid,2d290eb2fc05c9777775b838cb3dd768,3,3,0.667807299641272,0.7306481221156791,0.06284082247440714,True,True,False,0,True
test,6cac20dcd1e9ad064b34d1148de9b9ca,2,2,0.6118005024982665,0.5232802752479644,-0.08852022725030206,True,True,False,3,False
test,62b22cf8987a8a48d638c4bcaf7024ce,2,2,0.340225996301181,0.6929232833300453,0.35269728702886427,False,True,True,11,False
valid,0332002e367c17e6c4111ae2dd8a6aaf,2,2,0.5738020709301885,0.6454664009823936,0.07166433005220507,True,True,False,5,False
test,b1ca84d7c69ec44b1b45786605a47832,2,2,0.6374440711676008,0.6041437258990812,-0.03330034526851966,True,True,False,0,True
valid,4e7d5f7a68b4b3a237a3a08656a8093a,2,2,0.355458659474193,0.4482884688008336,0.09282980932664064,False,True,True,9,False
valid,d1537836c453f9672f80c422d1af8cab,2,6,0.6189656240386858,0.5955742023711141,-0.023391421667571688,True,True,False,8,False
valid,d1537836c453f9672f80c422d1af8cab,3,6,0.6189656240386858,0.5182681437812224,-0.10069748025746339,True,True,False,0,True
valid,d1537836c453f9672f80c422d1af8cab,4,6,0.6189656240386858,0.5884170345070403,-0.03054858953164552,True,True,False,8,False
valid,d1537836c453f9672f80c422d1af8cab,5,6,0.6189656240386858,0.5884170345070403,-0.03054858953164552,True,True,False,8,False
valid,d1537836c453f9672f80c422d1af8cab,6,6,0.6189656240386858,0.5182681437812224,-0.10069748025746339,True,True,False,0,True
test,e86dc64373eaaf9fc1d9d58bfce38f2f,2,2,0.4387357996799687,0.6027012766631629,0.1639654769831942,False,True,True,0,True
test,f52a5a508f96400a02ab7d6dd3d73146,2,2,0.37710268859214735,0.5664014464949891,0.18929875790284179,False,True,True,7,False
valid,f9fe6e11e33871e71f921d5051e72bb4,2,3,0.47032072694186233,0.6374775435457454,0.16715681660388304,True,True,False,6,False
valid,f9fe6e11e33871e71f921d5051e72bb4,3,3,0.47032072694186233,0.6078863240065204,0.1375655970646581,True,True,False,10,False
test,406e7d5f44dce0761a29b6a22889a98c,2,2,0.6504269160759861,0.7025521618066863,0.05212524573070021,True,True,False,0,True
test,a853cdd8003fb8372f09eefdb15720f8,2,4,0.47208737717561666,0.6463129899705552,0.17422561279493853,True,True,False,7,False
test,a853cdd8003fb8372f09eefdb15720f8,3,4,0.47208737717561666,0.6517716638334741,0.1796842866578574,True,True,False,7,False
test,a853cdd8003fb8372f09eefdb15720f8,4,4,0.47208737717561666,0.6711421499447501,0.19905477276913341,True,True,False,0,True
test,57dc71776356b30418cf133f68678b44,2,2,0.42456341291568067,0.64326938841671,0.21870597550102933,False,True,True,0,True
test,5f7fcba7792c39066e8479dea103be91,2,2,0.4693939681257624,0.669097904671767,0.1997039365460046,True,True,False,0,True
test,c17d3d6c480b09300d8daa2eb502d060,2,2,0.5204698928637908,0.6394708468684883,0.11900095400469757,True,True,False,0,True
valid,33c0d343b2faf7ebeb298755980009eb,2,2,0.4664427170018902,0.5675262905810595,0.1010835735791693,True,True,False,10,False
test,b42f5cf7cbdab3df43164a7809d69ced,2,4,0.49354681849861937,0.6032199516021672,0.10967313310354787,True,True,False,0,True
test,b42f5cf7cbdab3df43164a7809d69ced,3,4,0.49354681849861937,0.6451466197830477,0.1515998012844283,True,True,False,0,True
test,b42f5cf7cbdab3df43164a7809d69ced,4,4,0.49354681849861937,0.6679000516762841,0.1743532331776647,True,True,False,0,True
test,1803c7e9eee1785304c1266d06ee1f8f,2,2,0.44846031927845664,0.6294636990942938,0.18100337981583714,True,True,False,0,True
test,17f71a234f74de0e7c52630aa272eb17,2,4,0.3337419212679831,0.5171646896347678,0.18342276836678473,False,True,True,0,True
test,17f71a234f74de0e7c52630aa272eb17,3,4,0.3337419212679831,0.5353290816786802,0.20158716041069713,False,True,True,0,True
test,17f71a234f74de0e7c52630aa272eb17,4,4,0.3337419212679831,0.5353290816786802,0.20158716041069713,False,True,True,0,True
valid,5cd4d921a222793519021a823618a17c,2,2,0.6716369378452418,0.5568344843957427,-0.11480245344949913,True,True,False,11,False
test,c8da7aba86bfc11d56c767b13ba74d7f,2,2,0.43070138530150537,0.5018672553794845,0.07116587007797914,False,True,True,0,True
test,af822dacd6f5cff7376413c03a388bb7,2,12,0.49240442099182324,0.6788405436197029,0.18643612262787967,True,True,False,0,True
test,af822dacd6f5cff7376413c03a388bb7,3,12,0.49240442099182324,0.6608298121645921,0.1684253911727689,True,True,False,0,True
test,af822dacd6f5cff7376413c03a388bb7,4,12,0.49240442099182324,0.6592194815142796,0.16681506052245632,True,True,False,4,False
test,af822dacd6f5cff7376413c03a388bb7,5,12,0.49240442099182324,0.6573583605352471,0.16495393954342386,True,True,False,0,True
test,af822dacd6f5cff7376413c03a388bb7,6,12,0.49240442099182324,0.6584189721967114,0.16601455120488817,True,True,False,4,False
test,af822dacd6f5cff7376413c03a388bb7,7,12,0.49240442099182324,0.665785518282435,0.1733810972906118,True,True,False,4,False
test,af822dacd6f5cff7376413c03a388bb7,8,12,0.49240442099182324,0.6683067648045611,0.17590234381273784,True,True,False,4,False
test,af822dacd6f5cff7376413c03a388bb7,9,12,0.49240442099182324,0.7005329227636877,0.20812850177186448,True,True,False,4,False
test,af822dacd6f5cff7376413c03a388bb7,10,12,0.49240442099182324,0.7005329227636877,0.20812850177186448,True,True,False,4,False
test,af822dacd6f5cff7376413c03a388bb7,11,12,0.49240442099182324,0.6995434035856275,0.20713898259380426,True,True,False,0,True
test,af822dacd6f5cff7376413c03a388bb7,12,12,0.49240442099182324,0.6995434035856275,0.20713898259380426,True,True,False,0,True
test,6b66feb014823833433d386dad897fcd,2,2,0.43016742308675937,0.6569004495043107,0.22673302641755133,False,True,True,0,True
valid,553e31affcb8c69f75f7fa6d7978be44,2,2,0.44552869777739257,0.6189530967474723,0.17342439897007977,True,True,False,0,True
test,4a9e7a4311dfd6488a1501266a1cdf9f,2,2,0.38314340883778364,0.5705586875494433,0.18741527871165964,False,True,True,0,True
valid,e0f06a57d717562c49f91cd309be4598,2,2,0.3632512980737953,0.43804178132379734,0.07479048325000204,False,False,False,7,False
test,683481ae11f5f4ccfd9263a3bd7f25d4,2,2,0.17544933411394203,0.4607898942178882,0.28534056010394615,False,True,True,0,True
test,753841f6cd9bed8cbb16bae45c571e8e,2,4,0.4208841816104155,0.565819552298867,0.14493537068845153,False,True,True,0,True
test,753841f6cd9bed8cbb16bae45c571e8e,3,4,0.4208841816104155,0.5727111200727174,0.15182693846230189,False,True,True,0,True
test,753841f6cd9bed8cbb16bae45c571e8e,4,4,0.4208841816104155,0.5727111200727174,0.15182693846230189,False,True,True,0,True
test,c8e2288c4eab2cbafdf32fbde78f5a0e,2,2,0.38023085045003147,0.5545061075012405,0.17427525705120905,False,True,True,0,True
test,741d2cc8f5697d6dad48097792babbe2,2,2,0.40944242619494176,0.5707302107826748,0.16128778458773307,False,True,True,0,True
test,12f3eaf92da599fd1abd3dc8e21bff0d,2,2,0.4815978666739321,0.6589041652835651,0.17730629860963298,True,True,False,0,True
test,937b8c2c23c033f63b1b46e876b2c385,2,2,0.45902887018320215,0.6414024238748717,0.18237355369166952,True,True,False,8,False
test,9450436aed6e34dfd38b4b087e27c572,2,3,0.42733287210886517,0.5855318505484757,0.1581989784396105,False,True,True,0,True
test,9450436aed6e34dfd38b4b087e27c572,3,3,0.42733287210886517,0.6454633855510544,0.21813051344218926,False,True,True,0,True
test,b427e0ed8b6a3055c62312f135330e7e,2,4,0.43824485011315883,0.6065711298183835,0.16832627970522462,False,True,True,0,True
test,b427e0ed8b6a3055c62312f135330e7e,3,4,0.43824485011315883,0.629862443725419,0.19161759361226016,False,True,True,0,True
test,b427e0ed8b6a3055c62312f135330e7e,4,4,0.43824485011315883,0.629862443725419,0.19161759361226016,False,True,True,0,True
valid,51074d1feab8a648c5d1dfb7c354674d,2,2,0.4299232663467907,0.6443135419524922,0.21439027560570156,False,True,True,0,True
test,8476e4daac5bcc4adaf4e56af42ce110,2,2,0.8189628855422524,0.7079476545648123,-0.11101523097744004,True,True,False,6,False
valid,badd0610d349f865d84d27e36b2abde4,2,2,0.3523485749034212,0.6486530809777722,0.296304506074351,False,True,True,8,False
test,b9a3648dcf60f6b902216e563c539244,2,2,0.7238817863157114,0.6578304466582792,-0.06605133965743226,True,True,False,12,False
valid,85cebb5f41967daca44f7c7883856f96,2,2,0.42824341891906825,0.5792166367922802,0.15097321787321194,False,True,True,10,False
test,6c355e2913545fa6f72c40cbca57729e,2,11,0.47837398337724013,0.6351968487400587,0.15682286536281853,True,True,False,0,True
test,6c355e2913545fa6f72c40cbca57729e,3,11,0.47837398337724013,0.6383292826717226,0.1599552992944825,True,True,False,0,True
test,6c355e2913545fa6f72c40cbca57729e,4,11,0.47837398337724013,0.6591278566565955,0.18075387327935533,True,True,False,0,True
test,6c355e2913545fa6f72c40cbca57729e,5,11,0.47837398337724013,0.6591278566565955,0.18075387327935533,True,True,False,0,True
test,6c355e2913545fa6f72c40cbca57729e,6,11,0.47837398337724013,0.6591278566565955,0.18075387327935533,True,True,False,0,True
test,6c355e2913545fa6f72c40cbca57729e,7,11,0.47837398337724013,0.6728541283749961,0.194480144997756,True,True,False,0,True
test,6c355e2913545fa6f72c40cbca57729e,8,11,0.47837398337724013,0.6786818305657271,0.20030784718848693,True,True,False,0,True
test,6c355e2913545fa6f72c40cbca57729e,9,11,0.47837398337724013,0.7071122591843091,0.22873827580706896,True,True,False,0,True
test,6c355e2913545fa6f72c40cbca57729e,10,11,0.47837398337724013,0.7071122591843091,0.22873827580706896,True,True,False,0,True
test,6c355e2913545fa6f72c40cbca57729e,11,11,0.47837398337724013,0.7071122591843091,0.22873827580706896,True,True,False,0,True
valid,0fe66ba925b98652d484ad6af89402e7,2,2,0.5812340316652634,0.711428313213884,0.13019428154862056,True,True,False,0,True
valid,029f7a5aabaadfcdfe8c0eddb59a1069,2,2,0.37925150203060765,0.41621224607941243,0.03696074404880478,False,False,False,0,True
test,f2a942be5a0340a2601b7725df74bfba,2,2,0.4202608800836257,0.5900480104858443,0.1697871304022186,False,True,True,0,True
valid,01ba82170ebb683c73793bb809bbf1b9,2,3,0.5380384430263117,0.5784256073316714,0.04038716430535971,True,True,False,0,True
valid,01ba82170ebb683c73793bb809bbf1b9,3,3,0.5380384430263117,0.6551753232907552,0.11713688026444358,True,True,False,0,True
test,899577f2593c989a57a6826564281737,2,2,0.5196802170075059,0.6051291261999123,0.08544890919240644,True,True,False,0,True
test,48f38d47fa3e594216cbf679a60dc4fc,2,2,0.41211452355443756,0.5084881336438007,0.09637361008936318,False,True,True,0,True
test,6554129577eff36836f1a93894b64f42,2,2,0.6719496172573456,0.6834410389992845,0.011491421741938956,True,True,False,0,True
valid,2b36fe8c73edb9af80b2d3e73b46122a,2,2,0.394906494593837,0.5348655348491289,0.13995904025529193,False,True,True,0,True
test,070162e1ae6ad420c0766af516a31a5b,2,2,0.4266999116946394,0.6539015240030477,0.2272016123084083,False,True,True,0,True
test,82348f1b5f24ac795fa9320e02c49553,2,2,0.6061219138625489,0.550137689566206,-0.055984224296342866,True,True,False,0,True
valid,363f3d1dbcb3b03d17ba62e6904dd353,2,4,0.3965195911226558,0.4366366681913558,0.04011707706870005,False,False,False,0,True
valid,363f3d1dbcb3b03d17ba62e6904dd353,3,4,0.3965195911226558,0.47542732957133627,0.07890773844868049,False,True,True,0,True
valid,363f3d1dbcb3b03d17ba62e6904dd353,4,4,0.3965195911226558,0.47542732957133627,0.07890773844868049,False,True,True,0,True
valid,6057795be8cc4b91b447f81088a07594,2,3,0.4887472543430291,0.6023818853418994,0.11363463099887028,True,True,False,6,False
valid,6057795be8cc4b91b447f81088a07594,3,3,0.4887472543430291,0.6504877528948707,0.16174049855184158,True,True,False,7,False
valid,0a383b731ceafec6fe7047720b1ea52e,2,2,0.5649710404435243,0.6502884813169318,0.08531744087340754,True,True,False,10,False
test,5f127aff90e6012e2200e03613eb47cd,2,2,0.48166510015704633,0.5577038337228762,0.07603873356582991,True,True,False,0,True
valid,05452881e2846549b81d39249bb66ad7,2,2,0.45668157558917954,0.5784600426604787,0.12177846707129913,True,True,False,0,True
valid,03f4fbe820830f14931ffa4631cb0912,2,2,0.43037016949836693,0.4945441430707538,0.06417397357238686,False,True,True,0,True
test,4e506215592eafe8d7366eb7fa6cf532,2,2,0.49946024035568504,0.6214291605505667,0.1219689201948817,True,True,False,0,True
valid,3b2e77967d37d34b88bd2bca3d2ec4a0,2,2,0.5232553863641567,0.6453743687277549,0.1221189823635982,True,True,False,0,True
test,a5942e5383d5308ba557c96df89cf1c4,2,3,0.5007058180154493,0.7084449503429974,0.20773913232754804,True,True,False,0,True
test,a5942e5383d5308ba557c96df89cf1c4,3,3,0.5007058180154493,0.7379834281620787,0.2372776101466294,True,True,False,0,True
test,36252698cf1f3b91960c60cb2524ae78,2,2,0.47852431469181633,0.6494209641080717,0.17089664941625538,True,True,False,0,True
test,d44913f6177d1b8a369a477ab2823aa2,2,2,0.4366891599354442,0.5993670999419738,0.16267794000652958,False,True,True,0,True
test,be8825818ef90fa22e25614dad11854d,2,2,0.5405681602829732,0.567151076060725,0.026582915777751848,True,True,False,15,False
valid,8ac5066a163c60c1ae9bf17200df3dd1,2,2,0.3203245140304509,0.410190480868436,0.08986596683798509,False,False,False,0,True
test,e230d9e9b5c459f23e570014c1a255ff,2,2,0.47940470558355996,0.6615022056785731,0.18209750009501313,True,True,False,0,True
test,3d177fa8a164dd0cb060f3051dc4ae8f,2,3,0.5119517827164136,0.6407685610872287,0.12881677837081507,True,True,False,0,True
test,3d177fa8a164dd0cb060f3051dc4ae8f,3,3,0.5119517827164136,0.7031480662887908,0.19119628357237717,True,True,False,0,True
test,03b5e0da68374e8ac08cd539d0559cfe,2,2,0.4503920443073305,0.6333168573692916,0.18292481306196107,True,True,False,0,True
valid,6d15390c68ad06398621b0a7c976e52b,2,2,0.44815572061640874,0.4994050810684745,0.05124936045206574,True,True,False,0,True
valid,6805ef0d7df98ddc746b0f9a6813535f,2,2,0.5385703886294262,0.6547917918877459,0.11622140325831976,True,True,False,0,True
test,6a98aeaf1d45d8129756bdf2a06744ed,2,2,0.3967691329806613,0.506548956100823,0.10977982312016166,False,True,True,0,True
test,f22ca19cddb72bc1f6e77cfc65d02b7d,2,2,0.5528096787464538,0.7566177604876744,0.20380808174122056,True,True,False,0,True
valid,4f05cb36ebddf2978e8e2460f4a4b8f8,2,2,0.4992662874651065,0.5597659912822592,0.06049970381715275,True,True,False,0,True
test,008d9bf350ff02ed444b3452cf3f57e0,2,2,0.4310044323029115,0.5906702830277253,0.15966585072481376,False,True,True,0,True
valid,d2cbe14a29b243f01171170540ddc94d,2,2,0.7305504984705127,0.6468013497838634,-0.08374914868664929,True,True,False,2,False
valid,1399414876559adb251d9ea3e3b570df,2,2,0.4980399560780595,0.6046384660258706,0.10659850994781106,True,True,False,0,True
test,4020cb1ac77d7c6009ac62522296521b,2,3,0.5206775629755998,0.7181538656305051,0.19747630265490534,True,True,False,0,True
test,4020cb1ac77d7c6009ac62522296521b,3,3,0.5206775629755998,0.7574881296446117,0.2368105666690119,True,True,False,0,True
test,637617b3ffe9e2f7a2411243829226d0,2,12,0.41766551956704556,0.5880593434027046,0.17039382383565904,False,True,True,1,False
test,637617b3ffe9e2f7a2411243829226d0,3,12,0.41766551956704556,0.6275418596406297,0.20987634007358413,False,True,True,1,False
test,637617b3ffe9e2f7a2411243829226d0,4,12,0.41766551956704556,0.6215310120916075,0.203865492524562,False,True,True,1,False
test,637617b3ffe9e2f7a2411243829226d0,5,12,0.41766551956704556,0.6215310120916075,0.203865492524562,False,True,True,0,True
test,637617b3ffe9e2f7a2411243829226d0,6,12,0.41766551956704556,0.6215310120916075,0.203865492524562,False,True,True,0,True
test,637617b3ffe9e2f7a2411243829226d0,7,12,0.41766551956704556,0.6369222746099008,0.21925675504285524,False,True,True,1,False
test,637617b3ffe9e2f7a2411243829226d0,8,12,0.41766551956704556,0.6430122784387147,0.2253467588716691,False,True,True,1,False
test,637617b3ffe9e2f7a2411243829226d0,9,12,0.41766551956704556,0.6723323508432342,0.2546668312761886,False,True,True,1,False
test,637617b3ffe9e2f7a2411243829226d0,10,12,0.41766551956704556,0.6723323508432342,0.2546668312761886,False,True,True,4,False
test,637617b3ffe9e2f7a2411243829226d0,11,12,0.41766551956704556,0.6723323508432342,0.2546668312761886,False,True,True,4,False
test,637617b3ffe9e2f7a2411243829226d0,12,12,0.41766551956704556,0.6723323508432342,0.2546668312761886,False,True,True,4,False
test,6709606f3773c59d8bed53c0d9bb614d,2,2,0.5145760740624752,0.6847796544643161,0.17020358040184091,True,True,False,0,True
valid,2ae0a15db329f6aeea4137c433825b3a,2,4,0.45762659267690153,0.5718568700540931,0.1142302773771916,True,True,False,1,False
valid,2ae0a15db329f6aeea4137c433825b3a,3,4,0.45762659267690153,0.5649957529930536,0.10736916031615207,True,True,False,0,True
valid,2ae0a15db329f6aeea4137c433825b3a,4,4,0.45762659267690153,0.5631737337150466,0.10554714103814511,True,True,False,1,False
test,575a5c6c42853ce1c599537b8f87d716,2,2,0.5184264242256369,0.6711909581471693,0.15276453392153244,True,True,False,0,True
valid,a5e316a920122ee655d3a9fa01582514,2,2,0.5013745969862169,0.5681311908314706,0.06675659384525368,True,True,False,0,True
test,41c51367243707ec4b1cf8baae5de951,2,4,0.43610216180383854,0.751626843518664,0.3155246817148255,False,True,True,14,False
test,41c51367243707ec4b1cf8baae5de951,3,4,0.43610216180383854,0.6444845000184622,0.2083823382146237,False,True,True,0,True
test,41c51367243707ec4b1cf8baae5de951,4,4,0.43610216180383854,0.7298664339687847,0.29376427216494616,False,True,True,14,False
test,26be48cb41c2beb9e712f1563fefac0a,2,2,0.47902582916334346,0.6270595156056529,0.1480336864423094,True,True,False,0,True
test,2583425d8fd6d2a22d92c8480c1b546d,2,3,0.539975000605381,0.6713098786057161,0.13133487800033516,True,True,False,0,True
test,2583425d8fd6d2a22d92c8480c1b546d,3,3,0.539975000605381,0.6990704227896137,0.15909542218423278,True,True,False,0,True
test,f043d325dd5b6eeba051156b18d49dd8,2,2,0.42699541471304236,0.6639785141181029,0.23698309940506057,False,True,True,0,True
test,df7c36238f2fe34a946b480a147a040c,2,5,0.653638536583079,0.5858958277211379,-0.06774270886194111,True,True,False,0,True
test,df7c36238f2fe34a946b480a147a040c,3,5,0.653638536583079,0.5728175945454997,-0.08082094203757928,True,True,False,0,True
test,df7c36238f2fe34a946b480a147a040c,4,5,0.653638536583079,0.5728175945454997,-0.08082094203757928,True,True,False,0,True
test,df7c36238f2fe34a946b480a147a040c,5,5,0.653638536583079,0.5687332744273661,-0.08490526215571292,True,True,False,0,True
valid,03a0133b4a72f7ca0affd3ecbc9b43f4,2,2,0.4674945843275329,0.5324628237129643,0.06496823938543139,True,True,False,0,True
valid,3ad9432597e4e8eefaceb98b147cc00f,2,2,0.4045309169938476,0.5402440580428722,0.13571314104902465,False,True,True,0,True
test,c343d83ab82945c95a47834bae35be64,2,2,0.3871298247397581,0.5868013921316713,0.19967156739191316,False,True,True,0,True
test,faf8afba6bb93c51fb7b297d2d3b3d88,2,2,0.5184100144084036,0.6530890720715131,0.1346790576631095,True,True,False,0,True
test,e80b7d9d6ca2b46da0d5abe9c1d47548,2,2,0.37026054984833723,0.4829788134575619,0.11271826360922466,False,True,True,9,False
valid,93843243cdd92e9fdfd9a1eb7429ddf1,2,2,0.4827082416683731,0.6278246254748021,0.145116383806429,True,True,False,4,False
valid,9146e206bcd61ac9fb10f3a26336a7ec,2,2,0.40947733027979505,0.5565816758895678,0.1471043456097727,False,True,True,0,True
test,71284044cb3bff0706dff7234e8c4e89,2,2,0.5346146925247571,0.6842621332605469,0.14964744073578973,True,True,False,0,True
test,7ecfe10bb4477fa530dbbcca49916468,2,2,0.5291644222175177,0.6140486694693623,0.08488424725184462,True,True,False,10,False
test,899499ccb61cd1525c8b04047ac70e0d,2,3,0.5193813021800975,0.6996215576356004,0.18024025545550293,True,True,False,7,False
test,899499ccb61cd1525c8b04047ac70e0d,3,3,0.5193813021800975,0.6715364829057241,0.15215518072562662,True,True,False,7,False
valid,833a4b8d632d2fd653e167e06b2fe201,2,2,0.4364455360437107,0.5580990790539084,0.1216535430101977,False,True,True,0,True
valid,2e5cfd97555ff101c1691c3a2d4f5bd0,2,5,0.4440301591993685,0.5575623149558353,0.1135321557564668,True,True,False,0,True
valid,2e5cfd97555ff101c1691c3a2d4f5bd0,3,5,0.4440301591993685,0.5931813965300675,0.14915123733069902,True,True,False,0,True
valid,2e5cfd97555ff101c1691c3a2d4f5bd0,4,5,0.4440301591993685,0.6003495717833955,0.15631941258402704,True,True,False,0,True
valid,2e5cfd97555ff101c1691c3a2d4f5bd0,5,5,0.4440301591993685,0.6003495717833955,0.15631941258402704,True,True,False,0,True
test,d1d9e82abdaaa28b562b48d23f5e8203,2,2,0.458991662899471,0.5629873312428093,0.10399566834333829,True,True,False,0,True
valid,7fb427cd4340774b923e6c217c94d399,2,2,0.5145607122112992,0.6109194100289068,0.09635869781760764,True,True,False,0,True
valid,3726455226b345e3de3b66e76a47d9db,2,2,0.32238673693583375,0.42372686936988213,0.10134013243404838,False,False,False,0,True
valid,a63a3d3aceb23878150f9186b9bed935,2,2,0.4482934120187352,0.5645471431447733,0.1162537311260381,True,True,False,8,False
test,7207091d29c0f0df59dfe6e1cb216f2b,2,2,0.6255916979314629,0.6876032181412156,0.06201152020975276,True,True,False,0,True
valid,706b9cbda5d9ac137f8b484774d4c2a9,2,2,0.4685690946594,0.5985882900239432,0.1300191953645432,True,True,False,0,True
valid,c5757562b34fa65e15e9f66a21513c45,2,2,0.4731787812487025,0.5950217976174372,0.12184301636873474,True,True,False,0,True
valid,6e49598a67a4161d3fe1299418fe5d43,2,2,0.2461100333527746,0.3538019767967401,0.10769194344396549,False,False,False,0,True
valid,b80264e091caa14505dc8e800902c80c,2,2,0.3669668262197944,0.5044722856039727,0.13750545938417835,False,True,True,8,False
test,023669233121f0fb7899e5be2b22885f,2,3,0.41351178349377904,0.5401650818324162,0.12665329833863714,False,True,True,9,False
test,023669233121f0fb7899e5be2b22885f,3,3,0.41351178349377904,0.6495310117534462,0.23601922825966715,False,True,True,8,False
test,727f7b96d03192204f43ffb4cc712ca5,2,2,0.6822482033563649,0.6878750863087646,0.005626882952399659,True,True,False,0,True
valid,8a7aac96934b61b070e94762ca857e31,2,2,0.35545601448596464,0.4233061350459565,0.06785012055999184,False,False,False,0,True
test,5e9f1a71f53f74f8c4e829ffbb4b52e9,2,3,0.412434041405739,0.555604907025236,0.143170865619497,False,True,True,0,True
test,5e9f1a71f53f74f8c4e829ffbb4b52e9,3,3,0.412434041405739,0.5939221461894388,0.1814881047836998,False,True,True,0,True
test,190a104710f7a653bd65f673e8f5ba11,2,2,0.4947442086980002,0.6865178208477766,0.1917736121497764,True,True,False,8,False
valid,6b42a19086fbc8038a2a8e561a47a897,2,2,0.335051761889696,0.3823417207526868,0.04728995886299081,False,False,False,0,True
valid,522a5e4ad2f2d51be25ae597da2b8197,2,2,0.3411123556728217,0.48878688099664225,0.14767452532382053,False,True,True,8,False
valid,37f02a54b7a8290c4afc59b4171a4718,2,2,0.3587010548936228,0.4351622850269229,0.07646123013330008,False,False,False,6,False
valid,38e300c6758b36eb5bb0234a3ac1fe53,2,2,0.3432741264417677,0.4084849172840209,0.06521079084225323,False,False,False,8,False
valid,4336f383d6d1f9c9d968406c7a920fd3,2,2,0.41442937049243034,0.4546137774698499,0.04018440697741954,False,True,True,0,True
test,57be20dc5f786ed372add8e3f28be447,2,6,0.5003511668466369,0.6919019623607415,0.1915507955141046,True,True,False,0,True
test,57be20dc5f786ed372add8e3f28be447,3,6,0.5003511668466369,0.7034995968670374,0.2031484300204005,True,True,False,0,True
test,57be20dc5f786ed372add8e3f28be447,4,6,0.5003511668466369,0.715922756622019,0.21557158977538204,True,True,False,0,True
test,57be20dc5f786ed372add8e3f28be447,5,6,0.5003511668466369,0.715922756622019,0.21557158977538204,True,True,False,0,True
test,57be20dc5f786ed372add8e3f28be447,6,6,0.5003511668466369,0.715922756622019,0.21557158977538204,True,True,False,0,True
test,b41cd75853511ce5fa49b43cca5449f5,2,2,0.4553298476669202,0.5312786546082576,0.07594880694133743,True,True,False,0,True
test,932a3be1b6a43815872ae094f24afd2b,2,2,0.45711385619376566,0.6705201552398661,0.21340629904610042,True,True,False,0,True
valid,ae9f9adfeb3a33fe59da5bab6678e5cb,2,2,0.39410565509659035,0.4735749824467711,0.07946932735018075,False,True,True,0,True
test,eb7df5ec433a5660c84c3a2e1bce192d,2,3,0.5006429065547956,0.6740329666225602,0.17339006006776458,True,True,False,0,True
test,eb7df5ec433a5660c84c3a2e1bce192d,3,3,0.5006429065547956,0.7039202200574975,0.20327731350270195,True,True,False,0,True
test,62da6eaeb0bb1013bcd1e66d7a93546e,2,3,0.5067692017813863,0.6033294971654874,0.09656029538410116,True,True,False,0,True
test,62da6eaeb0bb1013bcd1e66d7a93546e,3,3,0.5067692017813863,0.6110524740302086,0.10428327224882228,True,True,False,0,True
test,778c123689474f1e0abaae724ebe2136,2,4,0.4182881506403203,0.5110467058803528,0.09275855524003251,False,True,True,0,True
test,778c123689474f1e0abaae724ebe2136,3,4,0.4182881506403203,0.5559408258991827,0.13765267525886238,False,True,True,0,True
test,778c123689474f1e0abaae724ebe2136,4,4,0.4182881506403203,0.5559408258991827,0.13765267525886238,False,True,True,0,True
valid,79bf05438738958b495424724f6b27c5,2,2,0.3916679332778099,0.491474316305227,0.09980638302741707,False,True,True,0,True
test,37cd892c7a6275aecbe6dfdcee8de6b7,2,2,0.39816629152771044,0.5601013974539717,0.16193510592626126,False,True,True,0,True
test,efd36975d7d35f5e51dc4e13aabc0f2d,2,3,0.3536423106408245,0.5040474405038906,0.1504051298630661,False,True,True,0,True
test,efd36975d7d35f5e51dc4e13aabc0f2d,3,3,0.3536423106408245,0.5469670042587554,0.19332469361793092,False,True,True,0,True
valid,ecfafbdac2fa97abd625bb499d83c50a,2,2,0.4261104241843433,0.6538834219478806,0.22777299776353732,False,True,True,0,True
test,6810c2b3b3587a83d4af69dcb68295f9,2,3,0.5294728729496971,0.6340088196772496,0.10453594672755251,True,True,False,0,True
test,6810c2b3b3587a83d4af69dcb68295f9,3,3,0.5294728729496971,0.6767918627759653,0.14731898982626812,True,True,False,0,True
valid,1dd4114d014ff38caa0b9a94b9461c37,2,2,0.33079960291806243,0.5215872978801723,0.1907876949621099,False,True,True,0,True
test,4d9029f2c1721a0d915d363ef3473499,2,2,0.3615127775539446,0.5325539170036777,0.1710411394497331,False,True,True,8,False
valid,82cb6c717dba0525c42ec35ab00e7f11,2,2,0.4075701745423166,0.5317175095119053,0.12414733496958874,False,True,True,0,True
test,d83704206184936b569352ae7f704788,2,3,0.3243721128495799,0.6039866374527447,0.2796145246031648,False,True,True,15,False
test,d83704206184936b569352ae7f704788,3,3,0.3243721128495799,0.6185116585928732,0.29413954574329326,False,True,True,15,False
test,52b1ffde0cd06a4b61dc1229bcf87827,2,2,0.4833654168471908,0.6426084238181106,0.15924300697091975,True,True,False,0,True
valid,93f02e3d7633cf1fa948b35b5003cb18,2,6,0.5811435131766549,0.7030540073782465,0.12191049420159161,True,True,False,0,True
valid,93f02e3d7633cf1fa948b35b5003cb18,3,6,0.5811435131766549,0.7103514404909684,0.12920792731431352,True,True,False,0,True
valid,93f02e3d7633cf1fa948b35b5003cb18,4,6,0.5811435131766549,0.7050488750565933,0.12390536187993839,True,True,False,0,True
valid,93f02e3d7633cf1fa948b35b5003cb18,5,6,0.5811435131766549,0.7050488750565933,0.12390536187993839,True,True,False,0,True
valid,93f02e3d7633cf1fa948b35b5003cb18,6,6,0.5811435131766549,0.7050488750565933,0.12390536187993839,True,True,False,0,True
test,2db6682455f3a6b47b5202e00c855789,2,6,0.46629681645217025,0.6506749348842646,0.1843781184320944,True,True,False,0,True
test,2db6682455f3a6b47b5202e00c855789,3,6,0.46629681645217025,0.6923111208101916,0.2260143043580214,True,True,False,0,True
test,2db6682455f3a6b47b5202e00c855789,4,6,0.46629681645217025,0.7091148483256307,0.2428180318734604,True,True,False,0,True
test,2db6682455f3a6b47b5202e00c855789,5,6,0.46629681645217025,0.7091148483256307,0.2428180318734604,True,True,False,0,True
test,2db6682455f3a6b47b5202e00c855789,6,6,0.46629681645217025,0.7091148483256307,0.2428180318734604,True,True,False,0,True
test,5fa3b6744c7d556116187d18de357c43,2,3,0.5287734146341707,0.6899041295303938,0.1611307148962231,True,True,False,0,True
test,5fa3b6744c7d556116187d18de357c43,3,3,0.5287734146341707,0.721888149835412,0.19311473520124134,True,True,False,0,True
valid,d8d5b2d660ff0d4f9391b823cf3d6b3c,2,2,0.2670925296751383,0.3664547143986574,0.0993621847235191,False,False,False,0,True
valid,5c28fcfb4e50a56899353fd6f8609f42,2,2,0.4316771429564028,0.4705507975871215,0.03887365463071868,False,True,True,0,True
valid,7f0bf46f4a4126baeb7987ac4a28ddf9,2,2,0.4412910494340244,0.49197454122164164,0.05068349178761722,True,True,False,0,True
valid,56b9a849e6267dc255c0caa855ba41b3,2,3,0.42337092890480754,0.5417403578012774,0.11836942889646984,False,True,True,0,True
valid,56b9a849e6267dc255c0caa855ba41b3,3,3,0.42337092890480754,0.5114683676946779,0.08809743878987031,False,True,True,0,True
valid,dd53cce9e0ce03ce45f0d42ac4317cd8,2,2,0.401056461899571,0.5844043002127304,0.18334783831315937,False,True,True,1,False
valid,1d01166814be7e95f72a3c85357fca45,2,2,0.4185632061217317,0.5513159581075464,0.1327527519858147,False,True,True,0,True
valid,b37e0ebb8fdc0d0167ca1c58eae98eec,2,2,0.5865902345926427,0.4672338253895285,-0.11935640920311419,True,True,False,0,True
test,bb67cc66d5cb19032b1cfbaa4d36b371,2,2,0.46492329198156557,0.5878155181553053,0.12289222617373974,True,True,False,4,False
valid,014872cb0c4fc7695c70484966baa65c,2,4,0.4443990131847235,0.6095685616455047,0.16516954846078113,True,True,False,0,True
valid,014872cb0c4fc7695c70484966baa65c,3,4,0.4443990131847235,0.6559553896017819,0.21155637641705838,True,True,False,0,True
valid,014872cb0c4fc7695c70484966baa65c,4,4,0.4443990131847235,0.6691786380743996,0.22477962488967607,True,True,False,0,True
test,39150b4f907db051ca186924bc4c7653,2,2,0.42468882190291735,0.5650323204818596,0.14034349857894224,False,True,True,0,True
test,4185621f3aaf889fde42176d1f902b20,2,2,0.4111412213359298,0.6668988004111502,0.25575757907522045,False,True,True,0,True
test,5871d8a9d410f4348b27394d4085874f,2,2,0.4523822689953866,0.6687168437365704,0.21633457474118378,True,True,False,0,True
test,57261741e78d278aab2b462220b787f8,2,2,0.45960924146540194,0.6362636403742151,0.17665439890881318,True,True,False,0,True
test,6816ae2fd8e9a4a6674dc2eb053da35b,2,5,0.700016610124532,0.6895664798893999,-0.010450130235132082,True,True,False,0,True
test,6816ae2fd8e9a4a6674dc2eb053da35b,3,5,0.700016610124532,0.664191282743404,-0.03582532738112798,True,True,False,4,False
test,6816ae2fd8e9a4a6674dc2eb053da35b,4,5,0.700016610124532,0.664191282743404,-0.03582532738112798,True,True,False,4,False
test,6816ae2fd8e9a4a6674dc2eb053da35b,5,5,0.700016610124532,0.6743394134574654,-0.025677196667066582,True,True,False,4,False
test,13177245f820dca10cd9968a2a395b1d,2,2,0.2696253682837543,0.3471483597831272,0.07752299149937292,False,False,False,8,False
test,2a0fa6741aab1f723a7eeaaf58fda1e4,2,3,0.7325052123859683,0.7561214708571518,0.023616258471183427,True,True,False,0,True
test,2a0fa6741aab1f723a7eeaaf58fda1e4,3,3,0.7325052123859683,0.8009530597731955,0.0684478473872272,True,True,False,0,True
valid,175e57b0e30236d6cff85c13372a5592,2,2,0.3523459216889554,0.44351336139489594,0.09116743970594055,False,True,True,0,True
valid,54b4da510fed5dc3cf3e7a8e50a5f224,2,3,0.5101993276400694,0.5953836995973499,0.08518437195728057,True,True,False,10,False
valid,54b4da510fed5dc3cf3e7a8e50a5f224,3,3,0.5101993276400694,0.6076125500034761,0.09741322236340677,True,True,False,10,False
valid,c3d5f2db50cfc2b9526cff19df97ee48,2,4,0.5047953788187534,0.6232066217450745,0.1184112429263211,True,True,False,0,True
valid,c3d5f2db50cfc2b9526cff19df97ee48,3,4,0.5047953788187534,0.6078523588866912,0.10305698006793784,True,True,False,0,True
valid,c3d5f2db50cfc2b9526cff19df97ee48,4,4,0.5047953788187534,0.6078523588866912,0.10305698006793784,True,True,False,0,True
valid,5610a4bcd7718bcf354c5d0ac3575d2e,2,2,0.4124219399394987,0.5725637699018951,0.16014182996239634,False,True,True,0,True
valid,2f5e702c70321e3f1aea2611b6e240a2,2,2,0.4477249713322996,0.5976644856509943,0.14993951431869468,True,True,False,0,True
test,bac4595733cd0e89158cb02bebbf6352,2,2,0.5239586040011806,0.6994677393661767,0.17550913536499613,True,True,False,1,False
test,b69757ea131affc405c02bb3b04e9a69,2,2,0.40209755647662504,0.5585776144086587,0.15648005793203368,False,True,True,9,False
test,e857ba066536e2879870375314953dac,2,4,0.4263092853857683,0.5907277684142178,0.16441848302844952,False,True,True,0,True
test,e857ba066536e2879870375314953dac,3,4,0.4263092853857683,0.6126043941880904,0.18629510880232214,False,True,True,0,True
test,e857ba066536e2879870375314953dac,4,4,0.4263092853857683,0.6126043941880904,0.18629510880232214,False,True,True,0,True
test,d12bd41a85b974ae688d89083c5dc77c,2,2,0.35721284703778555,0.6352987314519862,0.2780858844142007,False,True,True,8,False
valid,a272afa0c4a0a64bfd221905405bd452,2,5,0.3405647696828583,0.4133599675649756,0.0727951978821173,False,False,False,0,True
valid,a272afa0c4a0a64bfd221905405bd452,3,5,0.3405647696828583,0.43598659196268774,0.09542182227982943,False,False,False,0,True
valid,a272afa0c4a0a64bfd221905405bd452,4,5,0.3405647696828583,0.43535487158674135,0.09479010190388304,False,False,False,0,True
valid,a272afa0c4a0a64bfd221905405bd452,5,5,0.3405647696828583,0.43535487158674135,0.09479010190388304,False,False,False,0,True
test,c4c643aeb02923c77740ba7cd42005bb,2,2,0.630068066784016,0.5988275335668695,-0.031240533217146482,True,True,False,0,True
test,5e724a9bb565d4ccd9078fec28d4fdc8,2,2,0.44332980076991546,0.6173109872212441,0.17398118645132865,True,True,False,1,False
test,41656e5eacc8e9cc1efe1609ea2eb0ba,2,2,0.5055776486987491,0.6831884932235852,0.1776108445248361,True,True,False,3,False
test,f790f7c7d494562bf4166768abbb9d94,2,3,0.4797021041535481,0.6123534104829427,0.1326513063293946,True,True,False,0,True
test,f790f7c7d494562bf4166768abbb9d94,3,3,0.4797021041535481,0.6309989533492656,0.1512968491957175,True,True,False,0,True
valid,8e287e7d7db7206c7a9d0184e97014ad,2,2,0.6454425064080156,0.7795537600307418,0.13411125362272625,True,True,False,0,True
valid,62f27dae9fe200c98b311e6843dcbf49,2,2,0.45020732490619453,0.6147104820893694,0.16450315718317488,True,True,False,0,True
test,a4425e2bccba621150a07a685cf063be,2,2,0.5047459590363519,0.6384745558748102,0.13372859683845828,True,True,False,0,True
valid,92fcd62874365e840d925ae2fa2e06fd,2,2,0.4294926143508614,0.6097373298479531,0.18024471549709176,False,True,True,0,True
test,f8e6ae30ab6c20f60adbbadd23f81ca3,2,2,0.44535635884680924,0.5585225100408323,0.11316615119402307,True,True,False,0,True
test,1a3f925f36cd0be140285b3a6974baee,2,2,0.3909907840740777,0.5622813357314067,0.17129055165732898,False,True,True,0,True
test,885f4a8f1339042f54f941de2e64a11e,2,2,0.42933963514923035,0.6202270969415704,0.19088746179234006,False,True,True,0,True
test,b95ee76467f40a43ca737b18839d83d6,2,2,0.5030788820981453,0.6539950975084325,0.1509162154102872,True,True,False,0,True
test,c950a394ee0369c853e3a1a55090e287,2,3,0.5427798925474412,0.5062919524576959,-0.03648794008974532,True,True,False,0,True
test,c950a394ee0369c853e3a1a55090e287,3,3,0.5427798925474412,0.5532044839958901,0.010424591448448872,True,True,False,0,True
test,984b33682c48ca8bfd773ebdfd0161fe,2,2,0.438372763122185,0.50313406168823,0.06476129856604507,False,True,True,14,False
valid,156242b49774cc67b7917c512bc128dd,2,2,0.48039098434056693,0.6053663203110631,0.12497533597049615,True,True,False,0,True
test,3e9bdc72197be8d2881273a27efc207d,2,6,0.41400336255486636,0.5440627666479669,0.13005940409310057,False,True,True,0,True
test,3e9bdc72197be8d2881273a27efc207d,3,6,0.41400336255486636,0.5470754454578288,0.13307208290296246,False,True,True,0,True
test,3e9bdc72197be8d2881273a27efc207d,4,6,0.41400336255486636,0.5470754454578288,0.13307208290296246,False,True,True,0,True
test,3e9bdc72197be8d2881273a27efc207d,5,6,0.41400336255486636,0.5415919025663508,0.12758854001148445,False,True,True,0,True
test,3e9bdc72197be8d2881273a27efc207d,6,6,0.41400336255486636,0.5415919025663508,0.12758854001148445,False,True,True,0,True
valid,a328c24c32a2e3815402210e8bb95c5d,2,2,0.5597217972342722,0.6301278268921033,0.07040602965783116,True,True,False,0,True
test,765054a31662ba89ea874067464f50e3,2,2,0.4984804479454652,0.6025601224957269,0.10407967455026168,True,True,False,0,True
test,e6fd9f0475405c18cd73f21ec473814a,2,2,0.3472759857796316,0.6190359811633881,0.2717599953837565,False,True,True,10,False
test,74414263bc2db93856b800f04ded2cab,2,2,0.4152491780053946,0.508787160009366,0.09353798200397134,False,True,True,11,False
test,430f5ce743fcb253ce569ccad8590f05,2,2,0.4877559206832838,0.7249786021384119,0.23722268145512815,True,True,False,0,True
valid,f2c623a58d325d304d567e2271dda299,2,2,0.332487836125128,0.5198238892640688,0.18733605313894075,False,True,True,0,True
test,2a6d616eaf63de4f52782d2df79f405b,2,2,0.4790664869375383,0.6057355706485179,0.12666908371097962,True,True,False,6,False
test,c53b00321eff208e49b227422eec57d0,2,2,0.3875742266642419,0.5631322040022966,0.17555797733805467,False,True,True,6,False
valid,f793221c7202ab7ce7e593ca2e03f073,2,3,0.4646748343897765,0.5847220065821782,0.12004717219240169,True,True,False,0,True
valid,f793221c7202ab7ce7e593ca2e03f073,3,3,0.4646748343897765,0.5310372611958665,0.06636242680608995,True,True,False,0,True
test,9e020562e720fd5b4120ccc4ae0132ef,2,2,0.32383811824059305,0.46294553881206346,0.1391074205714704,False,True,True,0,True
test,bb8b33cf13619f7da613f72bb3bbc849,2,2,0.3385297754725335,0.5106063368464304,0.17207656137389693,False,True,True,0,True
test,f8571f355da1f3a55b8e264558e8e1f9,2,3,0.4079759755636645,0.5394739682028685,0.13149799263920403,False,True,True,0,True
test,f8571f355da1f3a55b8e264558e8e1f9,3,3,0.4079759755636645,0.6189569792752749,0.21098100371161044,False,True,True,0,True
test,09d048d5bfb9dd1a82f696ce9863e9b0,2,2,0.532962968786668,0.6838600872757108,0.15089711848904275,True,True,False,0,True
valid,04304d72305054a178c81ab24c4d2d68,2,3,0.5355315774719952,0.6695247009188103,0.13399312344681513,True,True,False,0,True
valid,04304d72305054a178c81ab24c4d2d68,3,3,0.5355315774719952,0.6872661917765424,0.15173461430454716,True,True,False,0,True
test,14be6c27cfb9d577528738b7bb45139e,2,5,0.39316338482452673,0.5857589073273974,0.1925955225028707,False,True,True,0,True
test,14be6c27cfb9d577528738b7bb45139e,3,5,0.39316338482452673,0.6103573792784923,0.2171939944539656,False,True,True,0,True
test,14be6c27cfb9d577528738b7bb45139e,4,5,0.39316338482452673,0.6103573792784923,0.2171939944539656,False,True,True,0,True
test,14be6c27cfb9d577528738b7bb45139e,5,5,0.39316338482452673,0.6058659694516833,0.21270258462715652,False,True,True,0,True
valid,ccaafa8bd853d25f4e7b1fb18f97e719,2,2,0.42050533035314797,0.4454374228085437,0.024932092455395738,False,True,True,0,True
test,57135998a968ee37a773daabc8afdade,2,2,0.46280412571344687,0.6191421715445138,0.15633804583106692,True,True,False,7,False
test,8dc71d90daff59b6abf5eba2e80fa928,2,2,0.47112255282173987,0.7141615451148117,0.2430389922930718,True,True,False,11,False
valid,b785c9a36593879a9109ad7539f2467c,2,2,0.47130945239921185,0.7105713253411762,0.23926187294196433,True,True,False,13,False
test,66f44b9f776c56e0fd75fc15a7ee1cc1,2,3,0.5261256682708676,0.6562055343774988,0.13007986610663125,True,True,False,0,True
test,66f44b9f776c56e0fd75fc15a7ee1cc1,3,3,0.5261256682708676,0.6335562782908852,0.10743061002001764,True,True,False,8,False
test,a29e4c7eb0774544c4558ec64d9e9481,2,3,0.433100296209989,0.5574074936507232,0.12430719744073415,False,True,True,0,True
test,a29e4c7eb0774544c4558ec64d9e9481,3,3,0.433100296209989,0.5695391999950697,0.13643890378508072,False,True,True,0,True
test,0bcbcc3e0a09b3f6a9495de35f452616,2,2,0.5029678285779915,0.6475473742820677,0.14457954570407616,True,True,False,0,True
valid,23f098e532da469bf9f45d52c5d16d10,2,2,0.5028805803360258,0.5875372344712735,0.0846566541352477,True,True,False,5,False
valid,e8d859ca02a01790e391ba21fe50b27a,2,2,0.42119949497176834,0.5141569431931312,0.09295744822136287,False,True,True,0,True
valid,c48b937c24e7b161a3685f1a8bc963b7,2,2,0.38017726466104385,0.555382321890771,0.17520505722972712,False,True,True,8,False
test,047e0e88828680c6cd9c476d555823e2,2,2,0.3804288958768961,0.6896851669745585,0.3092562710976624,False,True,True,13,False
test,09854629eee79bc8d606247198ae822b,2,2,0.4112507345190569,0.6095254341259762,0.19827469960691924,False,True,True,10,False
valid,3b2285d4d80f742f34cc959e041722a9,2,2,0.7508991715489595,0.6886748860760118,-0.06222428547294767,True,True,False,9,False
test,640d4902b5f77f0c87caeb40fbf900ed,2,2,0.3421832495952586,0.5507205440859577,0.20853729449069913,False,True,True,0,True
valid,163fcb371458c9705276afbd04c365ce,2,2,0.3463603080623785,0.5352991629394079,0.18893885487702944,False,True,True,0,True
test,3e69c99cf58356667fdbd6b7ab0c1e35,2,3,0.43754178515512543,0.7059414658560932,0.26839968070096776,False,True,True,4,False
test,3e69c99cf58356667fdbd6b7ab0c1e35,3,3,0.43754178515512543,0.7329026560589363,0.2953608709038109,False,True,True,4,False
test,ad33ed1fc2b45e7f714e3cec25e31334,2,2,0.5107233400400139,0.6594057782508725,0.1486824382108587,True,True,False,0,True
test,e2d992dfb23aa5b768db449b84b8200b,2,5,0.5196742346998081,0.6571776726409231,0.13750343794111497,True,True,False,0,True
test,e2d992dfb23aa5b768db449b84b8200b,3,5,0.5196742346998081,0.654163207303536,0.13448897260372794,True,True,False,0,True
test,e2d992dfb23aa5b768db449b84b8200b,4,5,0.5196742346998081,0.654163207303536,0.13448897260372794,True,True,False,0,True
test,e2d992dfb23aa5b768db449b84b8200b,5,5,0.5196742346998081,0.660734224062108,0.1410599893622999,True,True,False,0,True
test,9f9d2b35ac2defefacb5c123b82b2223,2,3,0.4389932235471965,0.5873100719848028,0.14831684843760629,False,True,True,0,True
test,9f9d2b35ac2defefacb5c123b82b2223,3,3,0.4389932235471965,0.6370935794157643,0.19810035586856778,False,True,True,0,True
test,24536ae68dcaea969641d76fc4cc5e4a,2,3,0.4025498151481042,0.4452207051911776,0.04267089004307345,False,True,True,0,True
test,24536ae68dcaea969641d76fc4cc5e4a,3,3,0.4025498151481042,0.5211210168924896,0.1185712017443854,False,True,True,0,True
test,f9df206bb22d417017b52ddef1c2795e,2,2,0.5270106939417663,0.7227694495176168,0.19575875557585054,True,True,False,0,True
test,c26ab0b30d07987314b27778194f020b,2,6,0.4776905396786031,0.628792876206443,0.1511023365278399,True,True,False,0,True
test,c26ab0b30d07987314b27778194f020b,3,6,0.4776905396786031,0.6507840766134119,0.17309353693480878,True,True,False,0,True
test,c26ab0b30d07987314b27778194f020b,4,6,0.4776905396786031,0.6629910835453701,0.18530054386676698,True,True,False,0,True
test,c26ab0b30d07987314b27778194f020b,5,6,0.4776905396786031,0.6629910835453701,0.18530054386676698,True,True,False,0,True
test,c26ab0b30d07987314b27778194f020b,6,6,0.4776905396786031,0.6629910835453701,0.18530054386676698,True,True,False,0,True
test,3ebc89671e73c92c14dfd3e9d6af7bda,2,2,0.4118272765470179,0.5863186753621958,0.17449139881517794,False,True,True,0,True
valid,0c7f78afde3e635c59eef76c3f1a5ea5,2,2,0.4204599813837304,0.47485495739993744,0.05439497601620702,False,True,True,0,True
test,0ff2dbf70542c665c17ad70b80d48a46,2,2,0.43587359492803845,0.5971879137856098,0.1613143188575713,False,True,True,0,True
test,ba74b533eba0ad83712143867cf0d33a,2,2,0.2354508317964391,0.3979761487231579,0.1625253169267188,False,False,False,0,True
test,8fa4c1bf3c1b27d1349e2aa934aed53f,2,2,0.45519697951774385,0.5407812414184245,0.08558426190068069,True,True,False,0,True
test,854d6cba56286c80ffabfa9883d35006,2,2,0.45796954054547445,0.6643824126247725,0.20641287207929804,True,True,False,0,True
test,27bc27fbc876aa11a925efac34583f63,2,2,0.5266166775845365,0.7041279707792172,0.17751129319468073,True,True,False,0,True
test,93b06656d7999e4508fb835a56f85d69,2,2,0.6835014762806649,0.6838874055405799,0.0003859292599149855,True,True,False,0,True
test,458c3becc527a774b463c7beaa28b105,2,2,0.2609613390347162,0.5439627931079025,0.28300145407318633,False,True,True,10,False
test,73cb420370a44a68c6aa184d54b0bc19,2,2,0.4471708026247281,0.6644305427284728,0.21725974010374471,True,True,False,0,True
valid,1a8d9ee4ef14ca8feb96e914f51b9397,2,2,0.38884188241026474,0.5497688383899824,0.16092695597971762,False,True,True,0,True
test,9df989b3f2e35193ee15acb0a5c6964c,2,2,0.5412006453868489,0.7049221619268646,0.16372151654001577,True,True,False,0,True
test,c2bce329663d32641334c53c60a3a1a5,2,2,0.5644152788593235,0.7683002639171067,0.20388498505778319,True,True,False,0,True
valid,1f63547f5743b270843ccf840f00108a,2,2,0.5372953080166583,0.6107481761648317,0.07345286814817342,True,True,False,1,False
valid,58683439e5d8a39e9b0a7c4b2f1ff8c2,2,3,0.5129220020763781,0.6924797161680157,0.17955771409163768,True,True,False,0,True
valid,58683439e5d8a39e9b0a7c4b2f1ff8c2,3,3,0.5129220020763781,0.694599616263391,0.1816776141870129,True,True,False,0,True
test,bcd881f346c66116b4cf838352ea8eaa,2,2,0.431559191726549,0.6349088186014895,0.20334962687494051,False,True,True,0,True
valid,357b4b724bbf34f1d64b1c5dfdc88120,2,2,0.5087318327861707,0.5777613697467399,0.06902953696056913,True,True,False,0,True
test,abd7d619de0d42df3a64707190c05bb6,2,3,0.6906466849182478,0.7593413280809955,0.06869464316274776,True,True,False,0,True
test,abd7d619de0d42df3a64707190c05bb6,3,3,0.6906466849182478,0.7697650589918815,0.07911837407363376,True,True,False,0,True
test,829f21ada22c20b2a15c75f8b63a0533,2,2,0.5622622142028768,0.585814213542939,0.023551999340062246,True,True,False,12,False
test,78b1c0f489ac4c36072ce8ebdedbfa3d,2,2,0.38222595194012265,0.472668014004896,0.09044206206477334,False,True,True,0,True
valid,25cb912c6742e486c6988aaf2c8f221b,2,2,0.4619360092742285,0.5696796239858655,0.10774361471163696,True,True,False,0,True
valid,2cfbf3ae48a6f2a46384be9fbdf8c9ff,2,2,0.5167286769519126,0.6349421621015415,0.11821348514962893,True,True,False,0,True
test,1cb61aaa63135f552055cf1932adf3be,2,4,0.4666173780748819,0.6465585034197723,0.17994112534489037,True,True,False,6,False
test,1cb61aaa63135f552055cf1932adf3be,3,4,0.4666173780748819,0.6861010600352699,0.21948368196038803,True,True,False,6,False
test,1cb61aaa63135f552055cf1932adf3be,4,4,0.4666173780748819,0.6726156231142538,0.20599824503937192,True,True,False,0,True
test,cc22d342af66b831ad0992a27a18277d,2,2,0.5784810452680331,0.7055161127995915,0.12703506753155835,True,True,False,1,False
valid,1916f29d84d0c59dba74b70880457a8c,2,2,0.48647012295035674,0.6269493891914104,0.14047926624105367,True,True,False,0,True
valid,b14149872b01643d235710d4a84d55da,2,2,0.5407689446050217,0.6601574260585754,0.11938848145355374,True,True,False,0,True
test,a39f565fb24832fec6f96a476444b02b,2,2,0.41205233822809806,0.6671508034774366,0.25509846524933855,False,True,True,16,False
valid,723a7113ee372c5f0ce268c48dfc2c21,2,2,0.4045856784772923,0.5753222307601285,0.17073655228283613,False,True,True,9,False
test,b1d7c597db58fbca7060fcf79541ea64,2,2,0.6585285136057784,0.5831381169785876,-0.07539039662719071,True,True,False,13,False
valid,523c6b536c4f27d8fbd3b1ca5975bc6e,2,2,0.40134061614769434,0.4810723743899401,0.07973175824224576,False,True,True,0,True
test,ed241a40fbcff0bd9429886e4b20f142,2,2,0.29162793267020115,0.5839211369610218,0.2922932042908206,False,True,True,5,False
test,75442ec654c06e80d22adfa998464320,2,2,0.3981321889859517,0.7295012035335491,0.3313690145475974,False,True,True,0,True
valid,fcf235b93f4a81b6f5125059c9793465,2,3,0.5505008095094651,0.680470754921451,0.12996994541198592,True,True,False,5,False
valid,fcf235b93f4a81b6f5125059c9793465,3,3,0.5505008095094651,0.7038369858670953,0.1533361763576302,True,True,False,5,False
valid,2a4e1bbe60decb8ee2aec1063f4607c8,2,2,0.5450603643190182,0.6299440241700862,0.08488365985106805,True,True,False,0,True
valid,9b0e950bc353338db67ae2750d202ca3,2,2,0.42167525986848375,0.49470103166425905,0.0730257717957753,False,True,True,0,True
test,455283c5e3bdcef4ead05938fa665e79,2,2,0.6630289303295626,0.6035697946122134,-0.059459135717349176,True,True,False,0,True
test,062b06f0cb6f133e2b963e4947345e17,2,2,0.4276181990699871,0.5796679725019211,0.15204977343193404,False,True,True,0,True
test,12c03d5b5ba9badd6cc9bf90f981ca92,2,2,0.4647805720047722,0.5324096182200663,0.06762904621529409,True,True,False,10,False
test,0e1ddbe485dfa358d24e22e5394d0484,2,2,0.41420210456026985,0.599891742346035,0.1856896377857652,False,True,True,10,False
test,2edcf6adbf3719366560d6863cb28799,2,4,0.4747699901109441,0.6639334151682723,0.1891634250573282,True,True,False,0,True
test,2edcf6adbf3719366560d6863cb28799,3,4,0.4747699901109441,0.6646622657842847,0.18989227567334055,True,True,False,5,False
test,2edcf6adbf3719366560d6863cb28799,4,4,0.4747699901109441,0.6749265895897764,0.20015659947883224,True,True,False,5,False
valid,9ddcbdcbc4aaaf0fb65bd81df074f5a8,2,2,0.5734621973372707,0.5772684380436104,0.0038062407063397252,True,True,False,7,False
valid,3e9bba03e932414fa3ebd2ae83a0cffa,2,2,0.5118811952281066,0.6328662400940703,0.12098504486596373,True,True,False,0,True
test,f5967f0a9a614d8ccb6b2c1c16bde5ed,2,4,0.5111583600243552,0.6571706296526474,0.14601226962829217,True,True,False,0,True
test,f5967f0a9a614d8ccb6b2c1c16bde5ed,3,4,0.5111583600243552,0.6690401113831408,0.15788175135878557,True,True,False,0,True
test,f5967f0a9a614d8ccb6b2c1c16bde5ed,4,4,0.5111583600243552,0.6690401113831408,0.15788175135878557,True,True,False,0,True
valid,fe540b103b9d1731fb8941c5ed067ccf,2,2,0.3145841438029202,0.36925484085568394,0.05467069705276373,False,False,False,0,True
valid,573cdc3b8d7f43d865aba5fbbc888802,2,2,0.5001112035226727,0.611709491733672,0.11159828821099926,True,True,False,0,True
test,d4236cd9c71d25ffcca42552d55db6f3,2,4,0.6305507569496978,0.6449971577760545,0.014446400826356731,True,True,False,0,True
test,d4236cd9c71d25ffcca42552d55db6f3,3,4,0.6305507569496978,0.6919265687348577,0.06137581178515994,True,True,False,0,True
test,d4236cd9c71d25ffcca42552d55db6f3,4,4,0.6305507569496978,0.6991881431535063,0.06863738620380855,True,True,False,11,False
valid,656689d74b6f04ec228f13e98fc9b15b,2,5,0.5802704316942552,0.639115294131551,0.05884486243729581,True,True,False,0,True
valid,656689d74b6f04ec228f13e98fc9b15b,3,5,0.5802704316942552,0.6938084949687013,0.11353806327444615,True,True,False,0,True
valid,656689d74b6f04ec228f13e98fc9b15b,4,5,0.5802704316942552,0.7032192780503277,0.1229488463560725,True,True,False,0,True
valid,656689d74b6f04ec228f13e98fc9b15b,5,5,0.5802704316942552,0.7032192780503277,0.1229488463560725,True,True,False,0,True
test,6590f1ba60504cc128e446309ae6bfbf,2,3,0.37431254685147586,0.5614973537181053,0.18718480686662942,False,True,True,0,True
test,6590f1ba60504cc128e446309ae6bfbf,3,3,0.37431254685147586,0.6095485715901701,0.2352360247386942,False,True,True,0,True
test,4940a0d55a6bbecd485a780083cf349e,2,2,0.47608064171270914,0.669540266913476,0.19345962520076687,True,True,False,8,False
test,019bdbaef5b5121c9b1811976aa510a5,2,2,0.5005830225549104,0.6535021783030373,0.15291915574812687,True,True,False,0,True
test,1bbc88b68b941f9352e624b4ee9ae132,2,2,0.4342573315296281,0.6204505445619746,0.18619321303234648,False,True,True,0,True
valid,e1bc1083cd7acd30d0576335373b907d,2,4,0.49413002447831944,0.5979582057569188,0.10382818127859939,True,True,False,0,True
valid,e1bc1083cd7acd30d0576335373b907d,3,4,0.49413002447831944,0.6332459813157694,0.13911595683744993,True,True,False,0,True
valid,e1bc1083cd7acd30d0576335373b907d,4,4,0.49413002447831944,0.6505478767696896,0.15641785229137017,True,True,False,0,True
test,1ddab242ec2aa2eb0c3c44bf6002dfe9,2,2,0.44217067190568604,0.6522431530446358,0.21007248113894972,True,True,False,6,False
valid,5e55906e7304b26321bddd2cc7c89680,2,2,0.508469397597211,0.6209346923034136,0.11246529470620259,True,True,False,0,True
test,0c7c52a4d8b572ef9b01e3cdd38288e6,2,2,0.4936631097277684,0.7042518946727908,0.21058878494502242,True,True,False,0,True
valid,32a0d90ee681f59e353de7e3a1b46fb4,2,2,0.368770142079514,0.3891879886024938,0.020417846522979843,False,False,False,0,True
valid,168bda17add369de7d250129f41c6fb2,2,3,0.5272873081912022,0.656722726565786,0.12943541837458383,True,True,False,1,False
valid,168bda17add369de7d250129f41c6fb2,3,3,0.5272873081912022,0.7137912677340812,0.18650395954287902,True,True,False,0,True
test,cd693dfb1e36f241134f4ed028b11a71,2,2,0.5703550382762217,0.6532270034363051,0.08287196516008344,True,True,False,0,True
test,7589a45ee0f486fadca379c4e32425cc,2,2,0.3594521433644514,0.44666193014590827,0.08720978678145686,False,True,True,0,True
test,b6b9f5144b004ad3db40567cdce34811,2,2,0.4919170977804431,0.6893283244524351,0.19741122667199196,True,True,False,0,True
test,9778dcf3aedc74a5185d423586877952,2,2,0.22096231443755399,0.3868955319336821,0.1659332174961281,False,False,False,0,True
test,b5c4393e0fffc94526b88d47d09dabe3,2,2,0.5231723887010137,0.6888244280559956,0.16565203935498196,True,True,False,6,False
test,122c60ae49f0127364cf459be8e48072,2,2,0.5273550287583928,0.7042543065026807,0.17689927774428793,True,True,False,6,False
valid,7186ea4d77cf76753cfe3399c39b5b42,2,2,0.390977897871016,0.5210920989320822,0.1301142010610662,False,True,True,0,True
test,75bd7a3255b9a2efed8a2673eb31f2b3,2,2,0.42118468198329706,0.5545394810544695,0.13335479907117243,False,True,True,0,True
test,5b9a0e4cbfc2d6a1347472c847a4a4e1,2,4,0.4889239611274939,0.5574396656830017,0.06851570455550782,True,True,False,15,False
test,5b9a0e4cbfc2d6a1347472c847a4a4e1,3,4,0.4889239611274939,0.6819478106054573,0.19302384947796336,True,True,False,4,False
test,5b9a0e4cbfc2d6a1347472c847a4a4e1,4,4,0.4889239611274939,0.700145702574429,0.21122174144693506,True,True,False,4,False
valid,b56383d16b2ecad95ab7737504e59d49,2,2,0.3627541484762181,0.45020286468534565,0.08744871620912753,False,True,True,8,False
test,95dc0bd3155ab8bbe4d5076ea9658805,2,2,0.5099550830034443,0.6535112940196985,0.14355621101625426,True,True,False,10,False
valid,6574995f241f25d2de43c86d1031680a,2,2,0.5175984695496818,0.6322630250571826,0.11466455550750076,True,True,False,0,True
valid,dc34d61bf65f9f7362aafd4fdc35d21a,2,2,0.4820786464797776,0.6038678775240204,0.12178923104424277,True,True,False,0,True
test,188dd1b2a12d06a4d0ba5ca87ff47efa,2,4,0.33380588642948816,0.437078193837414,0.10327230740792581,False,False,False,0,True
test,188dd1b2a12d06a4d0ba5ca87ff47efa,3,4,0.33380588642948816,0.4494004487643911,0.11559456233490295,False,True,True,0,True
test,188dd1b2a12d06a4d0ba5ca87ff47efa,4,4,0.33380588642948816,0.446460499509194,0.11265461307970581,False,True,True,0,True
test,e246ff67b33eec076f3bd915835fb531,2,2,0.40894402875456004,0.6131802232479593,0.20423619449339925,False,True,True,2,False
test,02e15a348e5f7ae74cd23e7904095aee,2,2,0.3597712146189431,0.5710234475509937,0.21125223293205053,False,True,True,0,True
test,1fcbc88015c88c1a14d4b8ec35ea8ed7,2,3,0.4626334409016202,0.6851779391567218,0.22254449825510159,True,True,False,12,False
test,1fcbc88015c88c1a14d4b8ec35ea8ed7,3,3,0.4626334409016202,0.6506675269098396,0.18803408600821947,True,True,False,10,False
valid,2bac0e4ee630644314f550d7c72906b2,2,2,0.4943664736564607,0.6050568799273668,0.1106904062709061,True,True,False,0,True
test,4e72ed892eda314d6c577450f3213a14,2,2,0.7002103621832073,0.6484991264584927,-0.05171123572471459,True,True,False,0,True
test,3d9650eb93f7e3a88b65616691a0126b,2,2,0.5033147740251473,0.6835696213648246,0.18025484733967723,True,True,False,0,True
test,38878bafc676263af50211706ab39e7c,2,2,0.6090210390623763,0.7264490982246258,0.11742805916224952,True,True,False,3,False
test,85829f8289bff10de3c2cd62170d670f,2,2,0.43449939755835143,0.5170857928112251,0.0825863952528737,False,True,True,0,True
test,5deb9cf8f8484f3e136ebc956d569aaf,2,2,0.4387672975010475,0.6182107529364869,0.17944345543543938,False,True,True,1,False
valid,335a2e98058fdc2ff97c02856d53a76e,2,2,0.1920715176821649,0.253910810227606,0.06183929254544107,False,False,False,2,False
test,60ad53dedac42939d7f388d9533d29ed,2,2,0.516807013207952,0.6549958608364399,0.13818884762848793,True,True,False,0,True
test,58cf4bf760edf8c8fd391eb871b0eaa4,2,2,0.49757322380246116,0.6733186109627789,0.17574538716031773,True,True,False,3,False
test,5d169e74fbced395f079ddcc33445dc1,2,4,0.40521216258192494,0.6118720614361155,0.20665989885419056,False,True,True,0,True
test,5d169e74fbced395f079ddcc33445dc1,3,4,0.40521216258192494,0.6273552146606067,0.2221430520786818,False,True,True,0,True
test,5d169e74fbced395f079ddcc33445dc1,4,4,0.40521216258192494,0.6273552146606067,0.2221430520786818,False,True,True,0,True
test,8f53771a7fcdba0c4033c969cda4724c,2,2,0.367772129591066,0.5807939279421099,0.21302179835104396,False,True,True,0,True
valid,8f5817567870050244ea3c3365cb3e4b,2,2,0.5655876807654172,0.7353622732818375,0.16977459251642024,True,True,False,6,False
valid,e18be83c4a3b99b4eab98b64ae5bee5b,2,2,0.7042831309894442,0.6296229898425438,-0.07466014114690034,True,True,False,0,True
test,9d817e85739426de1efcd842ee59cbd1,2,3,0.6393134758360136,0.7098329002534693,0.07051942441745573,True,True,False,9,False
test,9d817e85739426de1efcd842ee59cbd1,3,3,0.6393134758360136,0.7048411290387488,0.06552765320273524,True,True,False,12,False
test,1f1ee480dfe62c3f7ab8829405e075c1,2,2,0.4135554924587982,0.5324598130300999,0.11890432057130174,False,True,True,0,True
valid,ac2dcc9201c601c1030aa6daa7337f95,2,2,0.584502450681754,0.5760361684874449,-0.008466282194309116,True,True,False,14,False
test,f77d6449700df86a91049fdf2bb2e7f5,2,4,0.38154890128948216,0.5423158448246599,0.16076694353517773,False,True,True,0,True
test,f77d6449700df86a91049fdf2bb2e7f5,3,4,0.38154890128948216,0.5862763483738201,0.204727447084338,False,True,True,0,True
test,f77d6449700df86a91049fdf2bb2e7f5,4,4,0.38154890128948216,0.5862763483738201,0.204727447084338,False,True,True,0,True
test,3aae5f4d2c104f1d6f7620143be23d7f,2,2,0.5522958195282747,0.6824900122647458,0.13019419273647115,True,True,False,0,True
test,e0d4f16621f76377959e79ecd61f69cb,2,3,0.6999023480813045,0.6499522243236848,-0.04995012375761965,True,True,False,5,False
test,e0d4f16621f76377959e79ecd61f69cb,3,3,0.6999023480813045,0.719355034811421,0.019452686730116575,True,True,False,4,False
test,ba0bb30d772cfeebd2419935f389cb2e,2,2,0.5577602260264205,0.7370740082236086,0.17931378219718808,True,True,False,0,True
test,ed657707e074ec97427d985ed5c4d21f,2,2,0.6814682179567944,0.6924037480628196,0.010935530106025215,True,True,False,9,False
test,ea474c05d2d047ae89d4469f3320a4e1,2,2,0.5234197217225753,0.7106612381907402,0.1872415164681649,True,True,False,1,False
test,8339b608be0d84fca9d8da68b58332c3,2,6,0.566582311112279,0.7329676850497657,0.16638537393748676,True,True,False,0,True
test,8339b608be0d84fca9d8da68b58332c3,3,6,0.566582311112279,0.7580145059392512,0.19143219482697227,True,True,False,0,True
test,8339b608be0d84fca9d8da68b58332c3,4,6,0.566582311112279,0.7689038566831565,0.20232154557087756,True,True,False,0,True
test,8339b608be0d84fca9d8da68b58332c3,5,6,0.566582311112279,0.776950253629562,0.21036794251728308,True,True,False,0,True
test,8339b608be0d84fca9d8da68b58332c3,6,6,0.566582311112279,0.776950253629562,0.21036794251728308,True,True,False,0,True
valid,1b32d4a12472b702c651faa43a947179,2,3,0.6242368780979264,0.4278458424594398,-0.1963910356384866,True,False,False,6,False
valid,1b32d4a12472b702c651faa43a947179,3,3,0.6242368780979264,0.4571842496350431,-0.16705262846288327,True,True,False,6,False
test,b2642502bf8864ede538c80b67275178,2,2,0.40067323228521345,0.5542071692892534,0.15353393700403994,False,True,True,0,True
test,eef9ed469692b10f7592bb267b18976b,2,3,0.4791154034296854,0.6486530961891113,0.16953769275942587,True,True,False,4,False
test,eef9ed469692b10f7592bb267b18976b,3,3,0.4791154034296854,0.6800660236546099,0.2009506202249245,True,True,False,1,False
test,9d2bdda2af62f91df2492e397af26e09,2,2,0.345701390475012,0.5424610243909811,0.19675963391596907,False,True,True,0,True
test,7c91640daf4cb53f476cd9db5eb0baf5,2,2,0.36769142507962604,0.46423830998205406,0.09654688490242802,False,True,True,0,True
valid,a7ed23d882841ee3a577ba96773a88e0,2,3,0.4490270963589701,0.512904149180083,0.06387705282111289,True,True,False,0,True
valid,a7ed23d882841ee3a577ba96773a88e0,3,3,0.4490270963589701,0.5530536918442308,0.10402659548526072,True,True,False,0,True
test,952733b92a94a4d2817cbea6afbc4011,2,2,0.3991148141316645,0.5675589974194425,0.168444183287778,False,True,True,1,False
test,2ed5ded611992c4bf18f7bdd32c66226,2,2,0.4407897496106403,0.6194589765519087,0.1786692269412684,True,True,False,0,True
test,6340bf3e650dce76f15cc110f8135191,2,3,0.4489471800506045,0.5707605200778336,0.1218133400272291,True,True,False,14,False
test,6340bf3e650dce76f15cc110f8135191,3,3,0.4489471800506045,0.5869371410663788,0.13798996101577432,True,True,False,14,False
valid,41a75aec932b24ba50e98ba8b50b625d,2,2,0.7484902031592027,0.6001354000708181,-0.14835480308838456,True,True,False,8,False
test,e9ceeecaa2923bd7ba1ffa607fb0f9fe,2,2,0.7236238545145106,0.6987533690949214,-0.02487048541958925,True,True,False,5,False
valid,25b6ae31ba1a3067f78230921e80422d,2,3,0.37243192697100025,0.46747112126268997,0.09503919429168972,False,True,True,0,True
valid,25b6ae31ba1a3067f78230921e80422d,3,3,0.37243192697100025,0.5989606798966022,0.22652875292560193,False,True,True,5,False
test,4294d6c2b09c5f2438c01b11c91ff7a8,2,2,0.5483194175903912,0.6727936786078312,0.12447426101744008,True,True,False,15,False
valid,b73bbac6285251dbf2dd01842e0ce0de,2,2,0.346117874528154,0.435546503911329,0.08942862938317497,False,False,False,0,True
test,7b214cd39f1ef2aaeb78dbbffc63439d,2,2,0.6992432015531704,0.707515990211145,0.008272788657974539,True,True,False,0,True
valid,ea0cb0894c6a659d699bb55245922682,2,2,0.48811590653004466,0.505651645816357,0.017535739286312357,True,True,False,0,True
test,61fb2aed86c91b61373a6d410b30a860,2,2,0.4120607135767762,0.6133070253604321,0.20124631178365593,False,True,True,0,True
valid,e5d5cc62d5d1e1a4e31d7e581247de3d,2,2,0.40638031893374416,0.5437816264131423,0.13740130747939816,False,True,True,0,True
test,28e6901de8c43147d25ccab786c3f640,2,2,0.300179171155077,0.4977990968196271,0.1976199256645501,False,True,True,0,True
test,c3e965d28e37d80bb60217301e01f67b,2,2,0.43896277806198847,0.5597843059602073,0.12082152789821887,False,True,True,3,False
test,c48a0edfbe31112fc8f48c3acfb42e2b,2,3,0.45200471491644467,0.5408480732911198,0.08884335837467516,True,True,False,0,True
test,c48a0edfbe31112fc8f48c3acfb42e2b,3,3,0.45200471491644467,0.5697913282646709,0.11778661334822627,True,True,False,0,True
test,6a6d3cd77ef3a533edef69dccf6c0de3,2,3,0.5812412833946856,0.6319940182761554,0.05075273488146981,True,True,False,0,True
test,6a6d3cd77ef3a533edef69dccf6c0de3,3,3,0.5812412833946856,0.6948191889418085,0.11357790554712288,True,True,False,0,True
valid,e5d4d06531c0f91fef9b87eb7d3b98dd,2,2,0.5192770852820154,0.6381712710682224,0.11889418578620692,True,True,False,0,True
test,1bb460f1a118ffc0218e3c7e61a59029,2,2,0.5528162817354779,0.7161476797123276,0.1633313979768497,True,True,False,0,True
test,d40956f82498404a78bdefbed0d005b1,2,2,0.3663724482018734,0.4712155708702116,0.10484312266833817,False,True,True,0,True
valid,d3a553b0f57271e7cb7fe426288bcca3,2,2,0.2775903945736725,0.43332003786542284,0.15572964329175032,False,False,False,0,True
valid,1826d3b62380835469288dcc78f382ca,2,2,0.4630601436422136,0.5524729195243683,0.08941277588215468,True,True,False,1,False
test,6441bc5d2c43a0ec4e8fa75d5cca8c02,2,2,0.409109468265233,0.542974152732451,0.133864684467218,False,True,True,0,True
test,73ffc7dbf151bdb28ff40c4206968803,2,3,0.5983835623562749,0.5485812006545758,-0.04980236170169905,True,True,False,0,True
test,73ffc7dbf151bdb28ff40c4206968803,3,3,0.5983835623562749,0.6033762591476148,0.004992696791339957,True,True,False,0,True
test,9a5199b42599c11214ac9f95cfb17043,2,3,0.36277068034010884,0.5897324983840614,0.22696181804395255,False,True,True,0,True
test,9a5199b42599c11214ac9f95cfb17043,3,3,0.36277068034010884,0.6384121638898224,0.2756414835497135,False,True,True,0,True
valid,1f128a92fab0cad4a98cd61be2793d42,2,2,0.43045354827873084,0.510765459361094,0.08031191108236313,False,True,True,0,True
test,523dafc7e66222e30a400621133aca08,2,2,0.5881170341933534,0.7184543174772611,0.1303372832839077,True,True,False,0,True
valid,f9985288469173749a1fd05693c5aa2b,2,3,0.38544288742616417,0.4742518666309221,0.08880897920475794,False,True,True,0,True
valid,f9985288469173749a1fd05693c5aa2b,3,3,0.38544288742616417,0.4931390287008838,0.1076961412747196,False,True,True,0,True
test,f7541ffd5bcc27d83193554028f9127c,2,2,0.4591699235041057,0.5931319682279418,0.1339620447238361,True,True,False,0,True
valid,f3e2f155986b15b3fc25a97303ab4440,2,2,0.3320057697750206,0.4126936301582993,0.08068786038327869,False,False,False,0,True
test,35212d87fef805b15c43b49b69d7a67f,2,2,0.48845115443835097,0.651013959360556,0.16256280492220498,True,True,False,9,False
test,0cfc3c9271c77a02846073d54b147bf6,2,2,0.40050500336760164,0.5435999878098896,0.14309498444228796,False,True,True,0,True
valid,177777137ce0af9e9cd2cff572728cca,2,2,0.3099646539035399,0.3785719185390236,0.06860726463548372,False,False,False,0,True
test,7828e49a0881db0def748546e4b2c8dc,2,2,0.35808062197644264,0.49070040215611055,0.1326197801796679,False,True,True,0,True
test,0466015790ddd0ed7a2e65a6ca039c73,2,2,0.4021558753769693,0.600954927248343,0.1987990518713737,False,True,True,0,True
valid,9f59e3048b31d71c3aeec67a15467426,2,2,0.3737902062805325,0.6505230518743985,0.276732845593866,False,True,True,5,False
valid,7eaf906a67eb432a7736e3affdd3611a,2,2,0.5218057547698214,0.6393461730206013,0.11754041825077988,True,True,False,0,True
test,2cd1462cdfa4e911bdab5084ad3b7f34,2,2,0.379569593366065,0.5145727441527024,0.13500315078663738,False,True,True,0,True
valid,2a20173829ff5bd342163335865aa490,2,4,0.5903658018134963,0.722969681381519,0.13260387956802266,True,True,False,0,True
valid,2a20173829ff5bd342163335865aa490,3,4,0.5903658018134963,0.7217506214741192,0.13138481966062288,True,True,False,0,True
valid,2a20173829ff5bd342163335865aa490,4,4,0.5903658018134963,0.7410690650440788,0.15070326323058247,True,True,False,0,True
test,23b6026f4aa837ed95e0941208f31434,2,2,0.42236944039083146,0.5873629484015228,0.16499350801069135,False,True,True,0,True
valid,fa10306616d50d14bc0545758727f936,2,3,0.48522467253177104,0.507083080606119,0.021858408074347913,True,True,False,0,True
valid,fa10306616d50d14bc0545758727f936,3,3,0.48522467253177104,0.5739012196533821,0.0886765471216111,True,True,False,0,True
valid,a9da0d64f6c4dff3f3f383f6b076b24a,2,2,0.4274528652910865,0.5694967297028499,0.14204386441176342,False,True,True,0,True
test,31472917c2860ed762efd622d5862d88,2,2,0.58670190923146,0.7492237911472404,0.16252188191578032,True,True,False,0,True
valid,e50118751e7505e22fb6491d648be823,2,5,0.7630070553006398,0.8004316729362888,0.03742461763564897,True,True,False,6,False
valid,e50118751e7505e22fb6491d648be823,3,5,0.7630070553006398,0.7917698156170845,0.028762760316444647,True,True,False,6,False
valid,e50118751e7505e22fb6491d648be823,4,5,0.7630070553006398,0.7917698156170845,0.028762760316444647,True,True,False,6,False
valid,e50118751e7505e22fb6491d648be823,5,5,0.7630070553006398,0.6720769866599884,-0.09093006864065145,True,True,False,0,True
valid,c098cba2756a69368af3647513e27a98,2,2,0.45752692839546805,0.3477238393125467,-0.10980308908292136,True,False,False,10,False
valid,122ebb4ea3cb1281899533fc66f7d179,2,2,0.42422894603991723,0.5145000350626664,0.09027108902274916,False,True,True,6,False
test,6ee6c06bb9e001463d8eba71bdfc86a7,2,2,0.5269146485666568,0.7974853833750922,0.2705707348084354,True,True,False,10,False
valid,3a1557b1df85ed91c141834059fa9523,2,2,0.2951988498144066,0.42312947342805485,0.12793062361364826,False,False,False,0,True
test,af4812c0286cb623517321205ffb5d1e,2,2,0.5856405985368889,0.5098682709919485,-0.07577232754494034,True,True,False,0,True
test,d613e5d350507dc43eed8de7ccffdf6a,2,2,0.39465997584721413,0.5987287128701448,0.2040687370229307,False,True,True,0,True
valid,f0635a71f7207aab8ef29df0d1ee7104,2,2,0.3607355991635516,0.4919327328323302,0.1311971336687786,False,True,True,13,False
test,2ae6bf810adb8aa11c97527eb4e62a15,2,2,0.3261277083969656,0.5385916113267855,0.21246390292981987,False,True,True,0,True
test,623906ceb400510974acad2860500532,2,2,0.787936476524201,0.6646871157607794,-0.12324936076342152,True,True,False,6,False
valid,f723300ed4370482630acdfa2d5209a1,2,2,0.34933295883178994,0.4595696167293273,0.11023665789753734,False,True,True,0,True
valid,48f3a0cfae19477fb7c023ef6e092dd1,2,2,0.6989909200598805,0.630066573782293,-0.06892434627758748,True,True,False,16,False
valid,7403ac23ba120fd8567475b2f38bedcc,2,2,0.6594380256768673,0.6199918626194154,-0.039446163057451855,True,True,False,0,True
valid,d0e379ef6e0ea864c470893dbd5da4dd,2,2,0.47876045057443095,0.5580265864216531,0.0792661358472222,True,True,False,5,False
test,62073ec6b54b8e6322037fc0f3591ad3,2,7,0.558795134209279,0.8542771571930582,0.29548202298377924,True,True,False,9,False
test,62073ec6b54b8e6322037fc0f3591ad3,3,7,0.558795134209279,0.6613791207984541,0.10258398658917511,True,True,False,0,True
test,62073ec6b54b8e6322037fc0f3591ad3,4,7,0.558795134209279,0.8614381893115304,0.3026430551022514,True,True,False,9,False
test,62073ec6b54b8e6322037fc0f3591ad3,5,7,0.558795134209279,0.652711632386511,0.09391649817723202,True,True,False,0,True
test,62073ec6b54b8e6322037fc0f3591ad3,6,7,0.558795134209279,0.8614381893115304,0.3026430551022514,True,True,False,9,False
test,62073ec6b54b8e6322037fc0f3591ad3,7,7,0.558795134209279,0.6673625611637186,0.10856742695443966,True,True,False,0,True
valid,473fee9cbbd3ae6985bd086c2da65935,2,2,0.407063333294586,0.5403102505183951,0.1332469172238091,False,True,True,9,False
valid,a249134c21e6cc24928060768941584e,2,2,0.4964462372855364,0.6257946156707601,0.12934837838522373,True,True,False,0,True
valid,1ae8a88bf94d02224f932e18297baa64,2,5,0.64786683181143,0.5316669426861929,-0.11619988912523715,True,True,False,7,False
valid,1ae8a88bf94d02224f932e18297baa64,3,5,0.64786683181143,0.5691764011691485,-0.07869043064228154,True,True,False,0,True
valid,1ae8a88bf94d02224f932e18297baa64,4,5,0.64786683181143,0.527872655442673,-0.11999417636875698,True,True,False,7,False
valid,1ae8a88bf94d02224f932e18297baa64,5,5,0.64786683181143,0.5225579104481783,-0.12530892136325167,True,True,False,7,False
test,fba0d18dccd0e4e88943d84a0f5aa448,2,2,0.6763667499944525,0.6821382874701953,0.005771537475742883,True,True,False,0,True
test,48340ddd156767e80ea7a05abc8a0af4,2,2,0.5329350026368381,0.6316992015772706,0.09876419894043242,True,True,False,0,True
valid,265b8c2415ffccf3e31e5622aa91d95d,2,2,0.4744369587094326,0.5844923544628808,0.11005539575344825,True,True,False,0,True
valid,e55253f870ba00d40f6f01475ceecd3c,2,2,0.38107648341245937,0.5730253348074914,0.19194885139503204,False,True,True,0,True
test,bb8871a92af73ddadeac0531a0787131,2,2,0.48620101612358724,0.6685180200268668,0.18231700390327954,True,True,False,0,True
valid,31a7dd4d08e48968ab49478c64c7075a,2,2,0.43466824673276716,0.526417136235214,0.09174888950244686,False,True,True,0,True
test,240ead1a7284667e0ec71d01f80e4d5e,2,2,0.45553393445713697,0.4859339566506031,0.03040002219346616,True,True,False,0,True
test,7b598857cddf46a156640f69f70a6e6d,2,7,0.4361294124478414,0.5562889136844948,0.12015950123665342,False,True,True,0,True
test,7b598857cddf46a156640f69f70a6e6d,3,7,0.4361294124478414,0.5321410610888502,0.09601164864100875,False,True,True,6,False
test,7b598857cddf46a156640f69f70a6e6d,4,7,0.4361294124478414,0.6858479110734146,0.24971849862557316,False,True,True,6,False
test,7b598857cddf46a156640f69f70a6e6d,5,7,0.4361294124478414,0.5226167597338542,0.08648734728601282,False,True,True,6,False
test,7b598857cddf46a156640f69f70a6e6d,6,7,0.4361294124478414,0.6858479110734146,0.24971849862557316,False,True,True,6,False
test,7b598857cddf46a156640f69f70a6e6d,7,7,0.4361294124478414,0.532095263109789,0.09596585066194763,False,True,True,6,False
valid,659ce33e2ba9b51a83056aaaf3fc92a1,2,2,0.38667806934581883,0.45434712947592626,0.06766906013010743,False,True,True,0,True
valid,34ded2049fc8446ced02a6bd3dcbdab3,2,2,0.5346428520273442,0.6587935229236594,0.12415067089631526,True,True,False,0,True
valid,f73a22bddb155350e16a991b2510fa64,2,2,0.5043657237541991,0.6157701042066293,0.11140438045243017,True,True,False,14,False
test,58edf3f5f282ab91e0f6a6f2b85af02a,2,4,0.4181599449502653,0.6253295945639896,0.2071696496137243,False,True,True,0,True
test,58edf3f5f282ab91e0f6a6f2b85af02a,3,4,0.4181599449502653,0.6547337664036281,0.2365738214533628,False,True,True,0,True
test,58edf3f5f282ab91e0f6a6f2b85af02a,4,4,0.4181599449502653,0.6547337664036281,0.2365738214533628,False,True,True,0,True
valid,a483ffe0ce133740ab12ebcba8a3ccf9,2,10,0.4213029480626085,0.5272527230943128,0.10594977503170433,False,True,True,0,True
valid,a483ffe0ce133740ab12ebcba8a3ccf9,3,10,0.4213029480626085,0.5345016510555234,0.1131987029929149,False,True,True,0,True
valid,a483ffe0ce133740ab12ebcba8a3ccf9,4,10,0.4213029480626085,0.5345016510555234,0.1131987029929149,False,True,True,0,True
valid,a483ffe0ce133740ab12ebcba8a3ccf9,5,10,0.4213029480626085,0.5345016510555234,0.1131987029929149,False,True,True,0,True
valid,a483ffe0ce133740ab12ebcba8a3ccf9,6,10,0.4213029480626085,0.5345016510555234,0.1131987029929149,False,True,True,0,True
valid,a483ffe0ce133740ab12ebcba8a3ccf9,7,10,0.4213029480626085,0.5411584701039918,0.11985552204138328,False,True,True,0,True
valid,a483ffe0ce133740ab12ebcba8a3ccf9,8,10,0.4213029480626085,0.544104159894402,0.12280121183179349,False,True,True,0,True
valid,a483ffe0ce133740ab12ebcba8a3ccf9,9,10,0.4213029480626085,0.5774786883905867,0.1561757403279782,False,True,True,0,True
valid,a483ffe0ce133740ab12ebcba8a3ccf9,10,10,0.4213029480626085,0.5774786883905867,0.1561757403279782,False,True,True,0,True
test,f930a1f6247ed00d6fa9d8a09782c7b4,2,5,0.4810925074451893,0.7780737848592949,0.2969812774141056,True,True,False,4,False
test,f930a1f6247ed00d6fa9d8a09782c7b4,3,5,0.4810925074451893,0.7216938557428585,0.24060134829766922,True,True,False,0,True
test,f930a1f6247ed00d6fa9d8a09782c7b4,4,5,0.4810925074451893,0.7475104449456527,0.2664179375004634,True,True,False,0,True
test,f930a1f6247ed00d6fa9d8a09782c7b4,5,5,0.4810925074451893,0.7475104449456527,0.2664179375004634,True,True,False,0,True
valid,510c4dcf778854ea5671c1eeacf41880,2,2,0.3016562967289478,0.35915198574688856,0.057495689017940776,False,False,False,0,True
test,83db27f85506380229913b0dfdf5cd18,2,2,0.6577154694668701,0.7487026504690998,0.09098718100222969,True,True,False,0,True
valid,11c177c8e97725db2631073c19f07b62,2,2,0.4727742966931008,0.554603073250733,0.08182877655763221,True,True,False,0,True
